tree
version=v4
num_class=1
num_tree_per_iteration=1
label_index=0
max_feature_idx=54
objective=binary sigmoid:1
feature_names=pslist.nproc pslist.nppid pslist.avg_threads pslist.nprocs64bit pslist.avg_handlers dlllist.ndlls dlllist.avg_dlls_per_proc handles.nhandles handles.avg_handles_per_proc handles.nport handles.nfile handles.nevent handles.ndesktop handles.nkey handles.nthread handles.ndirectory handles.nsemaphore handles.ntimer handles.nsection handles.nmutant ldrmodules.not_in_load ldrmodules.not_in_init ldrmodules.not_in_mem ldrmodules.not_in_load_avg ldrmodules.not_in_init_avg ldrmodules.not_in_mem_avg malfind.ninjections malfind.commitCharge malfind.protection malfind.uniqueInjections psxview.not_in_pslist psxview.not_in_eprocess_pool psxview.not_in_ethread_pool psxview.not_in_pspcid_list psxview.not_in_csrss_handles psxview.not_in_session psxview.not_in_deskthrd psxview.not_in_pslist_false_avg psxview.not_in_eprocess_pool_false_avg psxview.not_in_ethread_pool_false_avg psxview.not_in_pspcid_list_false_avg psxview.not_in_csrss_handles_false_avg psxview.not_in_session_false_avg psxview.not_in_deskthrd_false_avg modules.nmodules svcscan.nservices svcscan.kernel_drivers svcscan.fs_drivers svcscan.process_services svcscan.shared_process_services svcscan.interactive_process_services svcscan.nactive callbacks.ncallbacks callbacks.nanonymous callbacks.ngeneric
feature_infos=[21:240] [8:72] [1.6499999999999999:16.727272729999999] none [34.962499999999999:24845.951219999999] [670:3443] [7.3333333329999997:53.116242470000003] [3514:1047310] [71.139240509999993:33784.193550000004] none [266:807008] [966:7892] [22:159] [284:2668] [388:5637] [57:498] [296:4268] [69:382] [50:14687] [118:583] [6:240] [16:264] [6:240] [0.016176471000000001:0.53112033199999997] [0.040525738999999998:0.58506224100000004] [0.016176471000000001:0.53112033199999997] [1:627] [1:220850] [6:3762] [1:90.666666669999998] [0:43] [0:1] [0:201] [0:43] [4:205] [2:45] [4:207] [0:0.55128205100000005] [0:0.043478260999999997] [0:0.83750000000000002] [0:1] [0.025806452000000001:0.85416666699999999] [0.0083333330000000001:0.57692307700000001] [0.043749999999999997:0.86250000000000004] [126:138] [94:395] [55:222] [6:26] [7:27] [26:118] none [30:129] [51:89] [0:1] none
tree_sizes=1949 2382 3341 3468 3468 3483 3462 3475 3467 3479 3475 3459 3473 3473 3474 3466 3463 3476 3478 3479 3481 3469 3475 3475 3474 3487 3462 3485 3478 3480 3464 3460 3475 3459 3474 3481 3474 3475 3464 3465 3481 3467 3479 3484 3441 3472 3481 3468 3461 3491 3462 3470 3460 3474 3478 3468 3454 3467 3474 3466 3450 3460 3467 3478 3464 3453 3463 3456 3473 3467 3451 3462 3478 3471 3465 3494 3479 3478 3482 3487 3479 3480 3473 3484 3476 3492 3483 3491 3488 3480 3484 3487 3479 3490 3492 3497 3476 3493 3494 3499 3480 3496 3492 3507 3504 3486 3493 3488 3504 3484 3484 3490 3499 3483 3500 3488 3493 3480 3499 3494 3499 3485 3494 3491 3511 3502 3490 3490 3503 3494 3507 3494

Tree=0
num_leaves=17
num_cat=0
split_feature=45 48 8 52 5 2 28 8 23 11 8 19 2 5 5 0
split_gain=40977.6 258.716 43.253 52.5312 8.36521 28.9048 4.32979 0.29445 9.02996 0.258286 2.65725 0.155502 7.27596e-12 3.63798e-12 1.13687e-13 5.68434e-14
threshold=390.50000000000006 25.500000000000004 242.10410160000004 87.500000000000014 1821.5000000000002 10.795094760000003 118.50000000000001 250.72016100000005 0.034357372500000004 3145.5000000000005 219.43746090000002 268.50000000000006 10.750467540000001 2526.5000000000005 2576.5000000000005 44.500000000000007
decision_type=2 2 2 2 2 2 2 2 2 2 2 2 2 2 2 2
left_child=1 4 3 -2 9 -6 7 8 -4 12 11 -11 -1 -9 -15 -13
right_child=2 -3 6 -5 5 -7 -8 13 -10 10 -12 15 -14 14 -16 -17
leaf_value=0.045589711248967053 -0.074416915961220659 -0.074416915961220645 -0.034414706891158081 0.045589711248967039 0.045589711248967039 -0.034414706891158081 -0.048328518741614632 -0.074416915961220645 -0.074416915961220645 0.040589435115209231 0.023770324483478385 0.045589711248967053 0.045589711248967053 -0.074416915961220645 -0.074416915961220645 0.045589711248967053
leaf_weight=4430.00547721982 7.2495998442172986 16.249103099107742 5.2497102320194236 5.9996688365936279 17.999006509780887 5.2497102320194236 5.7496826350688925 4863.7315368652344 155.99138975143433 5.999668836593627 5.499696433544158 51.247171312570572 590.71739420294762 16.499089300632477 147.74184510111809 32.24821999669075
leaf_count=17721 29 65 21 24 72 21 23 19456 624 24 22 205 2363 66 591 129
internal_value=-0.0148594 0.0451009 -0.0742096 -0.0200743 0.0454788 0.0275242 -0.0743476 -0.0743764 -0.0731145 0.0455604 0.0440107 0.0452545 0.0455897 -0.0744169 -0.0744169 0.0455897
internal_weight=10363.4 5155.22 5208.21 13.2493 5138.97 23.2487 5194.96 5189.21 161.241 5115.72 94.9948 89.4951 5020.72 5027.97 164.241 83.4954
internal_count=41456 20622 20834 53 20557 93 20781 20758 645 20464 380 358 20084 20113 657 334
is_linear=0
shrinkage=1


Tree=1
num_leaves=21
num_cat=0
split_feature=45 48 8 52 17 2 28 8 25 11 15 8 5 19 0 0 0 0 0 0
split_gain=38591 243.542 40.7704 49.4736 8.32619 22.3861 4.09118 0.278319 8.52598 0.231958 4.67128 0.000580776 6.89085e-05 1.71969e-05 3.81814e-06 3.63798e-12 3.63798e-12 1.13687e-13 2.84217e-14 7.10543e-15
threshold=390.50000000000006 25.500000000000004 242.10410160000004 87.500000000000014 136.50000000000003 10.795094760000003 118.50000000000001 250.72016100000005 0.034357372500000004 3145.5000000000005 104.50000000000001 218.60769230000002 1829.5000000000002 269.50000000000006 47.500000000000007 73.500000000000014 63.500000000000007 51.500000000000007 67.500000000000014 117.50000000000001
decision_type=2 2 2 2 2 2 2 2 2 2 2 2 2 2 2 2 2 2 2 2
left_child=1 4 3 -2 9 14 7 8 -4 15 -11 12 13 -12 -6 -1 -9 -10 -18 -17
right_child=2 -3 6 -5 5 -7 -8 16 17 10 11 -13 -14 -15 -16 19 18 -19 -20 -21
leaf_value=0.058663018238779958 -0.057848538946795425 -0.057848538946795418 -0.018973279015831446 0.058663018238779951 0.058694643613302878 -0.0092884867603027568 -0.032482430702211892 -0.057848538946795418 -0.057848538946795418 0.028936041773597938 0.058706923711171637 0.058979218144212024 0.058782413179077259 0.058663018238779958 0.058663018238779958 0.058663018238779965 -0.057848538946795418 -0.057848538946795418 -0.057848538946795418 0.058663018238779945
leaf_weight=5004.648961558938 7.2399719059467298 16.227523237466812 5.2484457045793524 5.9968832731246948 4.99749727547169 5.9982839077711096 5.7466436773538581 4967.1200358867645 148.29459697008133 4.9983200579881659 8.9956211000680906 5.9980178475379935 4.997458577156066 74.71117077767849 10.994286000728605 5.2472728639841062 35.700551122426987 7.4896261096000663 18.474411070346832 4.9974027276039124
leaf_count=20029 29 65 21 24 20 24 23 19896 594 20 36 24 20 299 44 21 143 30 74 20
internal_value=-3.93296e-07 0.0581887 -0.057647 -0.00506363 0.0585553 0.0401349 -0.0577811 -0.0578092 -0.0565815 0.0586345 0.0572017 0.0586935 0.0586742 0.0586677 0.0586729 0.058663 -0.0578485 -0.0578485 -0.0578485 0.058663
internal_weight=10354.1 5152.81 5201.31 13.2369 5136.58 21.9901 5188.07 5182.33 161.033 5114.59 99.7006 94.7023 88.7043 83.7068 15.9918 5014.89 5021.29 155.784 54.175 10.2447
internal_count=41456 20622 20834 53 20557 88 20781 20758 645 20469 399 379 355 335 64 20070 20113 624 217 41
is_linear=0
shrinkage=0.03


Tree=2
num_leaves=30
num_cat=0
split_feature=46 48 8 23 11 42 28 8 23 11 51 2 5 8 17 17 0 15 5 5 2 5 17 6 43 0 0 0 2
split_gain=36283.8 349.172 31.2059 32.862 12.5739 30.4529 3.88811 0.266957 8.55066 0.252122 2.8199 0.0134699 0.00087963 0.000214853 5.17115e-05 4.73073e-05 3.36526e-06 1.20963e-06 1.20893e-08 1.99896e-09 7.21712e-10 1.329e-10 2.54659e-11 1.03825e-10 8.2423e-12 3.63798e-12 2.84217e-14 1.42109e-14 7.10543e-15
threshold=221.50000000000003 24.500000000000004 242.10410160000004 0.035894600500000005 3239.5000000000005 0.090909091500000011 118.50000000000001 250.72016100000005 0.034357372500000004 3145.5000000000005 121.50000000000001 10.765220870000002 1663.5000000000002 218.16025645000005 115.50000000000001 142.50000000000003 45.500000000000007 107.50000000000001 1807.5000000000002 1685.5000000000002 10.725629370000002 1693.5000000000002 133.50000000000003 38.606673405000009 0.18413084050000003 64.500000000000014 45.500000000000007 22.500000000000004 9.9310253700000022
decision_type=2 2 2 2 2 2 2 2 2 2 2 2 2 2 2 2 2 2 2 2 2 2 2 2 2 2 2 2 2
left_child=1 4 3 -2 9 11 7 8 -4 15 -11 16 -12 17 27 22 -6 -14 19 20 -19 -21 -1 24 -24 -9 -23 -3 -28
right_child=2 14 6 -5 5 -7 -8 25 -10 10 12 -13 13 -15 -16 -17 -18 18 -20 21 -22 26 23 -25 -26 -27 28 -29 -30
leaf_value=0.057029927361886217 0.051373166353314598 -0.056283251957877957 -0.0164104281190392 -0.056283251957877999 0.05705972521788219 -0.010612687746246128 -0.031541472370695274 -0.056283251957878006 -0.056283251957878006 0.038110108378715535 0.057457500584142257 0.05884711334405774 0.057041780135194606 0.057214989318368485 -0.056391482834530014 0.057120146170917943 0.05702927778432941 0.057029235212036122 0.057028308505456739 0.057029772595619296 0.057029711627064723 0.057029927361886217 0.057029927361886217 0.057029795321551661 0.057029888349976014 -0.056283251957878006 0.05702992736188623 -0.056283251957878006 0.05702992736188621
leaf_weight=4950.5363922119141 4.9860266149044019 7.9651136398315492 4.9964389204978934 5.2271058261394501 4.9866922646761003 8.4827895462512952 5.7406226545572272 4957.2876015901566 155.07080617547035 7.7345711439847937 4.989844247698783 4.9926734268665305 8.4771343916654569 6.2350160479545584 4.9791081696748725 5.2363515794277182 9.4742217659950239 5.9837185740470868 5.2357443869113913 5.7344028651714316 5.485080361366272 24.932193756103516 43.880661010742188 6.4823687672615042 5.4850822240114203 41.319027006626129 6.4823703765869123 11.698760658502577 7.2303361892700195
leaf_count=19856 20 32 20 21 20 34 23 19916 623 31 20 20 34 25 20 21 38 24 21 23 22 100 176 26 22 166 26 47 29
internal_value=-7.30406e-07 0.0563507 -0.0561136 -0.00372565 0.056892 0.0368203 -0.0562172 -0.0562446 -0.0550386 0.057002 0.0554149 0.0575036 0.0570717 0.0570463 -0.0563051 0.05703 0.0570398 0.0570312 0.0570297 0.0570298 0.0570295 0.0570299 0.0570299 0.0570299 0.0570299 -0.0562833 0.0570299 -0.0562833 0.0570299
internal_weight=10327.3 5152.72 5174.63 10.2131 5128.08 27.9364 5164.41 5158.67 160.067 5100.14 88.5204 19.4536 80.7858 75.796 24.643 5011.62 14.4609 69.561 61.0838 55.8481 11.4688 44.3793 5006.38 55.8481 49.3657 4998.61 38.6449 19.6639 13.7127
internal_count=41456 20667 20789 41 20568 112 20748 20725 643 20456 355 78 324 304 99 20101 58 279 245 224 46 178 20080 224 198 20082 155 79 55
is_linear=0
shrinkage=0.03


Tree=3
num_leaves=31
num_cat=0
split_feature=45 48 27 17 2 17 6 24 27 22 11 15 51 30 24 15 10 14 46 21 10 12 19 10 27 14 11 17 14 2
split_gain=34401.7 216.938 11.2333 7.5452 20.6277 6.02086 0.928209 3.19916 0.458779 37.7944 0.20208 4.34552 0.0014983 0.00143982 0.00120825 0.00119761 0.000501943 0.0125049 0.000270388 0.000117833 8.42324e-05 2.63665e-05 5.3835e-06 4.02239e-06 3.07911e-06 1.44742e-06 2.15653e-09 1.2401e-09 2.34584e-09 3.63798e-12
threshold=390.50000000000006 25.500000000000004 85.500000000000014 136.50000000000003 10.795094760000003 115.50000000000001 42.487358140000005 0.060781283500000005 36.500000000000007 68.500000000000014 3145.5000000000005 104.50000000000001 121.50000000000001 1.5000000000000002 0.056199106000000006 116.50000000000001 804.50000000000011 875.50000000000011 221.50000000000003 89.500000000000014 839.50000000000011 45.500000000000007 269.50000000000006 734.50000000000011 31.500000000000004 904.50000000000011 3239.5000000000005 128.50000000000003 866.50000000000011 10.400065335000003
decision_type=2 2 2 2 2 2 2 2 2 2 2 2 2 2 2 2 2 2 2 2 2 2 2 2 2 2 2 2 2 2
left_child=1 3 5 10 13 -2 7 -7 16 -10 -1 -12 -13 24 -11 19 17 18 -8 -14 -16 -21 -23 25 -5 26 27 28 -24 -18
right_child=2 -3 -4 4 -6 6 8 -9 9 14 11 12 15 -15 20 -17 29 -19 -20 21 -22 22 23 -25 -26 -27 -28 -29 -30 -31
leaf_value=0.055531542723378728 -0.021667755267579913 -0.054844805019668964 -0.017890903149109062 0.055559688122109388 -0.0095615563967291518 -0.027392844034001447 -0.055064447740245902 -0.054844805019668964 0.0263862771606963 -0.055317768595540218 0.026867734342449028 0.056090655777200508 0.055691203686099998 0.056157899911970746 -0.054954178434944448 0.055989635952747439 -0.054844805019668964 -0.056342525970840704 -0.054844805019668964 0.055594185317262464 -0.054844805019668964 0.055559411827295305 0.055530735328685112 0.05555726797330774 0.055527708627673859 0.055515761481556673 0.055530820368980549 0.055531544173379264 0.055531513583385386 -0.054844805019668964
leaf_weight=4985.0121282041073 4.959475338459014 16.10642708837986 7.4699366241693488 4.9680314362049121 5.9957818388938895 4.9626562446355846 5.2073211073875418 16.602009460330009 5.2225564569234839 4.9615374505519858 4.9851806908845893 5.4730073213577262 4.9699287712573996 4.9751137644052497 6.4443711191415778 5.9676606804132453 37.91205145418644 5.2226606756448737 161.0642708837986 7.4528107196092597 381.10284402966499 7.2036782205104819 5.7127546668052664 5.2163965702056876 5.9610780477523804 5.9608519822359076 5.7127561420202246 31.544421598315239 8.9417249113321287 4521.4457704871893
leaf_count=20070 20 65 30 20 24 20 21 67 21 20 20 22 20 20 26 24 153 21 650 30 1538 29 23 21 24 24 23 127 36 18247
internal_value=-1.02235e-06 0.0550824 -0.0546532 0.0554292 0.037858 -0.0547065 -0.0547383 -0.0485273 -0.0547644 -0.0537858 0.0555049 0.0541637 0.0556089 0.0557348 -0.0548526 0.0555792 -0.0548467 -0.0548971 -0.0548517 0.0555496 -0.0548466 0.0555405 0.0555348 0.055532 0.0555422 0.0555298 0.0555314 0.0555314 0.0555312 -0.0548448
internal_weight=10284.7 5122.16 5162.58 5106.05 21.9 5155.11 5150.15 21.5647 5128.58 397.731 5084.15 99.1412 94.156 15.9042 392.509 88.683 4730.85 171.494 166.272 82.7153 387.547 77.7454 70.2926 63.0889 10.9291 57.8725 51.9117 46.1989 14.6545 4559.36
internal_count=41456 20622 20834 20557 88 20804 20784 87 20697 1605 20469 399 379 64 1584 357 19092 692 671 333 1564 313 283 254 44 233 209 186 59 18400
is_linear=0
shrinkage=0.03


Tree=4
num_leaves=31
num_cat=0
split_feature=45 48 8 52 17 37 28 8 23 14 51 8 7 5 13 23 5 4 20 4 8 20 4 39 12 13 8 5 21 21
split_gain=32553.9 205.219 35.5433 43.5011 7.19594 17.7603 3.4631 0.242527 7.47233 0.140483 3.37905 0.020322 0.0015305 0.00116506 0.000770196 0.000912158 0.00112483 0.000767563 0.0006046 0.000432211 5.54706e-05 4.29106e-05 3.2231e-05 0.000459233 1.9248e-05 6.29172e-06 1.52741e-05 3.09518e-05 5.59797e-06 4.51415e-06
threshold=390.50000000000006 25.500000000000004 242.10410160000004 87.500000000000014 136.50000000000003 0.050006701500000007 118.50000000000001 250.72016100000005 0.034357372500000004 858.50000000000011 121.50000000000001 215.64990570000003 7721.0000000000009 1794.5000000000002 766.50000000000011 0.030426556500000004 1652.5000000000002 216.74084245000003 69.500000000000014 229.15909090000005 219.16228895000003 131.50000000000003 249.09731290000005 0.041133253500000001 47.500000000000007 737.50000000000011 217.56955130000003 1594.5000000000002 182.50000000000003 98.500000000000014
decision_type=2 2 2 2 2 2 2 2 2 2 2 2 2 2 2 2 2 2 2 2 2 2 2 2 2 2 2 2 2 2
left_child=1 4 3 -2 9 11 7 8 -4 14 -11 -6 -9 17 25 24 -17 20 -10 -14 -12 22 23 -21 -16 -1 29 -28 -25 -27
right_child=2 -3 6 -5 5 -7 -8 12 18 10 13 -13 19 -15 15 16 -18 -19 -20 21 -22 -23 -24 28 -26 26 27 -29 -30 -31
leaf_value=0.05415251295775398 -0.053894001449639128 -0.053518886162794092 -0.017083448690514411 0.055809403530489729 0.054149186368219207 -0.0037039970979581664 -0.030138712355798805 -0.054023405399111275 -0.053841029114105161 0.03237580108982873 0.054152878823619861 0.056491676802722234 -0.053787168078334335 0.054622105912433619 0.054152341923271806 0.054728233537001084 0.05423698036557642 0.054466459556986528 -0.053518629779552337 -0.05381839692289693 0.05423735783205115 -0.053607753972130696 -0.053518860289445629 -0.053518770656051186 0.054218530345843931 0.054154485979133353 0.054152385812621155 0.0542486758578535 -0.053551713181779217 0.054174729547974226
leaf_weight=4693.8728834092617 7.1551603078842145 16.01169265806675 5.2351575642824164 5.9653026908636093 10.130333453416826 6.7215488851070395 5.7256838828325263 5.4322563558816901 5.4266369044780722 6.6864415556192389 123.54268145561218 4.9676022976636878 5.4263111799955359 5.4451238662004462 19.766783416271213 7.4268300235271481 9.6396358460187894 7.6687533259391776 148.2927111685276 4.932736098766326 7.4151929020881644 4.9287176430225363 4848.5862225741148 80.304749190807343 4.9430817663669577 148.00515179336071 7.6596300750970823 4.9435344189405441 4.9274490028619757 10.625642582774161
leaf_count=18997 29 65 21 24 41 27 23 22 22 27 500 20 22 22 80 30 39 31 602 20 30 20 19683 326 20 599 31 20 20 43
internal_value=-1.27373e-06 0.0537139 -0.0533306 -0.00401664 0.0540519 0.0368607 -0.053457 -0.0534831 -0.0523296 0.0541261 0.0532241 0.0549199 -0.0535201 0.0541917 0.0541538 0.0542821 0.0544508 0.0541747 -0.05353 -0.0535196 0.0541577 -0.0535193 -0.0535192 -0.053537 0.0541656 0.0541527 0.0541584 0.0541902 -0.0535207 0.0541558
internal_weight=10227.8 5095.47 5132.34 13.1205 5079.46 21.8195 5119.22 5113.49 158.955 5057.64 150.758 15.0979 4954.54 144.072 4906.88 41.7763 17.0665 138.627 153.719 4949.11 130.958 4943.68 4938.75 90.1649 24.7099 4865.11 171.234 12.6032 85.2322 158.631
internal_count=41456 20622 20834 53 20557 88 20781 20758 645 20469 610 61 20113 583 19859 169 69 561 624 20091 530 20069 20049 366 100 19690 693 51 346 642
is_linear=0
shrinkage=0.03


Tree=5
num_leaves=31
num_cat=0
split_feature=45 48 28 4 39 17 2 14 51 4 23 30 28 23 1 0 15 2 19 6 23 10 24 22 4 2 39 4 14 10
split_gain=30847.2 194.399 14.6006 7.57721 55.2631 6.90818 19.2378 0.135855 3.24154 0.104977 5.6477 0.00733357 0.00625525 0.00209252 0.00179429 0.00131064 0.00101159 0.000643116 0.000179901 0.000201728 0.000165645 9.7026e-05 8.64266e-05 4.9633e-05 0.000191429 0.000947148 0.000175168 8.35222e-05 0.000140183 1.17068e-05
threshold=390.50000000000006 25.500000000000004 121.00000000000001 241.90757860000002 0.032923663500000012 136.50000000000003 10.795094760000003 858.50000000000011 121.50000000000001 250.15070310000002 0.034148574500000008 1.5000000000000002 114.50000000000001 0.035468696500000008 16.500000000000004 29.500000000000004 116.50000000000001 11.384706265000002 297.50000000000006 38.726136365000009 0.035894600500000005 864.50000000000011 0.059578644000000007 50.500000000000007 210.05064105000005 9.7158385090000028 0.15761216900000002 216.21921920000003 746.50000000000011 786.50000000000011
decision_type=2 2 2 2 2 2 2 2 2 2 2 2 2 2 2 2 2 2 2 2 2 2 2 2 2 2 2 2 2 2
left_child=1 5 3 4 -2 7 11 18 -9 10 -5 -7 15 -12 -6 -11 17 21 23 -20 -15 -10 -16 -1 26 -26 -25 -27 -29 -22
right_child=2 -3 -4 9 14 6 -8 8 16 12 13 -13 -14 20 22 -17 -18 -19 19 -21 29 -23 -24 24 25 27 -28 28 -30 -31
leaf_value=0.052879290247790596 0.054707388098439974 -0.052293271877327636 -0.0030818303082960209 -0.020006910366440887 -0.052916059204592587 0.052878929106199894 -0.009847774508620467 0.031511063770073351 0.052881828810442996 -0.052761055915033619 -0.052830003956097105 0.054274358136337283 -0.053364360720797449 -0.052436503224942498 -0.052436549506095546 -0.052293245291554394 0.053317921414511665 0.053228247660806707 0.052878920499249527 0.053138402226403127 -0.05233989002876905 0.053014542232749796 -0.05229857220059754 0.052880444208869559 0.053338395917432745 0.052886268502773809 0.053060584009810938 0.052872614344198106 0.053096551695113688 -0.052292973374615644
leaf_weight=4362.1883483380079 4.9471345245838156 15.897059813141821 5.4611532092094413 4.9708155244588843 5.3996471464633933 10.800477594137194 5.9914563894271842 6.6641696989536277 127.39900617301464 5.3960210233926764 6.8662684559822074 4.9398427903652182 4.9168399274349204 7.5873884111642829 4.8954900503158596 4795.0415345877409 5.4119964390993109 5.1638433486223212 5.6457215249538404 5.1618074327707291 4.8927456438541403 5.1586969792842856 24.702388912439346 437.17897900938988 4.9202301800250998 44.676692545413971 4.9128338843584052 5.1545976251363737 4.9145163893699646 220.6018328666687
leaf_count=17771 20 65 22 20 22 44 24 27 519 22 28 20 20 31 20 19606 22 21 23 21 20 21 101 1781 20 182 20 21 20 902
internal_value=-1.49534e-06 0.0524503 -0.0521084 -0.052161 -0.0391463 0.0527802 0.0359024 0.0528532 0.0519634 -0.052264 -0.0516581 0.0533169 -0.0522949 -0.0523138 -0.0524131 -0.0522938 0.0529156 0.0528998 0.0528806 0.0530029 -0.0522986 0.052887 -0.0523214 0.0528803 0.0528893 0.0529397 0.0528824 0.0529039 0.0529819 -0.052294
internal_weight=10157.9 5062.18 5095.68 5090.22 39.9447 5046.28 21.7318 5024.55 149.798 5050.27 244.919 15.7403 4805.35 239.948 34.9975 4800.44 143.134 137.722 4874.75 10.8075 233.082 132.558 29.5979 4863.95 501.758 59.666 442.092 54.7458 10.0691 225.495
internal_count=41456 20622 20834 20812 163 20557 88 20469 610 20649 1001 64 19648 981 143 19628 583 561 19859 44 953 540 121 19815 2044 243 1801 223 41 922
is_linear=0
shrinkage=0.03


Tree=6
num_leaves=31
num_cat=0
split_feature=45 36 45 8 52 5 2 28 8 23 11 15 51 37 7 20 29 4 26 29 11 5 51 8 4 2 21 19 19 0
split_gain=29266.4 127.045 57.3396 32.297 39.2794 6.42375 22.8702 3.13872 0.228988 6.94444 0.199595 4.16343 0.008344 0.00620424 0.00112274 0.000450746 0.000330511 0.000315731 0.000145625 0.000722771 8.23202e-05 0.00135221 8.64678e-05 5.95926e-05 4.51126e-05 0.000708136 2.91756e-05 1.0636e-05 7.02152e-06 4.265e-06
threshold=390.50000000000006 4.5000000000000009 387.50000000000006 242.10410160000004 87.500000000000014 1821.5000000000002 10.795094760000003 118.50000000000001 250.72016100000005 0.034357372500000004 3145.5000000000005 104.50000000000001 121.50000000000001 0.054088662500000002 7721.0000000000009 69.500000000000014 11.242857145 229.15909090000005 88.500000000000014 14.803571430000002 3105.5000000000005 1614.5000000000002 121.50000000000001 217.56955130000003 249.09731290000005 10.938205895000001 182.50000000000003 318.50000000000006 269.50000000000006 69.500000000000014
decision_type=2 2 2 2 2 2 2 2 2 2 2 2 2 2 2 2 2 2 2 2 2 2 2 2 2 2 2 2 2 2
left_child=1 2 -1 4 -2 10 13 8 9 -5 18 -12 -13 27 -10 -11 23 -16 20 -20 -3 -22 -23 28 25 29 -26 -7 -14 -19
right_child=3 5 -4 7 -6 6 -8 -9 14 15 11 12 16 -15 17 -17 -18 24 19 -21 21 22 -24 -25 26 -27 -28 -29 -30 -31
leaf_value=0.05170085070525627 -0.051481353158597067 0.051700862107804536 -0.051157440647747882 -0.015979105273702377 0.053402070601781038 0.051740699861030096 -0.019287911477110831 -0.028857183047200721 -0.051592819248249565 -0.051437186736426242 0.023481981911457513 0.052895668988889442 0.051727809157664222 0.052889684348697792 -0.051388568816722546 -0.05115672176748233 0.051948254253276961 -0.051156992864609417 0.052074920412846726 0.051700485990888743 0.052202259183745034 0.051818357449855003 0.051700303832601394 0.051799679158281708 -0.051157407065938187 -0.051531021857719385 -0.051230999442730379 0.051682215381198521 0.051698396236631396 -0.051185970754765012
leaf_weight=7.0631855875253704 7.0495758056640607 4718.4516790360212 15.764497667551039 5.221965864300727 5.9058549106121063 4.8724506795406395 5.2399579882621756 5.7047323584556571 5.3534997552633277 5.3460802137851706 4.9339224100112906 5.8839759081602088 8.2826105356216413 6.1312504410743704 5.3452328741550437 146.002635166049 5.6110815107822409 79.064727112650871 5.6115204393863669 26.791321441531181 5.1320649087429038 5.8500189185142508 122.75280021131039 6.0931972712278357 4773.7309683561325 4.8631052672862998 4.8533158451318732 6.5751578658819199 61.862639680504799 4.8516822904348365
leaf_count=29 29 19373 65 21 24 20 21 23 22 22 20 24 34 25 22 602 23 326 23 110 21 24 504 25 19683 20 20 27 254 20
internal_value=-1.69059e-06 0.0512806 -0.0193317 -0.0509756 -0.00366926 0.051603 0.035722 -0.0510972 -0.0511224 -0.049993 0.0516758 0.0502965 0.0518045 0.0521196 -0.0511586 -0.0511666 0.051726 -0.0511581 0.0517019 0.0517653 0.0517015 0.0517247 0.0517057 0.0517097 -0.0511579 -0.0511791 -0.0511575 0.0517071 0.0517019 -0.0511587
internal_weight=10076.2 5022.9 22.8277 5053.29 12.9554 5000.08 22.8188 5040.34 5034.63 156.571 4977.26 92.6674 87.7335 17.5789 4878.06 151.349 81.8495 4872.71 4884.59 32.4028 4852.19 133.735 128.603 76.2384 4867.36 88.7795 4778.58 11.4476 70.1453 83.9164
internal_count=41456 20622 94 20834 53 20528 93 20781 20758 645 20435 380 360 72 20113 624 336 20091 20055 133 19922 549 528 313 20069 366 19703 47 288 346
is_linear=0
shrinkage=0.03


Tree=7
num_leaves=31
num_cat=0
split_feature=45 48 8 23 17 2 28 8 23 11 8 19 30 0 12 20 4 17 23 23 11 5 51 4 20 21 2 0 12 1
split_gain=27798.7 175.092 30.725 34.551 6.39588 17.4605 3.05537 0.223024 6.70211 0.190123 2.68773 0.0891031 0.00551941 0.000965251 0.000771263 0.000387357 0.00027068 0.000114495 0.000202551 0.000342406 6.76959e-05 0.00110373 7.43731e-05 3.87823e-05 0.000625322 2.50408e-05 1.21821e-05 3.73485e-06 3.15532e-06 2.02713e-06
threshold=390.50000000000006 25.500000000000004 242.10410160000004 0.033978040500000008 136.50000000000003 10.795094760000003 118.50000000000001 250.72016100000005 0.034357372500000004 3145.5000000000005 219.43746090000002 268.50000000000006 1.5000000000000002 29.500000000000004 50.500000000000007 69.500000000000014 229.15909090000005 128.50000000000003 0.029723885500000002 0.031037231500000002 3105.5000000000005 1614.5000000000002 121.50000000000001 249.09731290000005 72.500000000000014 182.50000000000003 9.5232683985000026 69.500000000000014 63.500000000000007 20.500000000000004
decision_type=2 2 2 2 2 2 2 2 2 2 2 2 2 2 2 2 2 2 2 2 2 2 2 2 2 2 2 2 2 2
left_child=1 4 3 -2 9 12 7 8 -4 20 11 -11 28 -9 17 -10 -15 18 -13 -20 29 -22 -23 24 -18 -25 -19 -26 -6 -1
right_child=2 -3 6 -5 5 -7 -8 13 15 10 -12 14 -14 16 -16 -17 23 26 19 -21 21 22 -24 25 27 -27 -28 -29 -30 -31
leaf_value=0.050607375068250124 0.048119159747721491 -0.050102298221054213 -0.015517928061548126 -0.050395691292196419 0.050589542643825348 -0.0093421790390237538 -0.028069614445797079 -0.050507817338502181 -0.050362828334212018 0.046837007272569273 0.027570221762934326 0.050610127711932205 0.051824823950795823 -0.050317294005896331 0.050983099271909464 -0.050101629655201076 -0.050454680575404698 0.050652706227155411 0.050937935311222135 0.050636580328451121 0.051052040982009841 0.050716667941676292 0.050606764089538035 -0.05010226580150319 -0.050101604952594019 -0.050170765493363335 0.0506056084078403 -0.05012885051246789 0.050622279685217188 0.050616459983125195
leaf_weight=4686.3132977932692 6.1042623519897443 15.615829080343245 5.2159341722726813 6.7437884658575058 5.5510365366935748 5.9855089932680121 5.6890853792428961 5.3052737116813651 5.2970559000968924 5.8509095460176459 4.880349949002265 15.2078173160553 4.8707909435033789 5.2960018515586844 6.2936725020408621 144.62564530968666 4.819146364927291 5.5541255176067343 6.0507449805736524 7.7263876050710678 5.3301799297332755 5.7985531836748114 125.03847724199295 4728.7116067111492 78.31885027885437 4.8078835308551779 44.897491410374641 4.8060592859983435 5.0698072910308838 22.209388762712479
leaf_count=19414 25 65 21 28 23 24 23 22 22 24 20 63 20 22 26 602 20 23 25 32 22 24 518 19683 326 20 186 20 21 92
internal_value=-1.85945e-06 0.0501952 -0.0499231 -0.00359011 0.0505108 0.0341749 -0.0500424 -0.0500674 -0.0489478 0.0505818 0.049263 0.050419 0.0509886 -0.0501034 0.0506634 -0.0501109 -0.0501029 0.0506381 0.0506856 0.0507689 0.050608 0.0506289 0.0506116 -0.0501027 -0.0501224 -0.0501023 0.0506108 -0.0501032 0.0506052 0.0506074
internal_weight=9983.98 4978.24 5005.74 12.8481 4962.63 21.4771 4992.89 4987.2 155.139 4941.15 96.4615 91.5811 15.4916 4832.06 85.7302 149.923 4826.76 79.4366 28.9849 13.7771 4844.69 136.167 130.837 4821.46 87.9441 4733.52 50.4516 83.1249 10.6208 4708.52
internal_count=41456 20622 20834 53 20557 88 20781 20758 645 20469 399 379 64 20113 355 624 20091 329 120 57 20070 564 542 20069 366 19703 209 346 44 19506
is_linear=0
shrinkage=0.03


Tree=8
num_leaves=31
num_cat=0
split_feature=49 36 16 8 25 14 7 28 20 10 11 8 8 24 51 7 39 20 14 13 4 6 4 20 4 21 16 51 16 8
split_gain=26405.1 150.23 19.2738 18.8227 24.4264 6.5395 15.4741 2.98381 2.3562 1.38696 0.600972 9.28115 0.220953 6.90439 0.0817896 0.00159802 0.000402403 0.000333961 0.000261959 0.00241881 0.000232824 6.90935e-05 3.3475e-05 0.000539077 2.83343e-05 2.15653e-05 1.11062e-05 2.78001e-05 0.000112685 0.000148304
threshold=116.50000000000001 4.5000000000000009 376.50000000000006 242.10410160000004 0.035803628500000011 947.50000000000011 10627.500000000002 118.50000000000001 19.500000000000004 583.50000000000011 3145.5000000000005 219.64483710000005 250.72016100000005 0.056056561500000011 121.50000000000001 8990.5000000000018 0.17781420850000004 69.500000000000014 858.50000000000011 669.50000000000011 229.15909090000005 39.675337840000005 249.09731290000005 72.500000000000014 213.79772725000004 182.50000000000003 555.00000000000011 117.50000000000001 517.50000000000011 208.42561475000005
decision_type=2 2 2 2 2 2 2 2 2 2 2 2 2 2 2 2 2 2 2 2 2 2 2 2 2 2 2 2 2 2
left_child=1 2 8 4 -2 10 -7 12 -1 -4 18 14 13 -5 -12 -16 24 -15 26 -20 -14 -21 23 -22 -17 -24 27 -3 29 -29
right_child=3 5 9 7 -6 6 -8 -9 -10 -11 11 -13 20 17 15 16 -18 -19 19 21 22 -23 25 -25 -26 -27 -28 28 -30 -31
leaf_value=-0.0041232011600641112 0.040540402918906371 0.049592399038829581 -0.049119944791586358 -0.013156481742712495 -0.049340121473212387 -0.013809227232759395 0.051777896264580958 -0.027312420795468216 0.025009798415012541 -0.029813295712856732 0.04615886336093384 0.0078930054763359878 -0.049320358512025354 -0.049363092966177524 0.050162559051698717 0.04958881765031415 0.049878675625227437 -0.049119316863755189 0.050189861641322719 0.049592104270470956 -0.049448793468958599 0.049701969705857954 -0.049119903295054203 -0.049120765367608052 0.049648104955648906 -0.049183804344479456 0.049590505888511098 0.049826665082022721 0.049597152063863836 0.04959046905348672
leaf_weight=5.2426581084728259 4.8531192988157255 380.70911306142807 11.173519939184187 4.9629781544208518 6.1948918104171753 4.9287072569131842 9.4351274967193586 5.671665132045745 4.7734390944242477 4.7820423543453208 6.5209382921457282 5.1192470490932456 5.2417758554220191 5.2430175542831412 5.0449735671281806 67.392400592565536 4.7928546965122214 143.11511085927486 6.7240064889192572 80.778000250458717 4.7703947871923438 5.5027289539575568 4680.9891924262047 82.256838068366051 8.1301266402006132 4.7579816132783881 4258.7040172815323 4.7902559936046583 54.969866663217545 4.7796889543533325
leaf_count=22 20 1593 47 20 26 20 39 23 20 20 27 21 22 22 21 282 20 602 28 338 20 23 19690 346 34 20 17820 20 230 20
internal_value=-2.01011e-06 0.0491046 -0.0228574 -0.048972 -0.00985782 0.0494854 0.0292728 -0.0490595 0.00976091 -0.0433335 0.0495447 0.0472069 -0.0490846 -0.0479635 0.0493973 0.0496446 0.0496121 -0.0491279 0.049592 0.0496418 -0.0491205 0.0495991 -0.0491203 -0.0491387 0.0495952 -0.04912 0.049591 0.0495955 0.0496137 0.0497087
internal_weight=9882.35 4934.29 25.9717 4948.06 11.048 4908.32 14.3638 4937.01 10.0161 15.9556 4893.96 97.0005 4931.34 153.321 91.8813 85.3604 80.3154 148.358 4796.96 93.0047 4778.02 86.2807 4772.77 87.0272 75.5225 4685.75 4703.95 445.249 64.5398 9.56994
internal_count=41456 20645 109 20811 46 20536 59 20765 42 67 20477 405 20742 644 384 357 336 624 20072 389 20098 361 20076 366 316 19710 19683 1863 270 40
is_linear=0
shrinkage=0.03


Tree=9
num_leaves=31
num_cat=0
split_feature=45 48 28 4 39 17 37 14 51 4 25 4 28 36 25 14 25 0 18 4 13 18 7 19 19 25 25 19 13 13
split_gain=25159.5 159.813 12.7162 6.28149 45.689 6.10286 15.7178 0.124917 3.13623 0.0953018 4.97778 0.0567817 0.00899922 0.00500167 0.00321535 0.00282628 0.00276586 0.00215524 0.0015198 0.00136133 0.000980078 0.0012802 0.00303394 0.000896005 0.000273977 0.000171669 0.00015643 0.000105426 2.85766e-05 6.45814e-06
threshold=390.50000000000006 25.500000000000004 121.00000000000001 241.90757860000002 0.032923663500000012 136.50000000000003 0.050006701500000007 858.50000000000011 121.50000000000001 250.15070310000002 0.034138041500000008 210.87339745000003 114.50000000000001 4.5000000000000009 0.036473341000000006 910.50000000000011 0.035159978000000008 29.500000000000004 70.500000000000014 216.74084245000003 766.50000000000011 187.50000000000003 8814.5000000000018 288.50000000000006 292.50000000000006 0.035894600500000005 0.039504497000000006 297.50000000000006 751.50000000000011 737.50000000000011
decision_type=2 2 2 2 2 2 2 2 2 2 2 2 2 2 2 2 2 2 2 2 2 2 2 2 2 2 2 2 2 2
left_child=1 5 3 4 -2 7 11 13 -9 10 -5 -7 17 -1 -6 19 -12 -11 -3 28 27 22 -22 -17 -23 -18 -16 29 -10 -15
right_child=2 18 -4 9 14 6 -8 8 15 12 16 -13 -14 20 26 23 25 -19 -20 -21 21 24 -24 -25 -26 -27 -28 -29 -30 -31
leaf_value=0.049451502401773546 0.050528210487151004 -0.048816063620193563 -0.0020243044843519134 -0.01775596465549362 -0.049081301586182874 0.048608041917546307 -0.0058112321148389495 0.027380840954151275 0.048642845190304304 -0.048813955824271518 -0.048908124725676953 0.052585770256902892 -0.049509136273423612 0.048642650151922491 -0.048387949470373719 0.048859300994324339 -0.048339234429655965 -0.048203442901057207 -0.04821310285030516 0.049094417179434822 0.048637176095889655 0.048644429744776507 0.049637107139337951 0.049395449036104717 0.048889105042599669 -0.048203395911717552 -0.048206023580735127 0.048756686979182354 0.048718071349653225 0.048648740198598918
leaf_weight=6.9191026389598838 4.8055002987384787 6.6305983811616889 5.4015424400568 4.9290348440408698 4.7435900270938864 9.6869928985834139 6.6283919364213935 6.4971687048673621 115.34935802221298 5.2100232094526282 5.2051907777786246 4.8453854918479911 4.7607075721025458 4477.5783832371235 5.1823985576629665 4.9754483699798566 8.7096846103668195 4607.9491165727377 8.6971123367547971 6.4130989909172049 6.3815828263759595 23.873979121446613 4.7738330364227295 6.4317864179611206 4.9776155203580847 216.69502839446068 23.738531112670898 7.335209682583808 4.7312212437391272 162.3983084410429
leaf_count=29 20 28 22 20 20 41 27 27 488 22 22 20 20 18943 22 21 37 19606 37 27 27 101 20 27 21 922 101 31 20 687
internal_value=-2.14283e-06 0.0482434 -0.0480289 -0.0480797 -0.036005 0.0485485 0.0324726 0.0486188 0.0477497 -0.0481755 -0.0475868 0.0499343 -0.0482055 0.0486455 -0.0483574 0.0487093 -0.0482244 -0.0482041 -0.0484739 0.0486686 0.0486443 0.0487922 0.0490651 0.0491616 0.0486866 -0.0482086 -0.0482386 0.048643 0.0486458 0.0486429
internal_weight=9772.45 4875.12 4897.33 4891.93 38.47 4859.8 21.1608 4838.64 144.398 4853.46 235.539 14.5324 4617.92 4694.24 33.6645 137.901 230.61 4613.16 15.3277 126.494 4687.32 40.007 11.1554 11.4072 28.8516 225.405 28.9209 4647.31 120.081 4639.98
internal_count=41456 20622 20834 20812 163 20557 88 20469 610 20649 1001 61 19648 19859 143 583 981 19628 65 535 19830 169 47 48 122 959 123 19661 508 19630
is_linear=0
shrinkage=0.03


Tree=10
num_leaves=31
num_cat=0
split_feature=45 48 28 4 39 17 37 11 15 4 23 4 28 36 51 24 23 14 0 42 39 4 14 13 23 17 27 39 5 24
split_gain=23969.5 152.22 12.2795 6.00128 43.5185 5.94849 15.0331 0.180638 4.0515 0.094162 4.85013 0.0492589 0.00781839 0.00432499 0.00405335 0.00300005 0.0024098 0.00190576 0.00186377 0.00131431 0.000842302 0.000324269 0.000221042 0.00133281 0.000148991 0.000117911 0.000290736 0.000103805 5.44679e-05 4.81549e-06
threshold=390.50000000000006 25.500000000000004 121.00000000000001 241.90757860000002 0.032923663500000012 136.50000000000003 0.050006701500000007 3145.5000000000005 104.50000000000001 250.15070310000002 0.034148574500000008 210.87339745000003 114.50000000000001 4.5000000000000009 121.50000000000001 0.058683249500000007 0.035159978000000008 910.50000000000011 29.500000000000004 0.090908912500000008 0.022685724000000001 216.74084245000003 858.50000000000011 669.50000000000011 0.035894600500000005 125.50000000000001 6.5000000000000009 0.10643107000000002 1670.5000000000002 0.051150235000000009
decision_type=2 2 2 2 2 2 2 2 2 2 2 2 2 2 2 2 2 2 2 2 2 2 2 2 2 2 2 2 2 2
left_child=1 5 3 4 -2 7 11 13 -9 10 -5 29 18 -1 -10 -6 -12 21 -11 -3 -19 28 -15 -24 -18 26 -25 -17 -16 -7
right_child=2 19 -4 9 15 6 -8 8 14 12 16 -13 -14 22 17 27 24 20 -20 -21 -22 -23 23 25 -26 -27 -28 -29 -30 -31
leaf_value=0.048513167109919382 0.049523216344111075 -0.047355826127872667 -0.0019638126412286406 -0.017258061134715931 -0.048194256364092421 0.047704401669699206 -0.0056350756215266529 0.019660156495041808 0.048697510697537742 -0.047917866044706263 -0.048008411385940503 0.051447911832156523 -0.048570612139316918 0.047757470782450274 0.047850111866465303 -0.047498059073143147 -0.047474068919087814 0.047935832895048665 -0.047346788135498814 -0.047919920478393746 0.04847166785536438 0.04801475600802918 0.048224173516027376 0.047755673712289094 -0.047346744800176345 0.047756522708517615 0.048038205824396357 -0.04734893459327872 0.047754331365029899 0.047746971065778743
leaf_weight=6.84249623119831 4.7566633969545355 8.5905251353979093 5.4008986204862586 4.9192516654729834 4.6909141242504111 4.9012232571840304 6.6304986178874961 4.8263733685016623 5.1993028968572608 5.149147003889083 5.1445709913969031 4.8045831322669974 4.7079121619462958 4591.5471449196339 5.8463829904794684 5.1181007027626064 8.6039513796567899 5.1475628465414029 4551.4341959804296 6.553125485777854 5.4205631911754608 4.9210765212774268 6.3451077938079825 9.8097455054521543 214.03732718527317 68.435491219162941 4.9230408519506446 23.447345316410065 62.127155169844627 4.6707176566123962
leaf_count=29 20 37 22 20 20 21 27 20 22 22 22 20 20 19658 25 22 37 22 19606 28 23 21 27 42 922 293 21 101 266 20
internal_value=-2.26275e-06 0.047364 -0.047174 -0.0472245 -0.0353515 0.0476635 0.0317344 0.0477334 0.0464277 -0.0473187 -0.04673 0.0489693 -0.0473487 0.0477595 0.0478848 -0.0474911 -0.0473665 0.0478342 -0.0473474 -0.0475999 0.0482107 0.0477796 0.0477584 0.0478051 -0.0473517 0.0477731 0.0478501 -0.0473757 0.0477626 0.0477252
internal_weight=9654.95 4817.54 4837.41 4832.01 38.013 4802.4 21.007 4781.39 93.4884 4794 232.705 14.3765 4561.29 4687.9 88.662 33.2564 227.786 83.4627 4556.58 15.1437 10.5681 72.8946 4681.06 89.5134 222.641 83.1683 14.7328 28.5654 67.9735 9.57194
internal_count=41456 20622 20834 20812 163 20557 88 20469 399 20649 1001 61 19648 20070 379 143 981 357 19628 65 45 312 20041 383 959 356 63 123 291 41
is_linear=0
shrinkage=0.03


Tree=11
num_leaves=31
num_cat=0
split_feature=45 48 8 52 5 2 26 8 23 11 15 8 37 36 20 46 2 8 14 13 20 4 13 4 18 2 8 4 5 8
split_gain=22855.6 145.117 25.8812 31.2538 5.70753 19.9779 3.4114 0.209294 6.00453 0.181443 3.94339 0.0135905 0.0119861 0.0037356 0.0031269 0.00184781 0.00123961 0.000963104 0.000460506 0.00370629 0.000226508 0.000140771 0.000117007 0.000104377 9.47624e-05 0.000224519 3.265e-05 3.06398e-05 3.04115e-05 2.71169e-05
threshold=390.50000000000006 25.500000000000004 242.10410160000004 87.500000000000014 1821.5000000000002 10.795094760000003 19.500000000000004 250.72016100000005 0.034357372500000004 3145.5000000000005 104.50000000000001 219.16228895000003 0.054088662500000002 4.5000000000000009 132.50000000000003 221.50000000000003 16.235841275000002 200.01086955000002 858.50000000000011 669.50000000000011 69.500000000000014 229.15909090000005 1142.5000000000002 215.94665715000002 192.50000000000003 10.400065335000003 234.56818180000002 208.67054265000004 1666.5000000000002 253.92701385000001
decision_type=2 2 2 2 2 2 2 2 2 2 2 2 2 2 2 2 2 2 2 2 2 2 2 2 2 2 2 2 2 2
left_child=1 4 3 -2 9 12 7 8 -4 13 -11 17 22 -1 15 -9 26 -12 -15 -20 -10 -17 -6 -21 28 27 -3 -26 -19 -23
right_child=2 16 6 -5 5 -7 -8 14 20 10 11 -13 -14 18 -16 21 -18 24 19 23 -22 29 -24 -25 25 -27 -28 -29 -30 -31
leaf_value=0.047636634316356473 -0.04695718465691294 -0.046544326082454603 -0.013670040404065976 0.048793694978670865 0.047077407738739613 -0.019688897143388239 -0.020842014493725098 -0.047027468554872075 -0.046747805533651425 0.01914208680308015 0.047385743153588997 0.048609267572962744 0.048644576270067047 0.046929600730513603 -0.047325911468513185 -0.046703320468934169 -0.047189758603996511 0.047000707365857951 0.047687334543360799 0.046935310147857109 -0.046543365822963957 -0.046563173889394183 0.046878126522171909 0.047075650240747433 0.046926135933923613 0.047145423634760056 -0.046651081325229424 0.047015760491745398 0.046925952591430453 -0.046544611711816911
leaf_weight=6.7605835646390906 6.6845112890005094 5.0403361320495588 5.1796239614486685 5.6707846820354462 4.6215568035841041 5.2162743359804145 4.6642896831035605 7.1577433049678794 5.0562937855720511 4.8085590600967398 5.1047663837671271 4.9433825165033332 5.8865428417921057 4536.2834986895323 4.6292338371276847 5.053862825036048 4.63009089231491 5.5409337133169165 6.5159287303686133 77.029518440365791 137.91960863769054 71.958888813853264 6.2211072742938995 5.0844201594591132 13.374496981501585 7.4026793688535681 5.278697595000267 4.6184934973716727 42.198698937892914 4520.287654325366
leaf_count=29 29 22 21 24 20 21 19 31 22 20 22 21 25 19671 20 22 20 24 28 334 602 314 27 22 58 32 23 20 183 19730
internal_value=-2.36805e-06 0.0465411 -0.0463733 -0.00300983 0.0468353 0.0315714 -0.0464858 -0.0465109 -0.0454011 0.0469063 0.0455568 0.0470837 0.0475547 0.046932 -0.0465466 -0.0465458 -0.0467819 0.0469873 0.0469309 0.0469986 -0.0465506 -0.0465451 0.0469631 0.046944 0.0469595 0.0470064 -0.0465989 0.0469491 0.0469346 -0.0465449
internal_weight=9530.82 4756.56 4774.26 12.3553 4741.61 21.9455 4761.91 4757.24 148.156 4719.67 87.992 83.1835 16.7292 4631.67 4609.09 4604.46 14.9491 78.2401 4624.91 88.6299 142.976 4597.3 10.8427 82.1139 73.1353 25.3957 10.319 17.993 47.7396 4592.25
internal_count=41456 20622 20834 53 20557 93 20781 20762 645 20464 380 360 72 20084 20117 20097 65 339 20055 384 624 20066 47 356 317 110 45 78 207 20044
is_linear=0
shrinkage=0.03


Tree=12
num_leaves=31
num_cat=0
split_feature=49 48 8 23 17 17 26 11 15 8 23 20 21 36 12 20 15 8 43 20 4 24 27 13 11 10 8 4 20 17
split_gain=21788 178.075 15.9511 20.2963 4.92082 13.2204 3.35218 0.242556 3.78441 0.210403 6.25865 0.114653 0.0358187 0.00324351 0.00281145 0.00273792 0.00219471 0.00219232 0.00100635 0.000197392 0.000122178 0.000108742 0.000190963 0.000295548 8.83328e-05 0.00145772 9.45095e-05 5.04328e-05 0.000862596 2.26749e-05
threshold=116.50000000000001 24.500000000000004 242.10410160000004 0.035803628500000011 138.50000000000003 144.50000000000003 19.500000000000004 3145.5000000000005 104.50000000000001 250.72016100000005 0.034357372500000004 60.500000000000007 142.50000000000003 4.5000000000000009 30.500000000000004 132.50000000000003 116.50000000000001 218.60769230000002 0.18148461700000004 69.500000000000014 229.15909090000005 0.053750369000000006 7.5000000000000009 737.50000000000011 3105.5000000000005 643.50000000000011 215.94665715000002 249.09731290000005 72.500000000000014 134.50000000000003
decision_type=2 2 2 2 2 2 2 2 2 2 2 2 2 2 2 2 2 2 2 2 2 2 2 2 2 2 2 2 2 2
left_child=1 4 3 -2 7 -6 9 13 -9 10 -4 16 -7 -1 18 20 17 21 -3 -12 -11 -10 -23 -24 29 -26 -27 28 -22 -15
right_child=2 14 6 -5 5 12 -8 8 11 15 19 -13 -14 24 -16 -17 -18 -19 -20 -21 27 22 23 -25 25 26 -28 -29 -30 -31
leaf_value=0.046816330509694686 0.037645685582872873 -0.045791057668123858 -0.011406512997636745 -0.045957200154371616 -0.0081585816655042193 0.049883773315790345 -0.02027567977121815 0.018639196895808233 0.046153946599599885 -0.045941206976144795 -0.045983191474037698 0.041412665426144232 0.046558744611146695 0.046153653845284186 -0.046869958653492423 -0.046527566284340488 0.046814705947529282 0.046831766280863621 -0.046297412833898224 -0.045791025288552653 -0.046217317372756542 0.046162602958415268 0.04650883126959772 0.046213342822927744 0.046690769349004964 0.046151745749997253 0.046253296826648291 -0.045792167779271538 -0.045792435107719937 0.046190573599229352
leaf_weight=6.6739763468503943 4.6972591578960401 7.9074991345405596 4.9288831055164328 5.8912106454372406 5.532035484910014 5.2037793248891813 4.6509379893541327 4.7904235273599616 41.177488312125206 4.9846152067184439 4.9872026592493048 4.6115126758813849 6.6318366974592209 4418.4859257489443 4.6000977009534827 4.568324238061904 6.2012081444263449 5.0616465657949439 6.3847117125988007 136.00889609754086 4.550785854458808 17.520232871174816 4.5770368427038184 9.1097460538148862 4.8214914947748175 114.6555187702179 8.8873354196548444 4449.5341163128614 78.173319771885872 15.022566869854925
leaf_count=29 20 35 20 26 23 22 19 20 181 22 22 20 29 19422 20 20 27 22 28 602 20 77 20 40 21 504 39 19694 346 66
internal_value=-2.4606e-06 0.045694 -0.0456492 -0.00886927 0.0460652 0.0301262 -0.0457322 0.0461246 0.0446082 -0.0457575 -0.0446362 0.0460178 0.0480207 0.0461555 -0.0462249 -0.0457935 0.0462716 0.0462282 -0.0460173 -0.0457978 -0.0457928 0.046186 0.0462282 0.0463122 0.0461545 0.046179 0.0461591 -0.0457926 -0.0458158 0.0461538
internal_weight=9400.83 4697.86 4702.98 10.5885 4678.96 17.3677 4692.39 4661.6 93.0493 4687.74 145.925 88.2589 11.8356 4568.55 18.8923 4541.81 83.6474 77.4462 14.2922 140.996 4537.24 72.3845 31.207 13.6868 4561.87 128.364 123.543 4532.26 82.7241 4433.51
internal_count=41456 20645 20811 46 20562 74 20765 20488 407 20746 644 387 51 20081 83 20102 367 340 63 624 20082 318 137 60 20052 564 543 20060 366 19488
is_linear=0
shrinkage=0.03


Tree=13
num_leaves=31
num_cat=0
split_feature=49 48 28 14 42 6 18 27 28 11 15 12 6 23 17 18 14 51 36 12 18 10 13 49 12 37 14 13 6 11
split_gain=20808.2 170.036 13.6243 5.04023 11.7772 0.577994 1.93955 0.331935 31.4615 0.191345 3.75078 0.032224 0.0246457 0.00789411 0.0036104 0.0035243 0.0844026 0.0029538 0.0028228 0.00245311 0.000876831 0.000535732 0.000518509 0.000325161 0.000139033 0.00012482 0.000124127 0.000874646 8.56366e-05 8.48657e-05
threshold=116.50000000000001 24.500000000000004 124.50000000000001 923.50000000000011 0.090909091500000011 42.487358140000005 337.50000000000006 36.500000000000007 46.500000000000007 3145.5000000000005 104.50000000000001 56.500000000000007 52.261925165000008 0.034696111500000008 136.50000000000003 279.50000000000006 875.50000000000011 121.50000000000001 4.5000000000000009 30.500000000000004 70.500000000000014 734.50000000000011 740.50000000000011 117.50000000000001 45.500000000000007 0.025006171500000004 858.50000000000011 669.50000000000011 39.675337840000005 3770.5000000000005
decision_type=2 2 2 2 2 2 2 2 2 2 2 2 2 2 2 2 2 2 2 2 2 2 2 2 2 2 2 2 2 2
left_child=1 3 5 9 11 6 -2 15 -9 14 -11 -5 13 -10 18 16 23 -12 -1 20 -3 24 -23 -7 -19 -8 -20 -28 -29 -15
right_child=2 19 -4 4 -6 7 25 8 12 10 17 -13 -14 29 -16 -17 -18 21 26 -21 -22 22 -24 -25 -26 -27 27 28 -30 -31
leaf_value=0.046047334228971497 -0.022670823573665157 -0.045560339598215614 0.0065282944127966801 0.048392428183365102 -0.0020319112983405224 -0.045343979394196814 -0.045271045168254823 0.035112608528024322 -0.04631785857769135 0.018150792571387894 0.046226864220491125 0.045368838205338165 -0.047262922365235278 -0.045174392610021846 0.046199619296734711 -0.045085346850334308 -0.049199287289778855 0.045566827553638216 0.045424970604363388 -0.046099046212867638 -0.045084272613722116 0.045868729372316751 0.045447850206205613 -0.045083371194519856 0.04542702610040146 -0.04508040699352469 0.045807658263108446 0.045426649693338504 0.045552920433639295 -0.045084891201942534
leaf_weight=6.583239719271659 4.5417260527610805 6.2947223484516162 4.6237329989671698 6.9675400108099002 6.7211224734783164 4.475800246000289 4.4704379439353934 4.4522131383419028 4.7572762072086325 4.772026613354682 5.006866216659545 5.8239636123180389 4.8248275071382514 9.8130021989345533 5.4439381361007682 4125.9886007905006 4.6809590160846701 7.195407807826995 4409.8910849392414 4.5376569628715506 7.7922619432210922 5.6505618691444379 4.9354125410318375 115.54581172764301 58.086334675550461 10.017771437764166 6.0995393246412268 74.233007416129112 5.1705862283706656 336.40752416849136
leaf_count=29 20 28 19 30 28 20 20 19 21 20 22 26 21 44 24 18532 20 32 19664 20 35 25 22 519 259 45 27 331 23 1511
internal_value=-2.54513e-06 0.0449709 -0.0449431 0.0453362 0.0301213 -0.0449945 -0.0397769 -0.045016 -0.0441417 0.0454008 0.0439961 0.0470158 -0.0451334 -0.0451041 0.0454275 -0.0450901 -0.0452472 0.0455211 0.0454266 -0.0454924 -0.045297 0.0454745 0.0456725 -0.0450931 0.0454424 -0.0451392 0.0454257 0.0454615 0.0454349 -0.0450874
internal_weight=9265.8 4631.21 4634.6 4612.58 19.5126 4629.98 19.0299 4610.95 360.255 4593.07 85.6466 12.7915 355.803 350.978 4507.42 4250.69 124.703 80.8746 4501.98 18.6246 14.087 75.8677 10.586 120.022 65.2817 14.4882 4495.39 85.5031 79.4036 346.221
internal_count=41456 20645 20811 20562 84 20792 85 20707 1616 20478 380 56 1597 1576 20098 19091 559 360 20074 83 63 338 47 539 291 65 20045 381 354 1555
is_linear=0
shrinkage=0.03


Tree=14
num_leaves=31
num_cat=0
split_feature=45 48 28 17 2 4 39 14 51 4 23 28 30 14 24 4 36 23 13 18 7 42 0 2 24 23 14 2 6 10
split_gain=19907.7 126.328 13.1622 5.56329 15.0088 5.17173 36.9833 0.126502 3.17098 0.090827 4.50718 0.0206438 0.0181669 0.00319035 0.00266134 0.00260381 0.0024498 0.0023031 0.00173288 0.00361496 0.00579199 0.00138232 0.00103136 0.000840292 0.0002993 0.000167732 0.000111732 7.66451e-05 5.76872e-05 2.24837e-05
threshold=390.50000000000006 25.500000000000004 124.50000000000001 136.50000000000003 10.795094760000003 241.90757860000002 0.032923663500000012 858.50000000000011 121.50000000000001 250.15070310000002 0.034148574500000008 114.50000000000001 1.5000000000000002 910.50000000000011 0.058683249500000007 216.74084245000003 4.5000000000000009 0.035159978000000008 767.50000000000011 187.50000000000003 8693.5000000000018 0.047616866000000001 29.500000000000004 16.235841275000002 0.052730876500000003 0.035894600500000005 800.50000000000011 10.463668545000003 42.487358140000005 470.50000000000006
decision_type=2 2 2 2 2 2 2 2 2 2 2 2 2 2 2 2 2 2 2 2 2 2 2 2 2 2 2 2 2 2
left_child=1 3 5 7 12 6 -2 16 -9 10 -7 22 24 15 -8 -10 -1 -12 -18 20 -20 -15 -11 29 -5 -19 -21 -16 -27 -3
right_child=2 23 -4 4 -6 9 14 8 13 11 17 -13 -14 21 27 -17 18 25 19 26 -22 -23 -24 -25 -26 28 -28 -29 -30 -31
leaf_value=0.045325280413627045 0.04679801373315521 -0.044511116344996673 0.0063302132409390399 0.044671183132882826 -0.011208496649800222 -0.015218962718488029 -0.045245043791028262 0.022858868175086165 0.044741075955704611 -0.044857195184765192 -0.045087893764346257 -0.046312273824985963 0.04711131617062915 0.04502426338152999 -0.044430479093086339 0.045380776676160459 0.044740218833241981 -0.044562037773873991 0.044736034777105305 0.044742923618169173 0.046227312221269135 0.045714472474006271 -0.044420460202665303 -0.0449597148321517 0.045005121440172796 -0.044502531631022663 0.044904638588523893 -0.044564710462031906 -0.044419873306443099 -0.044420389044454792
leaf_weight=6.4888958930969229 4.5666958540678015 4.6138111501932126 4.6253394782543173 5.2934726923704165 5.9240704029798499 4.8567753583192816 4.4531818032264736 6.2026760131120673 112.22725503146648 4.8720317631959906 4.8775291293859473 5.2002941071987143 4.5998523384332648 6.2166491299867612 22.368448391556743 6.0345492511987677 4344.7597842216492 8.1356966495513898 4.8597014099359495 22.093009710311893 4.5279318988323212 4.5032276511192322 4298.5604565292597 4.4389314502477637 4.4430361241102219 7.9082341045141211 4.6554688811302176 4.6189564764499655 194.25014148652554 5.2618935257196426
leaf_count=29 20 21 19 24 24 20 20 27 508 22 22 23 20 28 102 27 19667 37 22 100 20 20 19606 20 20 36 21 21 886 24
internal_value=-2.62489e-06 0.0443643 -0.0442516 0.0446447 0.0289594 -0.0443028 -0.0329782 0.044715 0.0438111 -0.0443929 -0.0437983 -0.0444232 0.0455576 0.0448186 -0.0445656 0.0447737 0.0447428 -0.0444434 0.0447419 0.0449488 0.0454553 0.0453142 -0.044421 -0.0446169 0.0448236 -0.0444285 0.0447711 -0.0444535 -0.0444231 -0.0444628
internal_weight=9126.44 4557.14 4569.29 4542.83 20.2604 4564.67 36.0073 4522.57 135.184 4528.66 220.028 4308.63 14.3364 128.982 31.4406 118.262 4387.38 215.172 4380.9 36.1361 9.38763 10.7199 4303.43 14.3146 9.73651 210.294 26.7485 26.9874 202.158 9.8757
internal_count=41456 20622 20834 20557 88 20815 163 20469 610 20652 1001 19651 64 583 143 535 19859 981 19830 163 42 48 19628 65 44 959 121 123 922 45
is_linear=0
shrinkage=0.03


Tree=15
num_leaves=31
num_cat=0
split_feature=49 48 8 23 17 17 28 11 15 8 23 22 21 28 15 36 12 8 2 22 6 18 17 11 10 6 2 13 4 2
split_gain=19018.9 155.375 14.5536 18.0781 4.69635 12.4002 3.50938 0.243792 3.68971 0.207514 5.94268 0.113393 0.0349802 0.0048739 0.00246874 0.00214697 0.00191837 0.00144972 0.000733753 0.000255689 0.000146642 0.000117371 0.000256425 0.000116009 0.00196693 0.000115022 8.69944e-05 0.000207519 5.19912e-05 0.000884589
threshold=116.50000000000001 24.500000000000004 242.10410160000004 0.035803628500000011 138.50000000000003 144.50000000000003 121.00000000000001 3145.5000000000005 104.50000000000001 250.72016100000005 0.034357372500000004 60.500000000000007 142.50000000000003 114.50000000000001 116.50000000000001 4.5000000000000009 30.500000000000004 218.60769230000002 16.235841275000002 69.500000000000014 42.487358140000005 192.50000000000003 128.50000000000003 3105.5000000000005 643.50000000000011 39.675337840000005 10.432125305000001 1161.5000000000002 249.09731290000005 10.938205895000001
decision_type=2 2 2 2 2 2 2 2 2 2 2 2 2 2 2 2 2 2 2 2 2 2 2 2 2 2 2 2 2 2
left_child=1 4 3 -2 7 -6 9 15 -9 10 -4 14 -7 20 17 -1 18 21 -3 -12 26 -10 -23 -17 -25 -26 27 -11 29 -22
right_child=2 16 6 -5 5 12 -8 8 11 13 19 -13 -14 -15 -16 23 -18 -19 -20 -21 28 22 -24 24 25 -27 -28 -29 -30 -31
leaf_value=0.04464628076450787 0.036236427673149905 -0.043830856899229657 -0.010132625135774904 -0.043945915727054793 -0.0089153953733280278 0.047881939280105597 -0.016175359863671624 0.016670918743027022 0.044100785023670229 -0.044070335589318076 -0.044015772323019418 0.039287940356257704 0.044537696770812492 -0.044793217993669712 0.044800011194608032 0.044095206449466962 -0.044701602310815429 0.044666648325675198 -0.044302241326435093 -0.04379215580099835 -0.043792226148322719 0.044329720893060656 0.044119241435061504 0.044731039086550642 0.044094087583960377 0.044227778217304579 -0.043792835508373699 -0.043799343239570826 -0.043793895505231065 -0.044233832272737819
leaf_weight=6.3914271444082251 4.596918657422064 9.2865396440029162 4.8898533135652533 5.6302212178707123 5.4719281494617489 5.0534499883651716 4.1549999862909308 4.7101589143276206 44.370872914791107 5.2159436345100421 4.7710402011871329 4.4419583082199088 6.3547288924455643 4.4035768508911124 5.9558812081813803 4238.1525982022285 4.4064118564128867 4.8481673449277869 4.3706951141357413 129.88446019589901 64.510849848389626 7.4339922070503262 17.407879859209061 4.634618252515792 111.99619992077351 6.1077662110328665 5.8254899978637686 4.9632432907819748 4248.6268300116062 4.3581772297620764
leaf_count=29 20 43 20 26 23 22 17 20 204 24 22 20 29 20 27 19488 20 22 20 602 299 34 80 21 515 28 27 23 19691 20
internal_value=-2.6936e-06 0.0436507 -0.0436519 -0.00790537 0.0440053 0.0282113 -0.0437335 0.0440651 0.0425123 -0.043759 -0.0426203 0.0439534 0.0460191 -0.0437957 0.0442124 0.0440968 -0.0441573 0.0441651 -0.0439817 -0.0438001 -0.0437947 0.04413 0.0441822 0.044096 0.0441248 0.044101 -0.0438853 -0.0439382 -0.0437943 -0.0438202
internal_weight=8983.23 4491.4 4491.83 10.2271 4473.33 16.8801 4481.6 4456.45 89.1689 4477.45 139.545 84.4588 11.4082 4337.9 80.0168 4367.28 18.0636 74.0609 13.6572 134.656 4333.5 69.2127 24.8419 4360.89 122.739 118.104 16.0047 10.1792 4317.5 68.869
internal_count=41456 20645 20811 46 20562 74 20765 20488 407 20748 644 387 51 20104 367 20081 83 340 63 624 20084 318 114 20052 564 543 74 47 20010 319
is_linear=0
shrinkage=0.03


Tree=16
num_leaves=31
num_cat=0
split_feature=45 48 8 52 17 37 28 8 23 15 11 19 8 23 28 15 36 46 2 5 6 18 17 11 10 6 2 1 6 20
split_gain=18220.2 112.141 31.2804 37.431 3.88087 10.8225 3.4641 0.203446 6.47253 0.0463898 0.011507 0.470963 0.0106548 0.00485742 0.00428937 0.00224707 0.00188154 0.00107649 0.000643046 0.00054464 0.000128963 0.00012758 0.000195197 0.000103945 0.00172363 0.000101002 7.623e-05 0.000181787 5.04846e-05 4.94652e-05
threshold=389.50000000000006 25.500000000000004 242.10410160000004 87.500000000000014 139.50000000000003 0.050006701500000007 121.00000000000001 250.72016100000005 0.033978040500000008 128.50000000000003 3145.5000000000005 267.50000000000006 219.16228895000003 0.035468696500000008 114.50000000000001 116.50000000000001 4.5000000000000009 221.50000000000003 16.235841275000002 1666.5000000000002 42.487358140000005 192.50000000000003 128.50000000000003 3105.5000000000005 643.50000000000011 39.675337840000005 10.432125305000001 19.500000000000004 37.975900120000006 70.500000000000014
decision_type=2 2 2 2 2 2 2 2 2 2 2 2 2 2 2 2 2 2 2 2 2 2 2 2 2 2 2 2 2 2
left_child=1 4 3 -2 10 9 7 8 -4 -6 16 -12 15 -10 17 19 -1 -9 -3 -13 26 -21 -23 -18 -25 -26 27 -19 -24 -15
right_child=2 18 6 -5 5 -7 -8 14 13 -11 11 12 -14 29 -16 -17 23 20 -20 21 -22 22 28 24 25 -27 -28 -29 -30 -31
leaf_value=0.044006870469561157 -0.047843091212584274 -0.04323776085969621 -0.0070920364313390412 0.044989107759498749 0.047430773639349458 -0.007627615163151396 -0.015729320461560725 -0.043579499388727003 -0.04412570328056345 0.043525366792590926 0.033980727864368759 0.043845904405657075 0.045068775722775185 -0.043286600993624288 -0.044148180266881311 0.044153506375621057 0.043486884306833284 -0.043463730074013662 -0.043682653502537167 0.04348595158260958 -0.043203091232503918 0.043695206414336094 0.043600436712420657 0.044087105383829227 0.043486126933834732 0.043612424588755756 -0.043201844816414967 -0.043207995173381995 0.043488757247197522 -0.043202214587082656
leaf_weight=6.2912783920764914 7.6881765425205213 9.1338152289390546 4.6115218698978415 7.9527103900909424 4.5586809217929858 5.0597603768110266 4.1447955518960944 6.8606752902269355 5.3931966722011557 6.8515129536390305 4.7750710248947135 4.959568887948989 4.6409690678119651 6.5917910337448111 4.3349167704582205 5.8631970137357703 4165.6414075791836 5.1313572078943235 4.3007651567459098 39.793716818094254 4242.9323163926601 7.9581152051687267 4.9358803480863598 4.5623344779014579 110.18253791332245 6.0096101909875861 5.729477807879447 4.8814720511436462 13.907488748431204 121.16916593909264
leaf_count=29 35 43 19 36 20 21 17 32 25 32 21 23 21 31 20 27 19470 24 20 186 19994 37 23 21 515 28 27 23 65 571
internal_value=-2.75586e-06 0.0431624 -0.0429924 -0.000641958 0.0434269 0.0288915 -0.0431426 -0.0431684 -0.0420337 0.0450857 0.0434815 0.0431396 0.0436726 -0.0432438 -0.043205 0.0435889 0.0434884 -0.043204 -0.0433802 0.0435426 -0.0432034 0.04352 0.0435706 0.0434877 0.0435151 0.0434927 -0.0432891 -0.0433391 0.043518 -0.0432066
internal_weight=8836.85 4409.43 4427.42 15.6409 4395.99 16.47 4411.78 4407.64 137.766 11.4102 4379.52 86.834 82.0589 133.154 4269.87 77.418 4292.69 4265.54 13.4346 71.5548 4258.67 66.5952 26.8015 4286.4 120.754 116.192 15.7423 10.0128 18.8434 127.761
internal_count=41456 20602 20854 71 20539 73 20783 20766 646 52 20466 403 382 627 20120 361 20063 20100 63 334 20068 311 125 20034 564 543 74 47 88 602
is_linear=0
shrinkage=0.03


Tree=17
num_leaves=31
num_cat=0
split_feature=45 48 8 52 14 7 28 8 23 14 17 2 4 23 28 11 15 46 2 23 43 18 8 14 13 27 26 13 6 43
split_gain=17446.6 107.366 30.0252 35.7645 4.76283 10.856 3.42375 0.203113 6.33603 0.0204537 0.250033 0.522669 0.0152181 0.004318 0.00378526 0.00324949 0.0154933 0.000946133 0.000564574 0.000454804 0.000422542 0.000332479 0.000354514 0.000306672 0.000901772 0.000299384 0.000191483 0.000774967 0.000113229 9.91452e-05
threshold=389.50000000000006 25.500000000000004 242.10410160000004 87.500000000000014 947.50000000000011 10815.500000000002 121.00000000000001 250.72016100000005 0.033978040500000008 866.50000000000011 125.50000000000001 10.881383210000001 214.64932430000002 0.035468696500000008 114.50000000000001 3145.5000000000005 105.50000000000001 221.50000000000003 16.235841275000002 0.021258515000000002 0.20615630200000004 192.50000000000003 212.81173865000002 858.50000000000011 669.50000000000011 18592.500000000004 93.500000000000014 685.50000000000011 42.487358140000005 0.12766140450000005
decision_type=2 2 2 2 2 2 2 2 2 2 2 2 2 2 2 2 2 2 2 2 2 2 2 2 2 2 2 2 2 2
left_child=1 4 3 -2 9 -6 7 8 -4 15 11 -11 21 -10 17 19 -17 -9 -3 20 -1 -12 -23 26 -25 -18 29 -28 -19 -21
right_child=2 18 6 -5 5 -7 -8 14 13 10 12 -13 -14 -15 -16 16 25 28 -20 23 -22 22 -24 24 -26 -27 27 -29 -30 -31
leaf_value=0.04329241883673586 -0.047088726592899373 -0.042677616816665369 -0.0068865895231931583 0.044333646703548106 -0.011285511200860698 0.045418446479384839 -0.015296425957291452 -0.043000688926671346 -0.043521880266088442 0.030314587729351184 0.042913497553837519 0.042988261999967345 0.044495651157699545 -0.042648120618737594 -0.043539921091396504 0.044821817130549564 0.042942661811039076 -0.042726122540878028 -0.043098011503814579 0.043051721736606381 0.042912813005209487 0.043234415543025588 0.042953704363530125 0.043348884605400193 0.042910786515195622 0.043195165247647022 0.043354607700636656 0.042911314887277542 -0.04264482369196592 0.042913059849839105
leaf_weight=5.5293087214231473 7.5786564946174604 8.9784358292818052 4.6066982001066199 7.8300348669290543 4.7729095369577399 8.3630857914686185 4.1343911737203589 6.7461643815040579 5.3053103834390631 4.4871656894683829 67.106601446866989 8.431796267628668 6.0974308848381034 125.58380806446075 4.2646741271018973 4.6081930994987479 31.792727708816528 15.475286632776259 4.2294125258922568 4.6461268961429587 5.048698365688324 6.5789905488491085 10.529536530375479 5.7493591308593777 15.986543729901312 4.8739371448755255 4.4688749909400967 17.248921096324921 4170.6163792610168 4106.0906378179789
leaf_count=26 35 43 19 36 20 38 17 32 25 21 319 40 28 602 20 21 151 74 20 22 24 31 50 27 76 23 21 82 19994 19519
internal_value=-2.80963e-06 0.0425912 -0.0424351 -0.000631805 0.0428522 0.0248153 -0.0425837 -0.0426097 -0.0414665 0.0429072 0.04249 0.0385863 0.0430484 -0.0426835 -0.0426466 0.0429174 0.0431823 -0.0426457 -0.0428122 0.0429148 0.0431112 0.0429436 0.0430617 0.0429143 0.0430267 0.0429762 0.0429137 0.0430025 -0.0426451 0.0429132
internal_weight=8687.76 4335.62 4352.14 15.4087 4322.41 13.136 4336.73 4332.6 135.496 4309.27 103.232 12.919 90.3126 130.889 4197.1 4206.04 41.2749 4192.84 13.2078 4164.77 10.578 84.2151 17.1085 4154.19 21.7359 36.6667 4132.45 21.7178 4186.09 4110.74
internal_count=41456 20602 20854 71 20539 58 20783 20766 646 20481 489 61 428 627 20120 19992 195 20100 63 19797 50 400 81 19747 103 174 19644 103 20068 19541
is_linear=0
shrinkage=0.03


Tree=18
num_leaves=31
num_cat=0
split_feature=45 48 8 24 14 10 28 8 23 14 51 5 24 28 17 11 15 46 8 2 13 14 13 14 4 30 23 6 22 2
split_gain=16715.3 102.852 28.833 22.1736 4.70023 10.59 3.38798 0.203089 6.20966 0.0210668 0.730128 0.00767255 0.00420961 0.00334592 0.00290939 0.00244918 0.0140124 0.000833015 0.000614112 0.000496547 0.000277611 0.000273398 0.000793497 0.000257157 0.000170753 0.000162509 0.000101449 9.96379e-05 7.71974e-05 6.0389e-05
threshold=389.50000000000006 25.500000000000004 242.10410160000004 0.055692562500000008 947.50000000000011 786.50000000000011 121.00000000000001 250.72016100000005 0.033978040500000008 866.50000000000011 121.50000000000001 1641.5000000000002 0.056896008500000005 114.50000000000001 136.50000000000003 3145.5000000000005 105.50000000000001 221.50000000000003 219.43746090000002 16.235841275000002 345.50000000000006 858.50000000000011 669.50000000000011 923.50000000000011 212.09639955000003 1.0000000180025095e-35 0.021258515000000002 42.487358140000005 70.500000000000014 10.432125305000001
decision_type=2 2 2 2 2 2 2 2 2 2 2 2 2 2 2 2 2 2 2 2 2 2 2 2 2 2 2 2 2 2
left_child=1 4 3 -2 9 -6 7 8 -4 14 -11 -12 -10 17 15 20 -17 -9 23 -3 25 -22 -23 -13 -18 26 -1 29 -14 -19
right_child=2 19 6 -5 5 -7 -8 13 12 10 11 18 28 -15 -16 16 24 27 -20 -21 21 22 -24 -25 -26 -27 -28 -29 -30 -31
leaf_value=0.042671899215859427 0.037126867083286691 -0.042147974590534196 -0.0066870452690184915 -0.035470725271630525 -0.01134213898658375 0.044853108038511669 -0.014876143955047199 -0.042453751956624319 -0.043066737958718834 0.02954388680200936 0.043704622711292641 0.042374157795595987 -0.042221522390694287 -0.042965621604981727 0.043108757616619017 0.044177603260359417 0.042381113194673456 -0.042239079945107283 0.042757950122480522 -0.042545679497305915 0.042370557681795387 0.042782991968073364 0.042368492597075529 0.042604983221857629 0.042581500771331951 0.04237040609026084 0.042483220500989953 -0.04211692049128303 -0.042115916733737969 -0.042114810254203439
leaf_weight=4.5918553769588488 7.2819851636886579 8.8209058195352537 4.6019131094217292 7.8881014883518219 4.7577336132526389 8.2545908540487272 4.1238223165273658 6.6298433393239966 4.3903338611125937 4.1051605939865103 4.260689213871955 84.351415067911148 6.5781515538692465 4.1931098848581305 4.8544912040233603 4.53621782362461 30.811681881546974 9.6718495786190015 4.1839988529682151 4.1568866223096839 4050.8793563097715 5.652114778757098 15.709616377949713 4.5796702355146399 4.369879573583602 5.9948449581861487 5.8096615523099899 4097.3135529011488 117.624258056283 5.5326335430145255
leaf_count=22 34 43 19 37 20 38 17 32 21 19 20 408 32 20 23 21 149 47 20 20 19596 27 76 22 21 29 28 19994 574 27
internal_value=-2.85603e-06 0.0420513 -0.041908 -0.000622237 0.042309 0.0243063 -0.042055 -0.0420814 -0.0409284 0.0423643 0.0419372 0.0424597 -0.0421538 -0.0421186 0.0423748 0.0423739 0.0426083 -0.0421177 0.0424028 -0.0422754 0.0423716 0.0423711 0.0424782 0.042386 0.042406 0.0424948 0.0425665 -0.0421172 -0.0421215 -0.0421939
internal_weight=8536.51 4260.68 4275.83 15.1701 4247.7 13.0123 4260.66 4256.54 133.195 4234.69 101.481 97.3758 128.593 4123.34 4133.21 4128.36 39.7178 4119.15 93.1151 12.9778 4088.64 4072.24 21.3617 88.9311 35.1816 16.3964 10.4015 4112.52 124.202 15.2045
internal_count=41456 20602 20854 71 20539 58 20783 20766 646 20481 489 470 627 20120 19992 19969 191 20100 450 63 19778 19699 103 430 170 79 50 20068 606 74
is_linear=0
shrinkage=0.03


Tree=19
num_leaves=31
num_cat=0
split_feature=45 48 8 52 14 42 28 8 23 14 19 8 24 28 17 13 18 14 36 46 2 18 19 8 14 13 19 6 16 24
split_gain=16023.1 98.5817 27.8379 33.2349 4.64281 10.3398 3.35632 0.203359 6.09247 0.0216428 0.551704 0.00396795 0.00375398 0.00296211 0.00256788 0.00132275 0.00306145 0.00472264 0.00131732 0.000734547 0.00043742 0.000359871 0.000562712 0.000263825 0.000256347 0.000684611 0.000152685 8.77896e-05 8.11764e-05 8.4189e-05
threshold=389.50000000000006 25.500000000000004 242.10410160000004 87.500000000000014 947.50000000000011 0.090909091500000011 121.00000000000001 250.72016100000005 0.033978040500000008 866.50000000000011 267.50000000000006 219.43746090000002 0.056896008500000005 114.50000000000001 136.50000000000003 767.50000000000011 187.50000000000003 721.50000000000011 4.5000000000000009 221.50000000000003 16.235841275000002 192.50000000000003 275.50000000000006 209.92770035000004 858.50000000000011 669.50000000000011 297.50000000000006 42.487358140000005 654.50000000000011 0.053100005000000013
decision_type=2 2 2 2 2 2 2 2 2 2 2 2 2 2 2 2 2 2 2 2 2 2 2 2 2 2 2 2 2 2
left_child=1 4 3 -2 9 -6 7 8 -4 14 -11 21 -10 19 15 18 17 -17 -1 -9 -3 28 -23 -24 26 -26 -20 -21 29 -12
right_child=2 20 6 -5 5 -7 -8 13 12 10 11 -13 -14 -15 -16 16 -18 -19 24 27 -22 22 23 -25 25 -27 -28 -29 -30 -31
leaf_value=0.04230387424125865 -0.045978568091798365 -0.041646628938902253 -0.0064932274463975446 0.043349074504304246 0.044380577842427535 -0.011300787393764642 -0.014467974053404999 -0.041936340153844537 -0.042521999984001642 0.032134119497503548 0.041862940343770409 0.042773658099732173 -0.041621550072488245 -0.042422744925408866 0.042556910463095919 0.04185353900811032 0.041879826543460515 0.043253843861152746 0.041857462199147537 -0.041690074798575172 -0.042023271267082128 0.042279166318152282 0.042114393285163927 0.041840921419067326 0.042248006195440439 0.04186863478732851 0.042005067434428708 -0.041617195030097177 0.041856997947475584 0.042026002372944342
leaf_weight=5.9801840037107459 7.3806243091821653 8.6616884320974332 4.5971715152263632 7.6173979341983795 8.1266167610883695 4.759283870458602 4.1131223738193503 6.512074574828147 4.3143295645713797 5.4507047533988944 5.6858277022838575 4.9923394024372092 121.95746384561062 4.1204641312360755 4.7711776196956626 4.466090723872183 25.195175692439079 4.211819589138031 3984.3189988285303 14.930710047483442 4.0834168642759314 5.3521896749734905 4.5048914402723303 10.754217505455015 5.5534687638282803 18.685948297381401 6.3171625435352317 4023.2381167560816 57.254248321056366 5.7128485888242722
leaf_count=29 35 43 19 36 38 20 17 32 21 26 28 24 606 20 23 22 124 20 19624 74 20 26 22 53 27 92 31 19994 282 28
internal_value=-2.9009e-06 0.0415404 -0.0414083 -0.000609639 0.0417949 0.0238152 -0.0415545 -0.0415812 -0.0404172 0.0418506 0.041414 0.0419506 -0.0416523 -0.0416188 0.0418613 0.0418605 0.0420472 0.0425332 0.0418589 -0.041618 -0.0417673 0.0419046 0.0420145 0.0419217 0.0418583 0.0419556 0.0418577 -0.0416175 0.0418716 0.0419447
internal_weight=8383.62 4184.84 4198.78 14.998 4172.09 12.8859 4183.78 4179.67 130.869 4159.21 99.7073 94.2566 126.272 4048.8 4059.5 4054.73 33.8731 8.67791 4020.86 4044.68 12.7451 89.2642 20.6113 15.2591 4014.88 24.2394 3990.64 4038.17 68.6529 11.3987
internal_count=41456 20602 20854 71 20539 58 20783 20766 646 20481 489 463 627 20120 19992 19969 166 42 19803 20100 63 439 101 75 19774 119 19655 20068 338 56
is_linear=0
shrinkage=0.03


Tree=20
num_leaves=31
num_cat=0
split_feature=45 48 8 52 14 7 28 8 24 14 51 5 24 28 11 15 36 46 8 2 14 5 26 21 26 17 20 4 24 17
split_gain=15367.5 94.5369 26.7599 31.8094 4.59055 10.0665 3.32834 0.2039 5.98357 0.0222854 0.745236 0.00685509 0.0033522 0.00262618 0.00228182 0.0108814 0.00116112 0.000648735 0.000452868 0.000385933 0.000210703 0.000561112 0.000208467 0.000203807 0.000192809 0.00082245 6.19529e-05 4.46225e-05 0.000343341 3.29879e-05
threshold=389.50000000000006 25.500000000000004 242.10410160000004 87.500000000000014 947.50000000000011 10815.500000000002 121.00000000000001 250.72016100000005 0.055923376500000004 866.50000000000011 121.50000000000001 1641.5000000000002 0.056896008500000005 114.50000000000001 3145.5000000000005 105.50000000000001 4.5000000000000009 221.50000000000003 219.43746090000002 16.235841275000002 858.50000000000011 1615.5000000000002 64.500000000000014 102.50000000000001 93.500000000000014 133.50000000000003 70.500000000000014 249.09731290000005 0.058498711500000002 127.50000000000001
decision_type=2 2 2 2 2 2 2 2 2 2 2 2 2 2 2 2 2 2 2 2 2 2 2 2 2 2 2 2 2 2
left_child=1 4 3 -2 9 -6 7 8 -4 14 -11 -12 -10 17 16 -16 -1 -9 23 -3 24 -22 29 -13 -18 -26 -14 28 -19 -17
right_child=2 19 6 -5 5 -7 -8 13 12 10 11 18 26 -15 15 22 20 27 -20 -21 21 -23 -24 -25 25 -27 -28 -29 -30 -31
leaf_value=0.041794310374446079 -0.045332048173696377 -0.041171570670114607 -0.0063049669450931673 0.042786567665347421 -0.011311333835770541 0.043834468265248359 -0.014071451635439169 -0.041446342254534765 -0.042006380162883238 0.028235625411870441 0.042652535008078585 0.041375998742285244 -0.041239039249154348 -0.041908995998519973 0.043010361909659449 0.041460716462617828 0.041371188308324765 -0.041412604542610629 0.041712706664817426 -0.041528632221134662 0.041716418735869759 0.041369240409650128 0.041612814843018063 0.041573023601280429 0.041369971836500812 0.04184634366203524 -0.041142678952780738 -0.041143451441706211 -0.041150153580989904 0.041381094071120422
leaf_weight=5.8731221556663504 7.2630871534347516 8.5012097954750043 4.592478245496749 7.487973541021347 4.7411682903766623 8.0163143724203092 4.1023215353488913 6.3931898623704901 4.2374317198991767 4.0002937614917746 4.127468302845954 80.735314533114433 6.3408373445272437 4.0469581037759772 4.3898855596780768 5.799550428986552 3898.717595949769 4.786402776837348 4.0359810739755622 4.0092143565416327 5.8523336648941067 14.74786953628063 4.6214886754751197 5.0189281255006781 16.741311043500904 4.0511293709278098 113.35419191420078 3886.9460352510214 71.509501427412033 24.325223252177238
leaf_count=29 35 43 19 36 20 38 17 32 21 19 20 405 32 20 21 29 19561 24 20 20 29 74 23 25 84 20 574 19682 362 122
internal_value=-2.93868e-06 0.0410564 -0.0409352 -0.000601037 0.0413079 0.0233402 -0.0410801 -0.0411071 -0.0399311 0.0413641 0.040917 0.0414571 -0.0411771 -0.0411452 0.0413751 0.041603 0.0413728 -0.0411444 0.0414021 -0.041286 0.0413722 0.0414679 0.0414252 0.0413875 0.0413717 0.0414628 -0.0411478 -0.0411439 -0.0411666 0.0413964
internal_weight=8229.37 4108.31 4121.06 14.7511 4095.79 12.7575 4106.31 4102.21 128.525 4083.04 97.918 93.9177 123.932 3973.68 3985.12 39.1361 3945.98 3969.64 89.7902 12.5104 3940.11 20.6002 34.7463 85.7542 3919.51 20.7924 119.695 3963.24 76.2959 30.1248
internal_count=41456 20602 20854 71 20539 58 20783 20766 646 20481 489 470 627 20120 19992 195 19797 20100 450 63 19768 103 174 430 19665 104 606 20068 386 151
is_linear=0
shrinkage=0.03


Tree=21
num_leaves=31
num_cat=0
split_feature=45 36 45 8 24 14 7 28 8 24 14 51 5 24 28 17 11 5 46 8 18 14 13 21 6 18 21 21 1 24
split_gain=14745.7 61.2957 29.4078 25.7333 19.2844 4.54193 10.5467 3.30366 0.204698 5.8822 0.0228632 0.744435 0.00609755 0.00299719 0.00233158 0.00204354 0.00173466 0.00998909 0.000573768 0.00040032 0.000328137 0.000188658 0.000547995 0.000180332 6.91778e-05 5.56108e-05 5.24278e-05 4.09025e-05 0.00011749 2.95224e-05
threshold=389.50000000000006 4.5000000000000009 387.50000000000006 242.10410160000004 0.055692562500000008 947.50000000000011 10627.500000000002 121.00000000000001 250.72016100000005 0.055923376500000004 866.50000000000011 121.50000000000001 1641.5000000000002 0.056896008500000005 114.50000000000001 136.50000000000003 3145.5000000000005 1666.5000000000002 221.50000000000003 219.43746090000002 70.500000000000014 858.50000000000011 669.50000000000011 102.50000000000001 42.487358140000005 224.50000000000003 110.50000000000001 120.50000000000001 19.500000000000004 0.056385697000000005
decision_type=2 2 2 2 2 2 2 2 2 2 2 2 2 2 2 2 2 2 2 2 2 2 2 2 2 2 2 2 2 2
left_child=1 2 -1 4 -2 10 -7 8 9 -5 15 -12 -13 -11 18 16 21 -18 -10 23 -4 -3 -23 -14 27 29 -15 -20 -29 -19
right_child=3 5 20 7 -6 6 -8 -9 14 13 11 12 19 26 -16 -17 17 25 24 -21 -22 22 -24 -25 -26 -27 -28 28 -30 -31
leaf_value=0.041311609423897465 0.035481114449956899 0.040910246972276153 -0.041001882966582463 -0.0061220991134842443 -0.033773264206461706 -0.013860365414475948 0.043341234880836091 -0.01368614088856299 -0.040981830929087304 -0.041517803131581182 0.027701491396439137 0.042129620408110129 0.040914914607825599 -0.040780483933596227 -0.04142230193857091 0.041545222964160772 0.042406211630672215 0.040903026145598376 -0.040698963463391531 0.041234460305865528 -0.04068994313143566 0.041262391561342524 0.040908391309084434 0.0411019948630914 -0.040694453015081067 0.0410332205574305 -0.040693502124255591 -0.040917795608668928 -0.040695378718372179 0.0409897839444303
leaf_weight=5.7651271820068368 6.9471399635076505 3842.0743799507618 5.4949462115764618 4.5878372341394416 7.5529966801404953 4.5164046287536612 8.1104399561882001 4.0914477109909049 6.2734947800636283 4.1598519235849372 3.9557821601629248 4.0544421374797812 79.218734949827194 6.6085285842418662 3.9727948158979407 4.6024300754070273 4.7190628498792639 24.633340567350391 5.8131811767816535 3.9614351689815512 6.7793872207403183 5.3532215207815197 14.861776262521742 4.925563931465148 3873.5418010354042 4.1270589828491202 110.8120626360178 4.108147054910658 4.4560211300849915 4.1204914301633826
leaf_count=29 34 19646 28 19 37 19 39 17 32 21 19 20 405 34 20 23 23 126 30 20 35 27 76 25 19994 21 572 21 23 21
internal_value=-2.97299e-06 0.0405975 -0.0145786 -0.0404864 -0.000592897 0.0408455 0.0228812 -0.04063 -0.0406574 -0.0394681 0.0409022 0.0404451 0.0409921 -0.0407264 -0.0406959 0.0409134 0.0409127 0.0411155 -0.0406952 0.0409397 -0.0408296 0.0409107 0.0410021 0.0409259 -0.0406947 0.0409302 -0.0406984 -0.0407604 -0.0408021 0.0409155
internal_weight=8074.2 4031.27 18.0395 4042.93 14.5001 4013.23 12.6268 4028.43 4024.33 126.168 4000.61 96.116 92.1602 121.58 3898.17 3904.49 3899.89 37.6 3894.19 88.1057 12.2743 3862.29 20.215 84.1443 3887.92 32.8809 117.421 14.3773 8.56417 28.7538
internal_count=41456 20602 92 20854 71 20510 58 20783 20766 646 20452 489 470 627 20120 19963 19940 191 20100 450 63 19749 103 430 20068 168 606 74 44 147
is_linear=0
shrinkage=0.03


Tree=22
num_leaves=31
num_cat=0
split_feature=45 36 45 17 26 14 7 27 19 45 14 51 18 14 20 5 17 11 5 20 2 46 7 14 5 6 2 26 20 7
split_gain=14155.4 58.8374 28.2268 22.7126 8.18193 4.49229 10.1299 0.527509 40.5356 0.243722 0.0235268 0.744687 0.00641843 0.163459 0.00592985 0.00543096 0.00181149 0.00154057 0.00886167 0.0006686 0.000303862 0.000284833 0.000276717 0.000167092 0.000439683 7.65928e-05 9.46979e-05 6.99287e-05 6.21067e-05 3.96293e-05
threshold=389.50000000000006 4.5000000000000009 387.50000000000006 113.50000000000001 19.500000000000004 947.50000000000011 10627.500000000002 36.500000000000007 356.50000000000006 391.50000000000006 866.50000000000011 121.50000000000001 279.50000000000006 882.50000000000011 72.500000000000014 1641.5000000000002 136.50000000000003 3145.5000000000005 1666.5000000000002 132.50000000000003 16.235841275000002 221.50000000000003 9455.0000000000018 858.50000000000011 1615.5000000000002 42.487358140000005 10.400065335000003 8.5000000000000018 56.500000000000007 9292.5000000000018
decision_type=2 2 2 2 2 2 2 2 2 2 2 2 2 2 2 2 2 2 2 2 2 2 2 2 2 2 2 2 2 2
left_child=1 2 -1 -2 7 10 -7 9 -9 -5 16 -12 13 21 -10 -13 17 23 -19 27 -4 -11 29 -3 -25 26 -14 -16 -20 -17
right_child=3 5 20 4 -6 6 -8 8 14 12 11 15 25 -15 19 22 -18 18 28 -21 -22 -23 -24 24 -26 -27 -28 -29 -30 -31
leaf_value=0.040853900467606306 0.032324615701379546 0.040472910570346736 -0.040292837460685633 -0.047284397098596262 -0.0039490614115141832 -0.01343536461739088 0.042787648456220406 0.051538305045391586 -0.041443656312380332 -0.040501427660332309 0.027180475365891906 0.041634276673718093 -0.040458943969226502 -0.046511459295969108 -0.040387691277300616 0.040479509518443355 0.041076405863005733 0.041894820841270296 0.040472454663645602 -0.040666420404744455 -0.04061579034124857 -0.040264744098244772 0.040704567714877765 0.040784414446648556 0.040471206523297325 -0.040267710197385335 -0.040272717354507236 -0.040267102563286632 0.040580992480526566 0.040547434027951516
leaf_weight=5.6564693152904519 3.8975953310728064 3768.2000664919615 8.1778621673583967 4.4698926955461493 5.61702637374401 4.519445985555647 7.9710205942392349 4.388144999742507 3.9510303884744635 4.7979847043752661 3.9113389402627936 3.9807148873805991 4.2168557792901975 3.9264826476573935 4.3922470211982718 72.139784961938858 4.5166084468364707 4.63464331626892 26.468100637197495 3.8562237322330466 3.8595053255558023 98.959344521164894 5.6160126477479926 5.6355905979871777 14.192448019981383 3520.4910827279091 5.8903749138116837 295.77065041661263 5.7811775356531134 8.6582804620265943
leaf_count=29 20 19646 43 21 24 19 39 20 20 25 19 20 22 18 23 376 23 23 138 20 20 521 29 29 74 18532 31 1557 30 45
internal_value=-3.00588e-06 0.0401619 -0.0144218 -0.0400594 -0.0401307 0.0404072 0.0224444 -0.0401821 -0.0389989 -0.0402835 0.0404644 0.0399963 -0.0402749 -0.0405031 -0.0402889 0.0405509 0.040476 0.0404752 0.0406682 -0.0402739 -0.0403964 -0.0402757 0.0405009 0.0404734 0.0405602 -0.0402679 -0.0403504 -0.0402689 0.0404919 0.0404868
internal_weight=7918.54 3953.92 17.6938 3964.62 3960.73 3936.23 12.4905 3955.11 312.358 3642.75 3923.73 94.3061 3638.28 107.684 307.97 90.3948 3829.43 3824.91 36.8839 304.019 12.0374 103.757 86.4141 3788.03 19.828 3530.6 10.1072 300.163 32.2493 80.7981
internal_count=41456 20602 92 20854 20834 20510 58 20810 1640 19170 20452 489 19149 564 1620 470 19963 19940 191 1600 63 546 450 19749 103 18585 53 1580 168 421
is_linear=0
shrinkage=0.03


Tree=23
num_leaves=31
num_cat=0
split_feature=45 48 17 28 14 7 4 39 24 4 23 11 19 28 17 51 23 5 39 11 2 24 4 14 10 6 43 23 27 20
split_gain=13594.6 83.6063 21.8309 10.8251 4.4456 9.73594 1.49384 13.6721 0.18125 0.0940203 3.97697 0.0247183 0.589843 0.0185285 0.00397381 0.00220074 0.000964701 0.00084588 0.000398234 0.000289226 0.000269216 0.000138274 0.000135591 0.000119187 0.000427326 0.0001455 8.02595e-05 5.8858e-05 2.82853e-05 2.71889e-05
threshold=389.50000000000006 25.500000000000004 113.50000000000001 124.50000000000001 947.50000000000011 10627.500000000002 241.90757860000002 0.048796645000000007 0.058389200000000009 250.15070310000002 0.034148574500000008 3145.5000000000005 267.50000000000006 114.50000000000001 142.50000000000003 121.50000000000001 0.035159978000000008 1666.5000000000002 0.17781420850000004 2634.5000000000005 16.235841275000002 0.043277414000000007 214.34248120000004 858.50000000000011 645.50000000000011 39.675337840000005 0.12766140450000005 0.035894600500000005 18517.500000000004 58.500000000000007
decision_type=2 2 2 2 2 2 2 2 2 2 2 2 2 2 2 2 2 2 2 2 2 2 2 2 2 2 2 2 2 2
left_child=1 4 -2 6 11 -6 7 -4 -9 10 -8 14 -13 19 21 -14 -12 -17 22 -11 -3 -1 29 26 -25 28 -23 -18 -26 -19
right_child=2 20 3 -5 5 -7 9 8 -10 13 16 12 15 -15 -16 17 27 18 -20 -21 -22 23 -24 24 25 -27 -28 -29 -30 -31
leaf_value=0.040206753057554626 0.031751151440499004 -0.039886371371158719 0.018433543394947117 0.006846672643638565 -0.013024715169327338 0.042263487393578381 -0.011937783825742574 -0.046828538886025381 -0.03987703659783666 -0.040107724989065716 -0.040328733001568889 0.028759796638573712 0.040841847108125356 -0.041781374187653986 0.040994491146272197 0.04052622200861121 -0.039952578462358182 0.040055442911744503 0.040393126729513257 -0.03986252142350475 -0.040193380753227967 0.040183963577793136 0.040218781384612316 0.040345771908825774 0.040057872986142815 0.040239167545383141 0.040057735613304432 -0.039863319705161056 0.040138960148337274 0.04012955208211038
leaf_weight=5.6809838712215415 3.8496806621551505 8.0158146470785123 4.014850556850436 4.4867573231458655 4.5220376402139646 7.8299171179533005 4.7031790018081656 3.953280538320544 23.104671537876129 4.3345320969820014 4.1633282005786887 4.3288390338420859 4.0807578563690177 4.5359730869531623 4.0898700952529898 4.4035218358039847 6.9167175143957129 48.508153021335602 3.8149200379848471 3650.4486003518105 3.7842036485671988 4.5390163511037818 5.4926158040761939 5.7150828540325156 57.540268525481224 4.5474228858947745 3690.4561706483364 171.68278816342354 4.1509769558906546 4.9060574471950522
leaf_count=30 20 43 20 19 19 39 20 19 124 23 22 21 21 23 21 23 37 258 20 19605 20 24 29 30 306 24 19626 922 22 26
internal_value=-3.03683e-06 0.0397481 -0.039654 -0.0397248 0.0399915 0.0220225 -0.0397787 -0.0332273 -0.0408927 -0.0398316 -0.0391763 0.0400491 0.0395118 -0.0398652 0.0400599 0.0401654 -0.0398773 0.0401243 0.0400961 -0.0398628 -0.0399848 0.0400589 0.0400768 0.0400586 0.0400969 0.0400754 0.0400579 -0.0398668 0.0400633 0.0400622
internal_weight=7762.6 3876.41 3886.19 3882.34 3864.61 12.352 3877.86 31.0728 27.058 3846.79 187.466 3852.25 75.5349 3659.32 3776.72 71.206 182.763 67.1253 62.7217 3654.78 11.8 3772.63 58.9068 3766.95 71.9538 66.2387 3695 178.6 61.6912 53.4142
internal_count=41456 20602 20854 20834 20539 58 20815 163 143 20652 1001 20481 398 19651 20083 377 981 356 333 19628 63 20062 313 20032 382 352 19650 959 328 284
is_linear=0
shrinkage=0.03


Tree=24
num_leaves=31
num_cat=0
split_feature=46 48 8 23 11 42 28 11 15 8 23 2 17 14 28 24 8 2 18 13 27 14 2 6 27 18 43 20 6 14
split_gain=13013.8 127.641 14.0685 14.7571 6.88096 15.9642 3.1208 0.241445 3.97724 0.215423 5.29826 0.0716552 0.00353749 0.00223945 0.00188463 0.00063127 0.000373708 0.000228309 0.000197222 0.000296249 0.000451572 0.000193591 0.000504336 0.001443 0.000172383 0.000134425 7.0856e-05 6.70575e-05 3.58536e-05 2.79728e-05
threshold=221.50000000000003 24.500000000000004 242.10410160000004 0.035803628500000011 3239.5000000000005 0.090909091500000011 121.00000000000001 3145.5000000000005 104.50000000000001 250.72016100000005 0.034357372500000004 10.780712805000002 142.50000000000003 757.50000000000011 114.50000000000001 0.054110311000000008 218.60769230000002 16.235841275000002 192.50000000000003 737.50000000000011 20.500000000000004 858.50000000000011 11.052714025000002 39.367137355000004 20.500000000000004 70.500000000000014 0.12766140450000005 69.500000000000014 42.487358140000005 871.50000000000011
decision_type=2 2 2 2 2 2 2 2 2 2 2 2 2 2 2 2 2 2 2 2 2 2 2 2 2 2 2 2 2 2
left_child=1 4 3 -2 7 11 9 12 -9 10 -4 15 21 17 28 -6 18 -3 -10 20 -20 25 -23 -24 -25 -1 -27 -12 29 -11
right_child=2 13 6 -5 5 -7 -8 8 16 14 27 -13 -14 -15 -16 -17 -18 -19 19 -21 -22 22 23 24 -26 26 -28 -29 -30 -31
leaf_value=0.039806140655834293 0.042389882456676097 -0.039511152721132953 -0.0072139831441098328 -0.039566299391033344 0.039534875428146425 -0.012610034522145911 -0.01316738606483275 0.0092803462946020373 0.039668909986496866 -0.039596895525746682 -0.039601489969974521 0.044383710814205363 0.040555876213088753 -0.040305977915185025 -0.040150116575928867 0.04001623747704728 0.040020823228470663 -0.039791911715509373 0.039685317874200786 0.039696469568829801 0.040126767689208635 0.039669718163216551 0.040371673347182162 0.039632442108283761 0.039875878572025174 0.039782959537810483 0.039663157276696497 -0.039474165131596309 -0.039477299283095693 -0.039499900581359743
leaf_weight=5.9395717531442633 3.8811939507722846 8.7722348570823687 4.7729925513267508 4.0309848636388779 7.136968061327936 7.5368815511465064 4.074302837252616 4.1163475066423407 36.312391102313995 3.6722448766231528 3.8533859252929679 4.0298025161027899 4.0112683027982703 5.8488610386848441 3.7527810484170905 3.7352296859025955 3.750410020351409 3.7088514715433112 3.874210864305498 13.659590765833853 4.5169678777456284 54.377314776182175 3.8028858602046993 8.8307006955146772 3.7211560308933249 4.4485933780670157 3619.3311440497637 109.80755387246609 3647.6197475790977 9.8634985685348493
leaf_count=32 19 48 20 22 39 34 17 19 197 20 21 19 21 31 20 20 20 20 21 74 24 295 20 48 20 24 19641 602 19994 54
internal_value=-3.06737e-06 0.0391532 -0.0393257 0.000636007 0.0395348 0.0229711 -0.0394092 0.0396334 0.037838 -0.0394375 -0.0381782 0.0409668 0.0396655 -0.0398216 -0.0394782 0.0397003 0.0397305 -0.0395946 0.0397119 0.0397827 0.039923 0.0396645 0.0397137 0.0398597 0.0397046 0.0396635 0.0396633 -0.0394785 -0.0394775 -0.0395262
internal_weight=7606.79 3811.46 3795.33 7.91218 3793.13 22.4389 3787.42 3770.69 66.2299 3783.34 118.434 14.902 3704.46 18.3299 3664.91 10.8722 62.1136 12.4811 58.3632 22.0508 8.39118 3700.45 70.7321 16.3547 12.5519 3629.72 3623.78 113.661 3661.16 13.5357
internal_count=41456 20667 20789 41 20568 112 20748 20456 355 20731 643 78 20101 99 20088 59 336 68 316 119 45 20080 383 88 68 19697 19665 623 20068 74
is_linear=0
shrinkage=0.03


Tree=25
num_leaves=31
num_cat=0
split_feature=45 48 8 52 14 7 28 8 24 14 51 23 16 11 15 28 36 46 7 2 27 14 13 26 17 20 19 8 4 23
split_gain=12554.4 77.1939 22.4453 26.9117 4.36189 9.2458 3.11089 0.209827 6.10526 0.0255073 0.778662 0.00876514 0.00458142 0.001826 0.00947768 0.0016796 0.000652508 0.000533513 0.000352055 0.00021226 0.000123117 0.000115188 0.000342007 0.000106148 0.000452128 4.12459e-05 3.76368e-05 3.27516e-05 2.29072e-05 0.000211638
threshold=389.50000000000006 25.500000000000004 242.10410160000004 87.500000000000014 947.50000000000011 10627.500000000002 121.00000000000001 250.72016100000005 0.055844639500000008 866.50000000000011 121.50000000000001 0.035159978000000008 650.50000000000011 3145.5000000000005 105.50000000000001 114.50000000000001 4.5000000000000009 221.50000000000003 9455.0000000000018 16.235841275000002 18592.500000000004 858.50000000000011 669.50000000000011 93.500000000000014 133.50000000000003 70.500000000000014 270.50000000000006 219.16228895000003 249.09731290000005 0.037659686000000005
decision_type=2 2 2 2 2 2 2 2 2 2 2 2 2 2 2 2 2 2 2 2 2 2 2 2 2 2 2 2 2 2
left_child=1 4 3 -2 9 -6 7 8 -4 13 -11 -10 -12 16 -15 17 -1 -9 27 -3 26 23 -23 -18 -25 -13 -16 -14 29 -19
right_child=2 19 6 -5 5 -7 -8 15 11 10 12 25 18 14 20 -17 21 28 -20 -21 -22 22 -24 24 -26 -27 -28 -29 -30 -31
leaf_value=0.039619850065940217 -0.043194018483060877 -0.039131803868645974 -0.0027792455571932252 0.040889726623020393 -0.012817536563143137 0.041454698403170183 -0.012807274854380629 -0.039398438387335553 -0.040590787176792424 0.025388840980551126 0.040295610183167324 -0.039191983071637078 0.039290510920899115 0.040871223973160037 0.039390493679256199 -0.039752528252800783 0.039286913679924935 -0.039351119135303321 0.039549127476352031 -0.039410028429978844 0.039480046786526113 0.039575845880203624 0.039284891401819837 0.039285943758341373 0.039656778940577377 -0.039109361308705529 0.039290811903505245 0.039364718728803726 -0.039110287880996637 -0.039115386118956035
leaf_weight=5.3304581046104422 6.7596049606800062 7.6922865808010084 4.30999532341957 6.9460460692644119 4.5040970593690854 7.5785501152276993 4.0633647888898841 5.8058388382196418 3.7402761727571479 3.7456195354461661 4.50806701183319 5.741316854953765 69.509369388222694 4.0454737246036521 3.9934927672147813 3.6777404248714438 3530.9166108518839 3.6171797215938559 5.3027286678552619 3.6335850805044174 4.1908781826496115 4.9474743753671673 13.717043057084082 15.161850005388262 3.6764796227216712 102.91296143829823 23.290481016039848 5.799336999654769 3516.7400311231613 65.415090695023537
leaf_count=29 35 43 18 36 19 39 17 32 20 19 24 32 385 21 22 20 19561 20 29 20 23 27 76 84 20 576 129 32 19682 366
internal_value=-3.09001e-06 0.0389804 -0.0389011 -0.000580241 0.0392191 0.0212234 -0.0390424 -0.0390711 -0.0378192 0.0392779 0.0387758 -0.0391629 0.0393649 0.0392903 0.0395043 -0.0391117 0.0392882 -0.0391111 0.0393129 -0.0392211 0.0393287 0.0392877 0.039362 0.0392873 0.0393583 -0.0391137 0.0393054 0.0392962 -0.0391106 -0.0391277
internal_weight=7451.27 3721.54 3729.73 13.7057 3710.22 12.0826 3716.02 3711.96 116.705 3698.14 88.8651 112.395 85.1195 3609.27 35.5203 3595.26 3573.75 3591.58 80.6114 11.3259 31.4749 3568.42 18.6645 3549.75 18.8383 108.654 27.284 75.3087 3585.77 69.0323
internal_count=41456 20602 20854 71 20539 58 20783 20766 646 20481 489 628 470 19992 195 20120 19797 20100 446 63 174 19768 103 19665 104 608 151 417 20068 386
is_linear=0
shrinkage=0.03


Tree=26
num_leaves=31
num_cat=0
split_feature=45 48 8 24 17 37 28 8 24 2 7 15 5 5 25 2 13 16 28 5 36 51 10 7 6 2 19 2 17 4
split_gain=12071.2 74.2168 21.6291 15.8351 3.74589 9.09734 3.10247 0.211638 6.0076 0.0342944 0.0122094 0.266022 0.728918 0.00967088 0.00790106 0.00162784 0.0015815 0.00251502 0.00150058 0.000864629 0.000574155 0.000411409 0.000541836 0.000338444 0.000243482 0.000188729 0.000151484 0.000135278 0.00499539 4.29584e-05
threshold=389.50000000000006 25.500000000000004 242.10410160000004 0.055692562500000008 139.50000000000003 0.050006701500000007 121.00000000000001 250.72016100000005 0.055844639500000008 10.269208415000001 9115.5000000000018 104.50000000000001 1555.5000000000002 1829.5000000000002 0.035159978000000008 11.100464350000001 767.50000000000011 654.50000000000011 114.50000000000001 1794.5000000000002 4.5000000000000009 121.50000000000001 1249.5000000000002 7721.0000000000009 38.546536800000005 16.235841275000002 294.50000000000006 11.619007685000001 119.50000000000001 249.09731290000005
decision_type=2 2 2 2 2 2 2 2 2 2 2 2 2 2 2 2 2 2 2 2 2 2 2 2 2 2 2 2 2 2
left_child=1 4 3 -2 10 9 7 8 -4 -6 16 12 -12 15 -10 19 20 24 23 21 -1 22 -13 -9 -18 -3 27 -22 -29 -25
right_child=2 25 6 -5 5 -7 -8 18 14 -11 11 13 -14 -15 -16 -17 17 -19 -20 -21 26 -23 -24 29 -26 -27 -28 28 -30 -31
leaf_value=0.039246217629375628 0.03342654976516251 -0.03878137635927819 -0.0026971963364166617 -0.03174555664548688 0.039042462043649938 -0.010070186956293118 -0.012457087073365134 -0.039034421229967704 -0.040180628646637753 0.042738495687540914 0.038929040734766059 0.039428290620024502 0.023128621357652899 0.04034389210423979 -0.038764143576100779 0.039607160072107954 0.039223768399238093 0.039919985468014306 -0.039374189514987501 0.039308659863363592 0.03893004967233888 0.038935748374257687 0.038928938023381383 -0.03878492639981565 0.038924610325022667 -0.039046489799796788 0.039126860960467857 0.03892889878058102 0.040074681361006205 -0.03876084145270775
leaf_weight=5.2214184254407874 6.4316323250532133 7.5313736200332624 4.3079031556844702 7.0151370167732239 6.0417387634515745 4.8124324381351462 4.0524322837591162 4.0883407443761817 3.6662229448556891 3.6090816706418991 9.5449225604534131 3.6283859908580771 3.6259974539279929 4.8337443619966498 106.379524320364 3.6346887648105612 3.5740659832954389 3.6945728510618201 3.6028199195861808 6.2750696986913672 3309.0830903053284 129.43550987541676 4.242161437869072 67.965044349431992 7.7752489298582077 3.5585280060768127 3.5644919276237479 117.18943986296654 3.5276718884706488 3444.3240318447351
leaf_count=29 34 43 18 37 34 21 17 23 20 18 54 20 20 26 608 20 20 20 20 35 18720 732 24 388 44 20 20 663 19 19689
internal_value=-3.11078e-06 0.0386237 -0.0385514 -0.000573532 0.0388603 0.0236232 -0.0386917 -0.038721 -0.0374509 0.0404247 0.0389212 0.0386692 0.0345791 0.0390235 -0.0388113 0.0389802 0.0389332 0.0392401 -0.0387623 0.0389643 0.0389319 0.0389486 0.0391591 -0.0387616 0.0390188 -0.0388664 0.0389314 0.0389312 0.0389624 -0.0387613
internal_weight=7296.24 3644.4 3651.83 13.4468 3633.31 14.4633 3638.39 3634.33 114.354 9.65082 3618.85 165.22 13.1709 152.05 110.046 147.216 3453.63 15.0439 3519.98 143.581 3438.59 137.306 7.87055 3516.38 11.3493 11.0899 3433.36 3429.8 120.717 3512.29
internal_count=41456 20602 20854 71 20539 73 20783 20766 646 52 20466 931 74 857 628 831 19535 84 20120 811 19451 776 44 20100 64 63 19422 19402 682 20077
is_linear=0
shrinkage=0.03


Tree=27
num_leaves=31
num_cat=0
split_feature=45 48 8 52 14 10 28 8 24 11 51 28 23 5 26 14 39 46 2 18 8 18 14 13 6 22 43 27 6 18
split_gain=11610.5 71.3797 20.9818 25.1919 4.31094 8.88605 4.16026 0.214179 5.91538 0.028493 0.411582 0.0164576 0.0071281 0.00443834 0.000640251 0.00161068 0.000434192 0.000426767 0.000167986 0.00016281 0.000136458 9.45571e-05 8.32809e-05 0.000301347 0.000139332 3.34506e-05 3.18872e-05 2.59349e-05 2.55681e-05 2.05585e-05
threshold=389.50000000000006 25.500000000000004 242.10410160000004 87.500000000000014 947.50000000000011 786.50000000000011 124.50000000000001 250.72016100000005 0.055844639500000008 3145.5000000000005 121.50000000000001 114.50000000000001 0.035159978000000008 1663.5000000000002 93.500000000000014 824.50000000000011 0.17781420850000004 221.50000000000003 16.235841275000002 171.50000000000003 218.16025645000005 70.500000000000014 858.50000000000011 669.50000000000011 39.675337840000005 70.500000000000014 0.12766140450000005 18517.500000000004 42.487358140000005 339.50000000000006
decision_type=2 2 2 2 2 2 2 2 2 2 2 2 2 2 2 2 2 2 2 2 2 2 2 2 2 2 2 2 2 2
left_child=1 4 3 -2 9 -6 7 8 -4 14 -11 17 -10 -12 21 19 20 -9 -3 -16 -15 -1 26 -24 27 -14 -23 -25 29 -19
right_child=2 18 6 -5 5 -7 -8 11 12 10 13 -13 25 16 15 -17 -18 28 -20 -21 -22 22 23 24 -26 -27 -28 -29 -30 -31
leaf_value=0.038712771889974025 -0.04244925470574662 -0.038447356531092269 -0.0026175406582490041 0.040230112548559946 -0.012154833511738558 0.041212939751374036 -0.0049424778976761051 -0.038690970803886532 -0.039790140131988366 0.03048581545852172 0.039702058102687843 -0.040303255795740539 -0.038502904854796197 0.038591154701332363 0.038791612504959119 0.039335964462583368 0.038948245183629868 -0.038533092446411676 -0.038700155968482725 0.038578520987843271 0.038759668563133488 0.038675077409336574 0.038852911942152339 0.038587725849286561 0.038779446908204444 -0.038426901810138164 0.03858842525915282 0.038672288921595792 -0.038427925944906655 -0.038447272945412329
leaf_weight=5.5795828849077216 6.5468765497207624 7.3713205158710462 4.3058587312698355 6.7223301529884338 4.6001812219619733 7.2074294090270996 3.3502243757247916 5.566695123910903 3.5922549962997428 6.0286600142717353 3.6560556888580313 4.2194387912750235 5.5025788247585288 51.743583753705025 4.3775595724582734 3.5795576870441428 3.5289973318576804 3.4479451626539221 3.4837929606437683 12.27709576487541 4.7192995548248282 3.8264078646898261 4.7455786019563666 53.463602915406227 3.8464042693376532 98.614495635032654 3380.1303754001856 3.4763558954000464 3423.3123072832823 9.2573990523815137
leaf_count=32 35 43 18 36 20 38 14 32 20 32 20 23 32 299 25 20 20 20 20 71 27 22 27 309 22 576 19535 20 19994 54
internal_value=-3.12939e-06 0.0382836 -0.0382171 -0.000562952 0.038518 0.0204211 -0.0383574 -0.0383888 -0.0370978 0.0385783 0.0379776 -0.0384308 -0.0384763 0.0386873 0.0385904 0.0387586 0.0386254 -0.0384285 -0.0385285 0.0386345 0.0386052 0.0385894 0.0385892 0.0386227 0.0386047 -0.0384309 0.0385885 0.0385929 -0.0384281 -0.0384706
internal_weight=7142.08 3567.64 3574.44 13.2692 3556.79 11.8076 3561.17 3557.82 112.015 3544.98 69.6766 3445.8 107.709 63.6479 3475.3 20.2342 59.9919 3441.58 10.8551 16.6547 56.4629 3455.07 3449.49 65.5319 60.7864 104.117 3383.96 56.94 3436.02 12.7053
internal_count=41456 20602 20854 71 20539 58 20783 20769 646 20481 398 20123 628 366 20083 116 346 20100 63 96 326 19967 19935 378 351 608 19557 329 20068 74
is_linear=0
shrinkage=0.03


Tree=28
num_leaves=31
num_cat=0
split_feature=45 48 8 52 14 15 28 8 23 14 19 28 8 23 13 18 7 17 36 49 18 19 8 2 14 13 29 19 13 16
split_gain=11171.3 68.6745 20.2323 24.1896 4.28472 8.80583 4.11246 0.216331 5.36718 0.0288213 0.654902 0.0148264 0.00227262 0.00170593 0.00101808 0.00201838 0.00351747 0.000776859 0.00046552 0.000380781 0.000329185 0.00056591 0.000195795 0.000149673 8.54859e-05 0.000242824 8.27936e-05 7.54361e-05 4.44877e-05 2.71135e-05
threshold=389.50000000000006 25.500000000000004 242.10410160000004 87.500000000000014 947.50000000000011 117.50000000000001 124.50000000000001 250.72016100000005 0.033978040500000008 866.50000000000011 267.50000000000006 114.50000000000001 219.43746090000002 0.035468696500000008 767.50000000000011 187.50000000000003 8737.5000000000018 136.50000000000003 4.5000000000000009 117.50000000000001 192.50000000000003 275.50000000000006 209.92770035000004 16.235841275000002 858.50000000000011 669.50000000000011 12.366666665000002 297.50000000000006 673.50000000000011 681.50000000000011
decision_type=2 2 2 2 2 2 2 2 2 2 2 2 2 2 2 2 2 2 2 2 2 2 2 2 2 2 2 2 2 2
left_child=1 4 3 -2 9 -6 7 8 -4 14 -11 19 20 -10 17 16 -16 18 -1 -9 26 -22 -23 -3 27 -26 28 -20 -12 -17
right_child=2 23 6 -5 5 -7 -8 11 13 10 12 -13 -14 -15 15 29 -18 -19 24 -21 21 22 -24 -25 25 -27 -28 -29 -30 -31
leaf_value=0.038553407842304072 -0.04198964136782439 -0.038128755858268831 -0.0048032446038690337 0.039831416232591323 -0.013140146050598787 0.040505898629890846 -0.0047992114789482121 -0.03836136735655396 -0.038722578830374374 0.026804477319894712 0.038355627932126178 -0.039908333450102293 0.039027643510318483 -0.03811228893734097 0.038255127285535262 0.038277311015944074 0.039542155224926351 0.038702483067799859 0.038263320171076927 -0.0381103542488282 0.038715007101130086 0.03850543255463551 0.038247978657902339 -0.038369974522356728 0.038515740146192058 0.038268609678232722 0.038420340018227174 0.038376839371214319 0.038259604212832338 0.038369731145569963
leaf_weight=5.0053047239780417 6.4218733012676221 7.2123315185308439 4.5347128808498374 6.5879621505737305 4.4516467750072461 7.2205013632774353 3.3467813730239859 5.447885498404502 4.2978866547346106 4.6846342831850043 4.7637386620044699 4.1346402168273917 4.2173157036304465 100.85956448316574 4.0614083409309414 17.625940978527073 3.6098168194293976 3.6455028504133216 3322.7447071373463 3361.8457950055599 4.5207544565200832 3.7793860882520667 8.9644673913717252 3.4094823151826859 4.6450289040803936 15.582406073808668 3.4190345257520667 5.2768203914165488 49.090058445930481 3.4095401167869559
leaf_count=29 35 43 19 36 19 39 14 32 25 26 28 23 24 602 24 104 20 21 19624 20068 26 22 53 20 27 92 20 31 290 20
internal_value=-3.14839e-06 0.0379592 -0.0378989 -0.000556832 0.0381917 0.0200458 -0.0380384 -0.0380703 -0.0367592 0.0382527 0.0377019 -0.038113 0.0383501 -0.0381372 0.0382663 0.0384442 0.0388608 0.0382648 0.0382643 -0.0381108 0.0383118 0.0384266 0.0383243 -0.0382062 0.0382639 0.0383254 0.0382772 0.0382635 0.0382681 0.0382923
internal_weight=6988.82 3491.34 3497.48 13.0098 3480.72 11.6721 3484.47 3481.12 109.692 3469.05 83.4394 3371.43 78.7548 105.157 3385.61 28.7067 7.67123 3356.9 3353.25 3367.29 74.5374 17.2646 12.7439 10.6218 3348.25 20.2274 57.2728 3328.02 53.8538 21.0355
internal_count=41456 20602 20854 71 20539 58 20783 20769 646 20481 489 20123 463 627 19992 168 44 19824 19803 20100 439 101 75 63 19774 119 338 19655 318 124
is_linear=0
shrinkage=0.03


Tree=29
num_leaves=31
num_cat=0
split_feature=45 48 8 52 14 12 27 8 24 11 19 12 23 17 8 46 39 17 6 30 2 14 13 17 27 18 43 19 20 6
split_gain=10752.2 66.0933 19.5141 23.2364 4.25327 11.2837 2.17023 0.21812 5.76565 0.0314611 0.664684 0.0305607 0.00628088 0.00281021 0.00193231 0.000340361 0.000299444 0.000167283 0.000254301 0.000627358 0.000133488 7.96456e-05 0.000232703 0.000112794 0.000191823 7.61601e-05 4.01175e-05 3.87459e-05 2.70931e-05 2.06525e-05
threshold=389.50000000000006 25.500000000000004 242.10410160000004 87.500000000000014 947.50000000000011 50.500000000000007 85.500000000000014 250.72016100000005 0.055844639500000008 3145.5000000000005 267.50000000000006 62.500000000000007 0.035159978000000008 142.50000000000003 219.16228895000003 221.50000000000003 0.17781420850000004 128.50000000000003 38.390774125000007 1.0000000180025095e-35 16.235841275000002 858.50000000000011 669.50000000000011 125.50000000000001 6.5000000000000009 70.500000000000014 0.12766140450000005 545.50000000000011 70.500000000000014 42.487358140000005
decision_type=2 2 2 2 2 2 2 2 2 2 2 2 2 2 2 2 2 2 2 2 2 2 2 2 2 2 2 2 2 2
left_child=1 4 3 -2 9 -6 7 8 -4 13 -11 -7 -10 21 16 -9 17 18 -12 -20 -3 25 -23 24 -24 -1 -27 29 -14 -17
right_child=2 20 6 -5 5 11 -8 15 12 10 14 -13 28 -15 -16 27 -18 -19 19 -21 -22 22 23 -25 -26 26 -28 -29 -30 -31
leaf_value=0.038066575338623648 -0.041551514321099763 -0.037824663227915833 -0.0023982370115222902 0.039451909902891963 -0.022663672793573536 0.042132892389946219 -0.018821589847169112 -0.038046909633603236 -0.039111899966682767 0.025389489173301378 0.037965405736119492 0.038326813097840876 -0.037875851864235158 0.038788065986125615 0.038737613067561953 -0.037846109400359193 0.038283550365332819 0.037953360135873665 0.038487778267163424 0.037980497100051365 -0.038054981145389542 0.038194169570958773 0.037971405059568024 0.037952209335289436 0.038246984546928611 0.038048152041392197 0.037953097189900545 -0.037705974131334877 -0.037805937122773366 -0.03780694048461513
leaf_weight=5.342604160308837 6.2967918813228589 7.0545911341905576 4.3001634478569022 6.4538236558437347 3.7969077974557859 4.3851986527442932 5.4522021710872641 5.3299090415239325 3.4485723674297324 3.9681512266397467 11.27324850857258 3.3484769910573959 5.2668256759643546 3.6400315463542929 3.4711281657218924 12.160250440239905 3.3809605985879889 35.446580395102501 3.5901397019624692 5.6426096260547638 3.335688516497612 4.5451239049434653 6.9659339934587461 48.528810039162636 3.3745058327913284 4.0009372979402533 3250.4997103363276 3.4144452065229407 94.373189225792885 3274.6279884725809
leaf_count=32 35 43 18 36 16 22 25 32 20 21 68 20 32 21 20 74 20 214 21 34 20 27 42 293 20 24 19624 21 576 19985
internal_value=-3.16309e-06 0.0376497 -0.0375951 -0.000550998 0.0378802 0.0196907 -0.0377337 -0.037764 -0.0364335 0.037942 0.0372973 0.040485 -0.0378532 0.037955 0.0380496 -0.0378074 0.0380094 0.0379928 0.038061 0.0381778 -0.0378986 0.037954 0.0379873 0.0379714 0.0380613 0.0379534 0.0379532 -0.037807 -0.0378096 -0.0378071
internal_weight=6836.72 3415.59 3421.12 12.7506 3405.2 11.5306 3408.37 3402.92 107.389 3393.67 66.7728 7.73368 103.089 3326.9 62.8047 3295.53 59.3335 55.9526 20.506 9.23275 10.3903 3323.26 63.4144 58.8692 10.3404 3259.84 3254.5 3290.2 99.64 3286.79
internal_count=41456 20602 20854 71 20539 58 20783 20758 646 20481 398 42 628 20083 377 20112 357 337 123 55 63 20062 382 355 62 19680 19648 20080 608 20059
is_linear=0
shrinkage=0.03


Tree=30
num_leaves=31
num_cat=0
split_feature=45 25 8 52 45 4 14 12 28 24 8 24 11 19 12 28 25 8 43 46 37 26 29 17 6 30 14 5 6 18
split_gain=10352 28.3655 18.8256 22.3293 17.5193 7.18825 4.19636 10.8261 4.11403 1.208 0.221398 5.68664 0.0326432 0.671634 0.0271511 0.0141041 0.00568192 0.00172836 0.000371666 0.000303989 0.000268556 0.000263074 0.00100757 0.000149821 0.000227673 0.000561568 7.34626e-05 0.000186203 0.000101857 3.86378e-05
threshold=389.50000000000006 0.021258515000000002 242.10410160000004 87.500000000000014 387.50000000000006 247.53168870000005 947.50000000000011 50.500000000000007 124.50000000000001 0.044495522000000003 250.72016100000005 0.055844639500000008 3145.5000000000005 267.50000000000006 62.500000000000007 114.50000000000001 0.035159978000000008 219.16228895000003 0.20803714600000003 221.50000000000003 0.11910982600000002 93.500000000000014 14.803571430000002 128.50000000000003 38.390774125000007 1.0000000180025095e-35 858.50000000000011 1615.5000000000002 39.675337840000005 70.500000000000014
decision_type=2 2 2 2 2 2 2 2 2 2 2 2 2 2 2 2 2 2 2 2 2 2 2 2 2 2 2 2 2 2
left_child=1 4 3 -2 18 29 9 -8 10 -3 11 -4 21 -14 -9 19 -13 20 -1 -12 23 26 -23 24 -15 -26 -11 -28 -29 -6
right_child=2 6 8 -5 5 -7 7 14 -10 12 15 16 13 17 -16 -17 -18 -19 -20 -21 -22 22 -24 -25 25 -27 27 28 -30 -31
leaf_value=0.038093260360004759 -0.041133498212954249 0.023184642540821965 -0.0023273141349662513 0.039090396239295645 -0.037643493413453709 0.015276350066968526 -0.021999001147655191 0.041641498376675169 -0.0041131885919120847 0.037656992951865788 -0.037746706196226214 -0.038771835529293933 0.024940139256546718 0.037668669316235179 0.038017114754192616 -0.039302936647857729 -0.037519871597818402 0.038406963672558823 0.037652944089719739 -0.037517428199115174 0.037973264700434654 0.038229237196135656 0.037660765896711808 0.037657132920287058 0.038168336356104823 0.037683088540896609 0.037860812152657589 0.037663802836247567 0.037832271151930622 -0.037512123858232362
leaf_weight=3.3453993946313885 6.1718495786190015 5.2076593339443198 4.2983007580041876 6.3201264292001724 3.5589679628610593 3.2282183766365042 3.7943159043788892 4.3050506711006165 3.3298383951187125 3161.2290422469378 5.2128986716270438 3.375559225678443 3.9192031621932975 11.024946913123133 3.27558434009552 3.9882541894912711 97.430640816688538 3.3971006721258155 3.56266188621521 3215.3415236026049 3.3075547665357581 3.5034788846969631 14.096708819270132 34.665352463722229 3.5127513557672483 5.5184068977832794 5.2596114277839652 52.670976385474205 3.4409864842891684 4.6444933116436005
leaf_count=20 35 32 18 36 22 20 16 22 14 19515 32 20 21 68 20 23 608 20 22 20068 20 21 87 214 21 34 32 325 21 29
internal_value=-3.17518e-06 0.0373542 -0.0373047 -0.000545432 0.000147247 -0.022646 0.0375596 0.0193694 -0.0374425 0.0376221 -0.0374758 -0.0361209 0.0376449 0.036981 0.0400754 -0.03752 -0.0375618 0.0377493 0.0378662 -0.0375178 0.0377108 0.0376583 0.0377739 0.0376949 0.0377602 0.0378718 0.0376576 0.0376901 0.0376741 -0.0375691
internal_weight=6685.94 3340.47 3345.47 12.492 18.3397 11.4317 3322.13 11.375 3332.98 3310.75 3329.65 105.105 3305.55 65.3453 7.58064 3224.54 100.806 61.4261 6.90806 3220.55 58.029 3240.2 17.6002 54.7215 20.0561 9.03116 3222.6 61.3716 56.112 8.20346
internal_count=41456 20602 20854 71 113 71 20489 58 20783 20431 20769 646 20399 398 42 20123 628 377 42 20100 357 20001 108 337 123 55 19893 378 346 51
is_linear=0
shrinkage=0.03


Tree=31
num_leaves=31
num_cat=0
split_feature=45 48 26 17 14 12 4 39 24 20 43 5 14 19 27 27 12 27 19 4 6 4 27 13 19 20 17 36 13 2
split_gain=9969.37 61.8249 13.2208 11.3892 4.16201 10.3921 1.22208 10.5635 0.120549 0.108882 0.111888 1.82552 0.0323601 0.687024 0.0310255 1.86616 0.024149 0.00881633 0.00703861 0.117712 0.00244959 0.00116144 0.00159653 0.000897859 0.00110409 0.00294244 0.000556267 0.000335844 0.000246489 0.000231298
threshold=389.50000000000006 25.500000000000004 20.500000000000004 114.50000000000001 947.50000000000011 50.500000000000007 241.90757860000002 0.048796645000000007 0.058389200000000009 135.50000000000003 0.1159585815 2100.5000000000005 866.50000000000011 267.50000000000006 36.500000000000007 39.500000000000007 62.500000000000007 31.500000000000004 315.50000000000006 253.85184150000003 43.822216930000003 214.64932430000002 4.5000000000000009 767.50000000000011 252.50000000000003 50.500000000000007 136.50000000000003 4.5000000000000009 767.50000000000011 16.235841275000002
decision_type=2 2 2 2 2 2 2 2 2 2 2 2 2 2 2 2 2 2 2 2 2 2 2 2 2 2 2 2 2 2
left_child=1 4 3 -2 12 -6 7 -5 -9 10 11 -8 23 -14 17 -16 -7 18 19 -12 -17 28 -23 26 25 -25 27 -1 -15 -3
right_child=2 29 -4 6 5 16 9 8 -10 -11 14 -13 13 21 15 20 -18 -19 -20 -21 -22 22 -24 24 -26 -27 -28 -29 -30 -31
leaf_value=0.037628901848540723 0.010168133870516414 -0.037312728473931273 0.022261408368275806 0.017506231164135914 -0.021357927973838037 0.041175189297757785 -0.014584915524513246 -0.043279406758801112 -0.03724952159156554 -0.042668454422295221 -0.042476155061065661 -0.037242214812217955 0.02531481776773328 0.037394853192983857 -0.014961983387286201 -0.038066519678180567 0.037721249017371422 -0.038700643306914695 -0.037240361025167278 -0.037241990846660251 -0.037239526476908619 0.037442038993879913 0.03829110681520926 0.037370976711887487 0.03742481530475017 0.038545293713102245 0.0377582830791423 0.037374746846332643 0.037663466753738307 -0.037621392247154564
leaf_weight=4.686318799853324 4.5835033655166617 6.7738641202449781 3.3814973086118689 3.5390760451555279 3.7910077571868879 4.2244111597537994 3.4050972461700431 3.5251769870519665 19.434054553508759 3.2826599776744834 4.1013387441635123 53.254802316427231 4.4520997107028952 62.171604961156845 3.4410462230443946 3.2801207602024069 3.2033304870128632 3.7629254907369605 2907.0656483918428 67.668940842151642 186.83486257493496 4.9292370676994306 3.3461317420005798 4.7500485181808498 18.910435050725937 3.2235724925994873 3.4138628989458075 3131.8575630635023 3.2345309555530539 3.2253109961748123
leaf_count=29 28 43 15 20 16 22 20 19 124 17 22 340 26 392 20 20 20 23 18561 432 1193 31 20 30 119 19 21 19774 20 20
internal_value=-3.19417e-06 0.0370704 -0.0370272 -0.0370886 0.0372991 0.019058 -0.037155 -0.0307386 -0.0381754 -0.0372075 -0.037202 -0.0358806 0.0373621 0.036759 -0.0372256 -0.0368575 0.0396856 -0.0372494 -0.0372476 -0.0375411 -0.0372538 0.0374505 0.0377854 0.037377 0.0375497 0.0378457 0.0373755 0.0373751 0.0374081 -0.0374123
internal_weight=6536.75 3266.19 3270.56 3267.18 3256.19 11.2187 3262.6 26.4983 22.9592 3236.1 3232.81 56.6599 3244.98 78.1336 3176.15 193.556 7.42774 2982.6 2978.84 71.7703 190.115 73.6815 8.27537 3166.84 26.8841 7.97362 3139.96 3136.54 65.4061 9.99918
internal_count=41456 20602 20854 20839 20539 58 20811 163 143 20648 20631 360 20481 489 20271 1233 42 19038 19015 454 1213 463 51 19992 168 49 19824 19803 412 63
is_linear=0
shrinkage=0.03


Tree=32
num_leaves=31
num_cat=0
split_feature=45 36 45 8 52 14 12 28 8 23 11 19 12 28 17 8 23 11 39 2 17 6 33 14 18 17 18 23 23 8
split_gain=9603.46 40.3243 19.2303 17.9057 20.9919 4.11766 9.98017 3.98174 0.23383 5.31047 0.0357295 0.69892 0.0215016 0.0112785 0.0021422 0.00139632 0.00110883 0.000599259 0.000218421 0.00020695 0.000122222 0.000185113 0.000459246 7.19161e-05 0.000166892 0.000104951 0.000143653 0.00010398 5.56441e-05 4.04855e-05
threshold=389.50000000000006 4.5000000000000009 387.50000000000006 242.10410160000004 87.500000000000014 947.50000000000011 50.500000000000007 124.50000000000001 250.72016100000005 0.033978040500000008 3145.5000000000005 267.50000000000006 62.500000000000007 114.50000000000001 142.50000000000003 219.16228895000003 0.035468696500000008 2625.5000000000005 0.17781420850000004 16.235841275000002 128.50000000000003 38.390774125000007 1.0000000180025095e-35 858.50000000000011 180.50000000000003 125.50000000000001 185.50000000000003 0.028351276500000005 0.024023346000000004 234.56818180000002
decision_type=2 2 2 2 2 2 2 2 2 2 2 2 2 2 2 2 2 2 2 2 2 2 2 2 2 2 2 2 2 2
left_child=1 2 -1 4 -2 10 -7 8 9 -5 14 -12 -8 17 23 18 -11 -10 20 29 21 -13 -23 28 27 26 -26 -25 -3 -4
right_child=3 5 19 7 -6 6 12 -9 13 16 11 15 -14 -15 -16 -17 -18 -19 -20 -21 -22 22 -24 24 25 -27 -28 -29 -30 -31
leaf_value=0.037347202884398779 -0.040425524329220204 0.037171229157516854 -0.036971993171399514 -0.0036289498588571007 0.038610073051830993 -0.02073914781993956 0.040732278966944459 -0.0041051059509421995 -0.037389134790976532 -0.037492536077717492 0.023922121893842529 0.037114108960241858 0.037438433458369724 -0.038607895810205267 0.037856099341390233 0.037792526371703314 -0.036978195971045499 -0.036976218963913378 0.037394940904095134 -0.037340233013283208 0.0371033247485364 0.037575550198728117 0.037126816261895491 0.037384068377908058 0.037114557769619388 0.037099508911441995 0.037375003106414111 0.037160997995329292 0.037103320890789146 -0.03712038804788774
leaf_weight=4.5815996527671787 5.9625266492366773 10.89870774745941 3.3663188517093658 4.4926173090934745 6.1379006505012512 3.7870531380176526 4.1434604376554489 3.3289362192153922 3.1665119528770438 3.9333066642284384 3.8059065192937842 10.535595923662187 3.1317849010229111 3.8193454742431632 3.4139963537454596 3.2512988001108161 92.161641255021095 3073.6729018241167 3.1629944145679465 3.1531988531351089 33.125280901789665 3.3607863336801511 5.2733889818191528 3.6420162320137015 4.8031071722507468 43.792304620146751 3.1599585711956024 3.8886377662420273 3031.0389105826616 3.2541471570730209
leaf_count=29 35 70 22 19 36 16 22 14 20 25 21 68 20 23 21 20 602 20080 20 20 214 21 34 23 31 283 20 25 19581 21
internal_value=-3.2095e-06 0.0368003 -0.0133669 -0.0367595 -0.000334986 0.0370269 0.0187557 -0.0368979 -0.0369322 -0.0355088 0.0370907 0.0363806 0.0393144 -0.0369787 0.037105 0.0371883 -0.0369992 -0.0369766 0.0371529 -0.0371402 0.0371382 0.0371985 0.0373015 0.0371042 0.0371369 0.0371177 0.0372179 0.0372689 0.0371036 -0.0370449
internal_weight=6389.25 3192.57 14.3553 3196.68 12.1004 3178.22 11.0623 3184.58 3181.25 100.588 3167.15 62.5153 7.27525 3080.66 3104.64 58.7093 96.0949 3076.84 55.458 9.77366 52.2951 19.1698 8.63418 3101.22 59.286 51.7554 7.96307 7.53065 3041.94 6.62047
internal_count=41456 20602 92 20854 71 20510 58 20783 20769 646 20452 398 42 20123 20054 377 627 20100 357 63 337 123 55 20033 382 334 51 48 19651 43
is_linear=0
shrinkage=0.03


Tree=33
num_leaves=31
num_cat=0
split_feature=49 48 26 8 17 40 13 11 8 8 23 51 19 2 14 14 2 24 14 36 2 14 13 17 27 15 6 24 8 20
split_gain=9241.13 77.5964 12.5953 4.4275 4.21213 8.84517 4.06518 0.260812 4.00985 0.248366 6.05566 0.136019 0.108608 0.0314942 0.00848119 0.00482182 0.00222785 0.00111175 0.00076429 0.000267435 0.00018779 6.70677e-05 0.000143021 8.65083e-05 0.000121291 5.79913e-05 0.00011324 5.7165e-05 3.43226e-05 2.84605e-05
threshold=116.50000000000001 24.500000000000004 20.500000000000004 242.10410160000004 138.50000000000003 0.050006701500000007 904.50000000000011 3145.5000000000005 220.89993745000001 250.72016100000005 0.033978040500000008 121.50000000000001 559.00000000000011 10.269208415000001 923.50000000000011 752.50000000000011 11.100464350000001 0.056896008500000005 888.50000000000011 4.5000000000000009 16.235841275000002 858.50000000000011 669.50000000000011 125.50000000000001 6.5000000000000009 107.50000000000001 39.46426545500001 0.044495522000000003 234.56818180000002 20.500000000000004
decision_type=2 2 2 2 2 2 2 2 2 2 2 2 2 2 2 2 2 2 2 2 2 2 2 2 2 2 2 2 2 2
left_child=1 4 3 6 7 13 -2 18 11 10 -5 -9 -11 -6 16 20 25 -12 19 -1 28 27 -23 24 -24 26 -13 29 -3 -21
right_child=2 15 -4 9 5 -7 -8 8 -10 12 17 14 -14 -15 -16 -17 -18 -19 -20 21 -22 22 23 -25 -26 -27 -28 -29 -30 -31
leaf_value=0.037077898400034386 -0.037667003881829149 -0.036718931633968464 0.021455656283961878 0.00066510236223383536 0.036900233193588518 -0.012810719077766063 0.0098870534182009806 0.031589173802089421 0.0015476686892002091 -0.036722905790300714 -0.037291122622207191 0.037080138120368353 -0.042530872322919785 0.040679501599610188 0.038336021384048319 -0.038213166011424174 0.037700628263264334 -0.036725610836095289 0.037239363951558357 0.036853129787306128 -0.03707142818496429 0.037048182820538594 0.036870288810774407 0.036846067479988899 0.037101279190883851 0.036850722360905176 0.036837234141203927 0.036845052570832142 -0.036857169086542262 0.036960183112500274
leaf_weight=4.4779966920614234 2.9887739866971961 3.2890022844076139 3.3636406213045111 4.0627545714378348 5.1580650210380536 4.7716939300298682 3.527257114648819 4.4893605858087531 3.0859418511390677 3005.4620358943939 3.2405494004487982 3.0821759253740302 2.9005073308944693 3.2255367934703827 4.0711240619420996 3.2718344628810874 3.0461884289979926 90.649509891867638 4.4571385830640784 3.6330054849386197 3.081859365105629 4.1548116505146018 6.0641372054815275 40.390946224331856 3.0875665992498398 41.46285916864872 3.9295404851436615 2965.8476778715849 3.1788140386343002 5.8083316385746002
leaf_count=29 19 22 15 17 34 22 22 27 16 20096 21 20 15 18 25 20 19 606 29 24 20 27 40 267 20 274 26 19607 21 38
internal_value=-3.21832e-06 0.036432 -0.0365656 -0.0366283 0.0367353 0.0197957 -0.011925 0.0368071 0.0348992 -0.0366801 -0.0351935 0.0366122 -0.0367285 0.0383543 0.0370178 -0.0372192 0.0369137 -0.0367451 0.0368468 0.0368462 -0.0368787 0.0368459 0.0368791 0.0368649 0.0369482 0.0368642 0.036944 0.0368453 -0.0367869 0.036919
internal_weight=6243.26 3127.07 3116.2 3112.83 3114.24 13.1553 6.51603 3101.09 63.1672 3106.32 97.9528 60.0812 3008.36 8.3836 55.5919 12.8215 51.5208 93.8901 3037.92 3033.46 9.54968 3028.99 53.6975 49.5427 9.1517 48.4746 7.01172 2975.29 6.46782 9.44134
internal_count=41456 20645 20811 20796 20562 74 41 20488 407 20755 644 391 20111 52 364 83 339 627 20081 20052 63 20023 354 327 60 320 46 19669 43 62
is_linear=0
shrinkage=0.03


Tree=34
num_leaves=31
num_cat=0
split_feature=45 48 8 52 28 5 0 8 24 11 15 8 2 28 23 15 11 36 28 13 2 11 8 51 18 19 24 8 37 18
split_gain=8919.07 55.3026 16.7513 19.7758 3.86279 3.32492 9.9502 0.239749 5.62214 0.026696 0.854427 0.0165332 0.0122926 0.00899158 0.00453987 0.0018691 0.000467204 0.000237822 0.000213547 0.000903461 0.000166346 0.000129623 0.000987251 0.000168843 7.09109e-05 0.000188543 5.14311e-05 3.2261e-05 2.71204e-05 2.54697e-05
threshold=389.50000000000006 25.500000000000004 242.10410160000004 87.500000000000014 124.50000000000001 1829.5000000000002 48.500000000000007 250.72016100000005 0.055844639500000008 3145.5000000000005 104.50000000000001 219.16228895000003 8.2110323890000014 114.50000000000001 0.035159978000000008 113.50000000000001 2625.5000000000005 4.5000000000000009 561.00000000000011 685.50000000000011 16.235841275000002 3112.5000000000005 216.15800420000002 121.50000000000001 192.50000000000003 275.50000000000006 0.044495522000000003 234.56818180000002 0.022716978500000002 71.500000000000014
decision_type=2 2 2 2 2 2 2 2 2 2 2 2 2 2 2 2 2 2 2 2 2 2 2 2 2 2 2 2 2 2
left_child=1 5 3 -2 7 9 -7 8 -4 17 -11 15 -8 16 -10 24 -9 -1 21 -20 27 26 23 -23 28 -26 29 -3 -12 -19
right_child=2 20 4 -5 -6 6 12 13 14 10 11 -13 -14 -15 -16 -17 -18 18 19 -21 -22 22 -24 -25 25 -27 -28 -29 -30 -31
leaf_value=0.036820301195703162 -0.039935633484132232 -0.036476698061399235 -0.001274737122074825 0.038100835239260271 -0.0040889046349716473 -0.017152983067520288 0.036930742919026892 -0.036853715053912807 -0.037651156935478186 0.020724785500580181 0.036589306402872605 0.03884611432030198 0.039011892642200674 -0.03797043391679257 -0.036482915134220251 0.037245941133504788 -0.036480566251561278 0.036605170299437696 0.037157996839631009 0.036594212047942894 -0.036814290862955519 0.036800849261306161 0.037121329009453946 0.036596357890260188 0.036837601747237853 0.036610537033093658 0.036597253659868267 -0.036612287476883248 0.036658658909360591 0.036707630098325464
leaf_weight=4.3755934834480277 5.7721175998449308 3.2126724720001203 4.2615231275558463 5.9204872101545334 3.3264932036399832 4.1348917186260215 4.9805084466934186 3.0229569077491751 3.0981937348842612 3.1378439515829077 24.658473417162899 3.409800559282302 5.2436512261629105 3.6521360129117957 88.836946234107018 4.8966536223888388 2933.4073185324669 3.549154192209242 3.2126453071832648 12.556776538491247 3.0113497078418732 3.9119777977466574 3.6355390399694434 51.123712703585625 4.8243306428194037 10.356511801481245 2878.5567390620708 3.1063666045665741 6.3897674083709708 5.6748624444007874
leaf_count=29 35 22 18 36 14 20 33 20 20 17 167 21 31 23 608 32 20080 24 21 85 20 26 24 346 32 70 19480 21 43 38
internal_value=-3.2344e-06 0.0362946 -0.0362613 -0.00042229 -0.0363992 0.0365185 0.0221166 -0.0364346 -0.0349608 0.0365869 0.0359476 0.0368235 0.0379981 -0.0364828 -0.0365223 0.0366886 -0.036481 0.0365993 0.036599 0.0367091 -0.0366308 0.0365984 0.0366425 0.0366109 0.0366296 0.0366827 0.0365975 -0.0365434 0.0366036 0.0366682
internal_weight=6099.26 3047.96 3051.3 11.6926 3039.61 3038.63 14.3591 3036.28 96.1967 3024.27 57.6734 54.5355 10.2242 2940.08 91.9351 51.1257 2936.43 2966.6 2962.22 15.7694 9.33039 2946.45 58.6712 55.0357 46.2291 15.1808 2887.78 6.31904 31.0482 9.22402
internal_count=41456 20602 20854 71 20783 20539 84 20769 646 20455 382 365 64 20123 628 344 20100 20073 20044 106 63 19938 396 372 312 102 19542 43 210 62
is_linear=0
shrinkage=0.03


Tree=35
num_leaves=31
num_cat=0
split_feature=45 48 8 52 14 12 28 8 24 11 51 7 16 23 5 17 11 39 2 24 8 14 13 17 29 8 23 20 20 13
split_gain=8598.52 53.3123 16.1805 19.03 4.07036 9.32514 3.832 0.243038 5.55265 0.0385012 0.500439 0.0193661 0.0114439 0.00412261 0.0035825 0.00187638 0.000419089 0.000169115 0.000149187 0.00011918 7.35656e-05 5.10841e-05 0.000118703 7.39619e-05 9.5327e-05 2.89238e-05 2.62796e-05 2.13851e-05 1.88306e-05 1.81098e-05
threshold=389.50000000000006 25.500000000000004 242.10410160000004 87.500000000000014 947.50000000000011 50.500000000000007 124.50000000000001 250.72016100000005 0.055844639500000008 3145.5000000000005 121.50000000000001 12628.500000000002 1007.5000000000001 0.035159978000000008 1663.5000000000002 142.50000000000003 2625.5000000000005 0.17781420850000004 16.235841275000002 0.043277414000000007 218.16025645000005 858.50000000000011 669.50000000000011 125.50000000000001 1.2498420240000001 234.56818180000002 0.024023346000000004 70.500000000000014 130.50000000000003 784.50000000000011
decision_type=2 2 2 2 2 2 2 2 2 2 2 2 2 2 2 2 2 2 2 2 2 2 2 2 2 2 2 2 2 2
left_child=1 4 3 -2 9 -6 7 8 -4 15 -11 -7 16 -10 -12 19 -9 20 25 -1 29 26 -23 24 -24 -3 -21 -15 -18 -16
right_child=2 18 6 -5 5 11 -8 12 13 10 14 -13 -14 27 17 -17 28 -19 -20 21 -22 22 23 -25 -26 -27 -28 -29 -30 -31
leaf_value=0.036517060004997902 -0.039589191676819381 -0.036244705777616758 -0.0012368094457335908 0.037801215331172248 -0.020364171180687056 0.040060516703971746 -0.0039698875316702452 -0.036605908833191876 -0.037376707254125903 0.026744268204186118 0.037439702524350686 0.036875475723992877 -0.038189901869716034 -0.036313670397075941 0.036363621355990097 0.037088139899143911 -0.036248423310579023 0.036614426636858328 -0.036568187618707428 0.036415590667733796 0.036504263880666368 0.036547459994161292 0.036379529055561008 0.036360471126046769 0.036580910780811653 -0.036374618145698041 0.03636006244729105 -0.036247146321012856 -0.036172867099222086 0.036439402017020187
leaf_weight=4.3978646248579016 5.6498004496097547 3.1373768001794797 4.2604501694440833 5.7903595864772797 3.7429425269365293 3.4745924323797226 3.3234812915325156 2.9531732499599448 3.028370574116706 5.246395841240882 3.1336897015571585 3.3987546265125275 2.7358789891004553 4.5921312123537055 40.133204415440559 3.1975416243076316 2862.5307478159666 2.9508047550916663 2.941720113158226 7.6915249526500693 3.9484114944934836 3.9660170674324027 5.6393298059701902 42.287506625056267 3.3855883181095123 3.0339579433202744 2828.2790315747261 82.163248658180237 2.9717824012041083 3.0541711151599875
leaf_count=30 35 22 18 36 16 19 14 20 20 32 20 23 17 32 278 21 20065 20 20 53 27 27 39 293 23 21 19597 576 21 21
internal_value=-3.24272e-06 0.0360574 -0.0360281 -0.000418561 0.0362799 0.0177372 -0.0361653 -0.0362014 -0.0347007 0.0363464 0.0355842 0.0384856 -0.0362506 -0.0362886 0.0364557 0.0363618 -0.0362487 0.0363941 -0.0363924 0.036361 0.0363803 0.0363608 0.0363893 0.0363771 0.0364551 -0.0363086 0.0363602 -0.0362507 -0.0362483 0.036369
internal_weight=5957.04 2977.04 2980 11.4402 2967.93 10.6163 2968.56 2965.24 94.0442 2957.31 58.4667 6.87335 2871.19 89.7838 53.2203 2898.84 2868.46 50.0866 9.11305 2895.65 47.1358 2891.25 55.2784 51.3124 9.02492 6.17133 2835.97 86.7554 2865.5 43.1874
internal_count=41456 20602 20854 71 20539 58 20783 20769 646 20481 398 42 20123 628 366 20083 20106 346 63 20062 326 20032 382 355 62 43 19650 608 20086 299
is_linear=0
shrinkage=0.03


Tree=36
num_leaves=31
num_cat=0
split_feature=49 48 26 17 7 8 41 11 8 8 23 19 19 2 14 14 24 14 51 36 2 14 18 23 17 18 24 29 8 14
split_gain=8279.62 69.6731 11.7826 4.17407 8.35626 4.09855 3.63865 0.266162 4.03979 0.258642 5.85916 0.141543 0.0958798 0.0309388 0.00758342 0.0045125 0.000802374 0.000766223 0.0007323 0.000194144 0.000135553 4.86428e-05 0.000103144 7.06002e-05 6.92384e-05 9.39652e-05 4.09525e-05 4.06274e-05 2.46581e-05 2.27224e-05
threshold=116.50000000000001 24.500000000000004 20.500000000000004 138.50000000000003 10124.000000000002 242.10410160000004 0.13605086800000002 3145.5000000000005 221.26923080000003 250.72016100000005 0.033978040500000008 268.50000000000006 559.00000000000011 9.5698051945000007 923.50000000000011 752.50000000000011 0.056896008500000005 888.50000000000011 121.50000000000001 4.5000000000000009 16.235841275000002 858.50000000000011 180.50000000000003 0.028351276500000005 125.50000000000001 185.50000000000003 0.044495522000000003 8.8166666665000033 234.56818180000002 775.50000000000011
decision_type=2 2 2 2 2 2 2 2 2 2 2 2 2 2 2 2 2 2 2 2 2 2 2 2 2 2 2 2 2 2
left_child=1 3 5 7 -5 6 -2 17 11 10 -7 -9 -11 -6 18 20 -12 19 -13 -1 28 26 23 -23 25 -24 -21 29 -3 -20
right_child=2 15 -4 4 13 9 -8 8 -10 12 16 14 -14 -15 -16 -17 -18 -19 27 21 -22 22 24 -25 -26 -27 -28 -29 -30 -31
leaf_value=0.036338682664738019 0.0095506190484335608 -0.036022421060057597 0.020573875256230799 -0.011876452752696848 0.036630176323527851 0.00083920960028300207 -0.036835830545920517 0.030364961361812055 -0.00069902411118458391 -0.036025900539041755 -0.036525955980300007 0.036647956642259213 -0.041612231740496268 0.040470628939583912 0.037566537663753022 -0.037496320004905832 -0.036028307594612105 0.036541585816927402 0.036215178494179399 0.036198050724296188 -0.036332523384635156 0.036371048696579276 0.036141925087780337 0.036176517104888568 0.036129501240444256 0.036364068776965484 0.036133222444590149 0.036228940081992629 -0.036143822147859765 0.036132622590454459
leaf_weight=4.1750908941030493 3.3618421405553809 3.0631563961505872 3.3254760205745688 4.8910130858421308 4.2136880606412888 4.0557815581560126 2.7808975875377655 3.9137976765632621 2.8571223616600028 2799.1140783429146 3.0202232748270026 2.8135628104209891 2.7678690105676642 3.4203809797763824 3.819589599967002 3.0733989626169196 84.426441341638565 4.1624858528375617 3.2627210617065421 8.7978169918060285 2.8730154633522034 3.3196816295385352 4.231579214334487 3.3974921107292175 36.203730776906013 2.8801423907279968 2763.1578614711761 5.1191543042659751 2.961609736084938 37.342297628521919
leaf_count=29 22 22 15 26 29 17 19 24 15 20096 21 19 15 19 25 20 606 29 23 62 20 23 30 24 257 20 19607 36 21 265
internal_value=-3.25029e-06 0.0357204 -0.0358635 0.0360183 0.0187372 -0.0359282 -0.0114491 0.0360932 0.0341012 -0.0359802 -0.0344106 0.0358681 -0.0360314 0.0383509 0.0362795 -0.0365053 -0.0360455 0.0361349 0.0361782 0.0361343 -0.036163 0.036134 0.0361633 0.0362727 0.0361463 0.0362319 0.0361334 0.0361493 -0.0360821 0.0361393
internal_weight=5816.8 2913.95 2902.85 2901.98 12.5251 2899.53 6.14274 2889.45 59.1282 2893.38 91.5024 56.2711 2801.88 7.63407 52.3573 11.9712 87.4467 2830.33 48.5377 2826.16 8.89778 2821.99 50.0326 6.71717 43.3155 7.11172 2771.96 45.7242 6.02477 40.605
internal_count=41456 20645 20811 20562 74 20796 41 20488 407 20755 644 392 20111 48 368 83 627 20081 343 20052 63 20023 354 47 307 50 19669 324 43 288
is_linear=0
shrinkage=0.03


Tree=37
num_leaves=31
num_cat=0
split_feature=45 48 8 52 28 5 12 8 24 11 15 6 4 28 23 51 11 28 29 36 11 8 51 8 8 10 24 19 18 22
split_gain=7997.16 49.5779 15.1656 17.9513 3.72811 3.33495 10.968 0.24978 5.43313 0.0304877 0.903753 0.0224415 0.0109835 0.00649723 0.00373331 0.000646994 0.000327265 0.000308471 0.00118348 0.000153581 0.000115548 0.000961531 0.00012414 0.000106028 9.32375e-05 0.000116238 3.68443e-05 3.12468e-05 1.87414e-05 1.75249e-05
threshold=389.50000000000006 25.500000000000004 242.10410160000004 87.500000000000014 124.50000000000001 1829.5000000000002 50.500000000000007 250.72016100000005 0.055844639500000008 3145.5000000000005 104.50000000000001 36.594494050000009 190.46060610000004 114.50000000000001 0.035159978000000008 121.50000000000001 2625.5000000000005 561.00000000000011 14.803571430000002 4.5000000000000009 3112.5000000000005 216.15800420000002 121.50000000000001 218.16025645000005 234.56818180000002 470.50000000000006 0.044495522000000003 269.50000000000006 71.500000000000014 70.500000000000014
decision_type=2 2 2 2 2 2 2 2 2 2 2 2 2 2 2 2 2 2 2 2 2 2 2 2 2 2 2 2 2 2
left_child=1 5 3 -2 7 9 -7 8 -4 17 -11 -12 -8 16 -10 -13 -9 19 -19 -1 26 22 -22 27 -3 -26 28 -17 -21 -16
right_child=2 24 4 -5 -6 6 12 13 14 10 11 15 -14 -15 29 23 -18 18 -20 20 21 -23 -24 -25 25 -27 -28 -29 -30 -31
leaf_value=0.036104164326753722 -0.039151805656480444 -0.035809338542518013 -0.0011141816616774874 0.037352951520323099 -0.003953784247647048 -0.023861041608215956 0.036205167632971595 -0.036136381361316861 -0.036910775535715916 0.019235109994186005 0.038389897235933217 0.036401055544843477 0.038192352909501397 -0.037123587491318485 -0.035873233844771035 0.035996119238843723 -0.035812744298833334 0.036582183421206393 0.035918266707893082 0.035921664370685953 0.036096090236372134 0.03644865811864683 0.035914426905158392 0.036089706037334392 -0.036153055144152783 -0.035882029543714604 0.035915477174991051 0.035913972572526431 0.036012748692189157 -0.035811551445279061
leaf_weight=3.9326625168323508 5.4636626094579679 2.9900469928979856 4.253607675433158 5.578863188624382 3.3198543787002555 3.6035664826631537 5.2028273642063123 2.8149684220552436 2.8953129202127448 3.0138622522354117 3.7084660083055487 2.8896210938692084 4.8244825303554535 3.4090350568294516 4.377216324210166 4.7171125411987296 2730.162833571434 3.0363965183496466 11.834928363561628 3.3041244298219663 3.6447089910507193 3.3952999114990225 47.595787435770035 3.7789004147052756 2.8205206394195557 2.8768264800310135 2680.0013942718506 35.763271182775497 5.2851740717887878 78.304980635643005
leaf_count=28 35 22 18 36 14 17 37 20 20 17 24 20 30 23 32 34 20080 21 86 24 26 24 346 27 20 21 19480 260 38 576
internal_value=-3.26403e-06 0.0356124 -0.0355894 -0.000500361 -0.0357263 0.0358321 0.0210289 -0.0357636 -0.034207 0.0359038 0.035197 0.0361429 0.0371613 -0.0358147 -0.0358519 0.0359661 -0.0358131 0.0359176 0.0360538 0.0359168 0.0359166 0.0359597 0.0359273 0.0359377 -0.035945 -0.0360162 0.0359157 0.0359235 0.0359777 -0.0358148
internal_weight=5678.8 2838.22 2840.58 11.0425 2829.54 2829.53 13.6309 2826.22 89.8311 2815.9 53.8712 50.8574 10.0273 2736.39 85.5775 47.1489 2732.98 2762.03 14.8713 2747.16 2743.23 54.6358 51.2405 44.2593 8.68739 5.69735 2688.59 40.4804 8.5893 82.6822
internal_count=41456 20602 20854 71 20783 20539 84 20769 646 20455 382 365 67 20123 628 341 20100 20073 107 19966 19938 396 372 321 63 41 19542 294 62 608
is_linear=0
shrinkage=0.03


Tree=38
num_leaves=31
num_cat=0
split_feature=45 48 8 52 28 17 37 8 24 2 7 19 17 5 28 2 25 49 5 7 2 19 4 36 17 2 2 5 4 24
split_gain=7714.93 47.8262 14.6577 17.2868 3.70357 3.6604 7.44194 0.253582 5.37186 0.022951 0.0172012 0.19669 1.0835 0.011357 0.00588697 0.00378313 0.00339658 0.000273054 0.000270059 0.000231191 0.00301956 0.00294669 0.000264735 0.000157916 0.000119126 0.000130394 0.00010825 0.000104151 3.39089e-05 3.34283e-05
threshold=389.50000000000006 25.500000000000004 242.10410160000004 87.500000000000014 124.50000000000001 139.50000000000003 0.050006701500000007 250.72016100000005 0.055844639500000008 10.269208415000001 9115.5000000000018 267.50000000000006 122.50000000000001 1829.5000000000002 114.50000000000001 11.100464350000001 0.035159978000000008 117.50000000000001 1794.5000000000002 8804.5000000000018 11.359368720000001 252.50000000000003 217.21506410000003 4.5000000000000009 128.50000000000003 10.286829970000001 16.235841275000002 1614.5000000000002 215.94665715000002 0.044495522000000003
decision_type=2 2 2 2 2 2 2 2 2 2 2 2 2 2 2 2 2 2 2 2 2 2 2 2 2 2 2 2 2 2
left_child=1 5 3 -2 7 10 9 8 -4 -7 19 12 -12 15 17 18 -10 -9 24 23 21 -21 27 -1 25 -13 -3 -23 -29 -25
right_child=2 26 4 -5 -6 6 -8 14 16 -11 11 13 -14 -15 -16 -17 -18 -19 -20 20 -22 22 -24 29 -26 -27 -28 28 -30 -31
leaf_value=0.035895815211066211 -0.038839501217239211 -0.03566112565794214 -0.0010809990846112755 0.037086271240297765 -0.003838610869316765 0.035774058259729256 -0.012023859162115482 -0.035845833216926068 -0.036667987700229977 0.039161393802875546 0.035714929177677539 0.035739478836211321 0.015429756300596065 0.037419139863002618 -0.036870624017354407 0.036840713185453476 -0.035610250357581037 -0.035608191723980297 0.035954016929002977 0.036563400586900927 0.036674498684898742 0.035845854869295736 0.035963190443042956 0.035766470085177887 0.035708264681277302 0.035920798281044788 -0.035890355003274185 0.035709021513263217 0.035788766541787767 0.035706456276857965
leaf_weight=3.9797753244638434 5.3441748768091184 5.740854471921919 4.2526621222496024 5.4523235112428665 3.3169245719909659 4.5866509079933149 4.3879902362823486 4.3587017655372611 2.8280655145645133 2.9633060693740845 14.38168750703335 11.319677621126177 2.837336614727973 3.8700665086507788 3.3306364119052878 2.8583809882402411 80.692524492740631 2662.8481240868568 4.7906859517097464 3.7307736575603476 3.0430870503187171 5.1821485906839362 3.8354180306196204 8.3839305490255338 80.71385183930397 5.2135762423276892 2.7385449856519699 309.44997268915176 4.8745808005332938 2281.4594240188599
leaf_count=29 35 43 18 36 14 34 21 32 20 18 107 84 20 26 23 20 608 20068 35 26 21 38 28 62 601 38 20 2304 36 16991
internal_value=-3.26955e-06 0.0354036 -0.0353835 -0.00049634 -0.0355199 0.035622 0.019046 -0.035558 -0.0339714 0.0371036 0.0356939 0.0353515 0.0323724 0.0358232 -0.0356102 0.0357643 -0.0356461 -0.0356086 0.0357341 0.0357104 0.0357339 0.0357251 0.0357154 0.035707 0.0357233 0.0357967 -0.0357352 0.0357125 0.0357103 0.0357067
internal_weight=5542.77 2770.34 2772.42 10.7965 2761.63 2761.86 11.9379 2758.31 87.7733 7.54996 2749.92 125.985 17.219 108.766 2670.54 104.896 83.5206 2667.21 102.038 2623.94 330.116 327.073 323.342 2293.82 97.2471 16.5333 8.4794 319.507 314.325 2289.84
internal_count=41456 20602 20854 71 20783 20539 73 20769 646 52 20466 931 127 804 20123 778 628 20100 758 19535 2453 2432 2406 17082 723 122 63 2378 2340 17053
is_linear=0
shrinkage=0.03


Tree=39
num_leaves=31
num_cat=0
split_feature=45 48 8 51 14 7 26 6 8 24 14 51 7 5 25 17 46 19 6 8 36 2 21 16 7 19 21 10 8 8
split_gain=7444.16 46.1456 14.1689 9.74483 4.06218 9.55874 2.7026 2.58425 0.257126 5.31312 0.0417272 1.06591 0.0293548 0.00346407 0.00309134 0.000792824 0.000245331 0.00016722 0.000216171 0.000139342 0.00013889 9.73326e-05 8.16155e-05 7.90201e-05 6.69779e-05 0.00104671 0.00263859 0.000143961 4.38724e-05 0.000140406
threshold=389.50000000000006 25.500000000000004 242.10410160000004 120.50000000000001 947.50000000000011 10449.500000000002 19.500000000000004 42.953397320000008 250.72016100000005 0.055844639500000008 866.50000000000011 121.50000000000001 12628.500000000002 1641.5000000000002 0.035159978000000008 136.50000000000003 221.50000000000003 297.50000000000006 38.807200930000008 219.43746090000002 4.5000000000000009 16.235841275000002 183.50000000000003 712.50000000000011 8804.5000000000018 252.50000000000003 85.500000000000014 643.50000000000011 217.29102565000002 218.16025645000005
decision_type=2 2 2 2 2 2 2 2 2 2 2 2 2 2 2 2 2 2 2 2 2 2 2 2 2 2 2 2 2 2
left_child=1 4 3 -2 10 -6 8 -5 9 -4 15 -12 -7 -13 -11 17 -10 20 -19 23 -1 -3 -18 -15 -22 26 -26 -27 -29 -30
right_child=2 21 6 7 5 12 -8 -9 16 14 11 13 -14 19 -16 -17 22 18 -20 -21 24 -23 -24 -25 25 27 -28 28 29 -31
leaf_value=0.035687954612036929 0.036745272051579334 -0.035462822388035518 -0.0010487996267306576 -0.039808424239533659 -0.023127693682001509 0.040085812346823547 -0.011285864001030974 -0.0020742503010732706 -0.035640162332295701 -0.036435132854486033 0.017085540729014199 0.036596239930757009 0.036032663525726233 0.035509540373365255 -0.035413986314240871 0.035983974725197695 -0.035411957523105789 0.03550954226766536 0.035865418933003677 0.035738490714707631 0.035506463338946782 -0.035682848605860872 -0.035558663846046862 0.03567676383700525 0.035504867027154802 0.035711891916672643 0.036618319244233338 0.035507307756664865 0.03574709307107974 0.035524328995765408
leaf_weight=3.8843092173337928 3.9546893537044507 5.6018682122230512 4.2517426759004584 3.6260598003864288 3.5584594607353193 3.3407642543315887 4.2036483436822882 2.9724912494421005 4.2539225667715064 2.7617576122283927 2.9386602342128745 2.8617430478334418 3.1009235680103302 53.740983113646507 78.735108181834221 3.1675912886857978 2597.1948477178812 3.539030358195304 2.7144166529178619 2.6891857385635367 2233.317243129015 2.6728294789791107 3.417342782020568 2.669564574956893 6.4193091094493848 3.2214502543210974 2.7300762832164764 331.41062927246094 2.8096859753131893 27.181078791618347
leaf_count=29 27 43 18 23 16 19 19 21 32 20 19 20 23 410 608 23 20060 27 20 20 17044 20 26 20 49 24 19 2529 21 207
internal_value=-3.27587e-06 0.0352028 -0.0351859 -0.000492482 0.03542 0.016335 -0.0353218 -0.0228101 -0.0353593 -0.0337429 0.035491 0.0347396 0.0381347 0.0355769 -0.0354486 0.0355096 -0.0354125 0.0355091 0.035664 0.0355275 0.0355087 -0.0355339 -0.0354122 0.0355175 0.0355084 0.0355202 0.0358371 0.0355122 0.0355105 0.0355452
internal_weight=5408.94 2703.57 2705.37 10.5532 2695.3 10.0001 2694.82 6.59855 2690.61 85.7486 2685.29 64.9001 6.44169 61.9615 81.4969 2620.39 2604.87 2617.23 6.25345 59.0997 2610.97 8.2747 2600.61 56.4105 2607.09 373.772 9.14939 364.623 361.401 29.9908
internal_count=41456 20602 20854 71 20539 58 20783 44 20764 646 20481 489 42 470 628 19992 20118 19969 47 450 19922 63 20086 430 19893 2849 68 2781 2757 228
is_linear=0
shrinkage=0.03


Tree=40
num_leaves=31
num_cat=0
split_feature=45 48 8 52 14 7 26 8 24 11 15 12 23 17 51 11 13 36 2 4 21 14 18 17 18 23 24 40 8 18
split_gain=7184.23 44.5334 13.794 16.1986 4.02372 9.18059 2.71887 0.261282 5.25677 0.0462114 0.961777 0.0277678 0.00281444 0.00256717 0.00191342 0.000239476 0.000155673 0.000126715 8.75682e-05 8.10271e-05 7.35693e-05 3.25893e-05 7.13283e-05 5.88744e-05 8.26922e-05 4.55449e-05 2.71987e-05 2.24488e-05 1.71793e-05 1.38881e-05
threshold=389.50000000000006 25.500000000000004 242.10410160000004 87.500000000000014 947.50000000000011 10449.500000000002 19.500000000000004 250.72016100000005 0.055844639500000008 3145.5000000000005 104.50000000000001 61.500000000000007 0.035159978000000008 142.50000000000003 121.50000000000001 2625.5000000000005 780.50000000000011 4.5000000000000009 16.235841275000002 213.79772725000004 183.50000000000003 858.50000000000011 180.50000000000003 125.50000000000001 185.50000000000003 0.028351276500000005 0.044495522000000003 0.044339629000000005 234.56818180000002 71.500000000000014
decision_type=2 2 2 2 2 2 2 2 2 2 2 2 2 2 2 2 2 2 2 2 2 2 2 2 2 2 2 2 2 2
left_child=1 4 3 -2 9 -6 7 8 -4 13 -11 -7 -10 17 -12 -9 19 -1 28 27 -17 26 25 24 -24 -23 29 -16 -3 -19
right_child=2 18 6 -5 5 11 -8 15 12 10 14 -13 -14 -15 16 20 -18 21 -20 -21 -22 22 23 -25 -26 -27 -28 -29 -30 -31
leaf_value=0.035488562267905296 -0.03828555514569594 -0.035220186791450905 -0.0010175529667001474 0.036659036175177448 -0.022466482890267446 0.039948089097499695 -0.010983929213580107 -0.035510995995413304 -0.036211703557347527 0.017544804625365281 0.036127102173072342 0.035958099927933869 -0.035225616700821825 0.036204949673752915 0.035312515762138452 -0.035223725871140643 0.035550435363352777 0.035319735718023326 -0.035483786131196959 0.035448844161713872 -0.035364737682980547 0.035517820274217619 0.035321460343690408 0.035310365845115405 0.035538590318614734 0.035355477517457379 0.03531432712352172 0.035383854262342349 -0.035326578907853436 0.035401069316137117
leaf_weight=3.790368750691413 5.1461556479334813 2.7774530798196775 4.2508484721183768 5.2370855510234833 3.5533698052167875 2.9721917510032654 4.1898382902145377 2.6177679374814025 2.6964215189218512 2.8740391433238974 3.0517220497131339 3.3269299492239952 76.810543194413185 2.9220490008592597 33.229997158050537 2535.2386365309358 3.2856797128915778 3.0702973604202262 2.608166366815567 5.0635209381580344 3.3342550694942465 3.0147687494754782 3.9665596187114707 36.159721180796623 2.6221149116754532 3.2127598226070404 2504.2597546726465 4.5086203068494788 2.6877421736717224 4.9129862785339355
leaf_count=29 35 22 18 36 16 17 19 20 20 17 22 25 608 21 260 20072 25 24 20 39 26 23 31 283 20 25 19589 35 21 38
internal_value=-3.27783e-06 0.0350104 -0.034995 -0.000485101 0.0352264 0.0160905 -0.0351313 -0.0351699 -0.0335212 0.0352983 0.034413 0.0378407 -0.0352591 0.0353162 0.0353996 -0.0352242 0.0353514 0.0353152 -0.0353408 0.0353362 -0.0352239 0.035315 0.0353392 0.0353254 0.0354079 0.0354341 0.0353145 0.035321 -0.0352725 0.0353698
internal_weight=5277.39 2637.87 2639.52 10.3832 2629.8 9.85249 2629.14 2624.95 83.7578 2619.94 52.0136 6.29912 79.507 2567.93 49.1395 2541.19 46.0878 2565.01 8.07336 42.8021 2538.57 2561.22 48.9759 42.7484 6.58867 6.22753 2512.24 37.7386 5.4652 7.98328
internal_count=41456 20602 20854 71 20539 58 20783 20764 646 20481 398 42 628 20083 381 20118 359 20062 63 334 20098 20033 382 334 51 48 19651 295 43 62
is_linear=0
shrinkage=0.03


Tree=41
num_leaves=31
num_cat=0
split_feature=45 23 45 26 17 7 17 17 4 43 24 4 24 27 21 14 19 14 37 23 4 43 19 6 18 19 7 19 21 2
split_gain=6934.78 19.0067 11.7324 10.8587 7.87558 4.84781 4.04803 7.21237 1.06507 7.90905 0.869854 0.124839 4.34365 0.0877211 0.0786773 0.0320981 0.999016 0.0208205 0.00499751 0.00322714 0.000876989 0.000168302 0.000141291 0.000192305 0.000115732 0.000297998 6.59272e-05 0.000976103 0.00244855 6.42213e-05
threshold=389.50000000000006 0.021258515000000002 387.50000000000006 20.500000000000004 114.50000000000001 6295.5000000000009 139.50000000000003 145.50000000000003 241.90757860000002 0.16326955550000002 0.044495522000000003 250.15070310000002 0.055635851500000007 85.500000000000014 109.50000000000001 866.50000000000011 267.50000000000006 923.50000000000011 0.018808339500000004 0.034906002500000005 216.74084245000003 0.20803714600000003 297.50000000000006 38.807200930000008 192.50000000000003 275.50000000000006 8804.5000000000018 252.50000000000003 85.500000000000014 11.461884285000002
decision_type=2 2 2 2 2 2 2 2 2 2 2 2 2 2 2 2 2 2 2 2 2 2 2 2 2 2 2 2 2 2
left_child=1 2 21 4 -2 -4 10 -8 9 -6 -3 12 -10 -13 -11 22 -17 20 -9 -14 24 -1 26 -24 -18 -26 -12 28 -28 -21
right_child=3 6 5 -5 8 -7 7 18 11 14 15 13 19 -15 -16 16 17 -19 -20 29 -22 -23 23 -25 25 -27 27 -29 -30 -31
leaf_value=0.035462483973376951 0.0087137268438467318 0.021246301504965519 -0.035076432211333698 0.020003878117169478 0.015460413119245973 0.014049797292305169 -0.015069836494306897 0.035612199536576433 -0.0027431978908217447 -0.04043172212894431 0.035129972547806393 -0.035042684352283235 -0.036103868448223504 -0.040561896360869105 -0.035050562530890852 0.018284835526527432 0.035134019317748809 0.037425793085386197 0.03731208857504429 -0.035044678051001706 0.035694257397534172 0.035125711596163962 0.035131568791040305 0.035472842451307392 0.035471983690208118 0.035136801994201654 0.035128499248780483 0.035136051403961269 0.036225458892316986 -0.035148594887584136
leaf_weight=2.6038827300071707 3.7240284979343405 4.0764510929584494 6.3113691583275777 3.2482627779245368 3.1690660193562534 2.5335643589496613 4.0288092494010908 3.2274004518985748 3.8589855581521979 2.9153178036212948 2120.4636620804667 2418.530851200223 2.6717993244528762 2.5945264250040045 15.168862983584402 3.2632432729005805 40.920975089073181 4.0066982284188262 3.0065112859010696 113.24184022843838 2.8891752660274497 2.7418763414025307 3.492274433374404 2.5867320075631142 3.5044689252972585 7.4881627708673477 6.1092578470706922 347.41917805373669 2.6153351739048958 5.6179506033658972
leaf_count=20 28 32 51 15 22 20 20 25 17 18 17004 19632 20 15 123 23 328 28 20 919 22 22 28 20 27 60 49 2784 19 45
internal_value=-3.27929e-06 0.0348256 0.000201982 -0.0348125 -0.0348818 -0.0210046 0.0350176 0.0162141 -0.034945 -0.028257 0.0350933 -0.0350008 -0.0340778 -0.0350486 -0.035918 0.0351155 0.0344417 0.0353382 0.036432 -0.0350728 0.0351855 0.0352898 0.0351323 0.0352768 0.0351572 0.0352437 0.035132 0.0351439 0.0354573 -0.0350496
internal_weight=5148.03 2573.29 14.1907 2574.74 2571.49 8.84493 2559.1 10.2627 2567.77 21.2532 2548.84 2546.52 125.391 2421.13 18.0842 2544.76 62.0727 58.8095 6.23391 121.532 54.8028 5.34576 2482.69 6.07901 51.9136 10.9926 2476.61 356.144 8.72459 118.86
internal_count=41456 20602 113 20854 20839 71 20489 65 20811 163 20424 20648 1001 19647 141 20392 488 465 45 984 437 42 19904 48 415 87 19856 2852 68 964
is_linear=0
shrinkage=0.03


Tree=42
num_leaves=31
num_cat=0
split_feature=45 48 8 52 26 14 7 8 24 27 11 15 37 23 51 26 27 11 24 8 13 24 10 4 14 18 6 23 20 20
split_gain=6694.83 41.8818 13.2276 15.2627 5.99956 3.9849 8.71621 0.272287 5.16386 0.0792527 0.0500956 0.994794 0.0260237 0.00233776 0.00157313 0.000431524 0.00104993 0.00040903 0.000137718 0.000133506 0.000124744 0.000113957 8.99574e-05 6.52528e-05 3.60513e-05 7.6809e-05 4.32387e-05 2.90632e-05 2.20748e-05 2.18076e-05
threshold=389.50000000000006 25.500000000000004 242.10410160000004 87.500000000000014 20.500000000000004 947.50000000000011 10449.500000000002 250.72016100000005 0.055844639500000008 85.500000000000014 3145.5000000000005 104.50000000000001 0.018808339500000004 0.035159978000000008 121.50000000000001 93.500000000000014 363.00000000000006 2625.5000000000005 0.044495522000000003 234.56818180000002 780.50000000000011 0.054682304500000008 470.50000000000006 213.79772725000004 858.50000000000011 180.50000000000003 39.675337840000005 0.028351276500000005 20.500000000000004 130.50000000000003
decision_type=2 2 2 2 2 2 2 2 2 2 2 2 2 2 2 2 2 2 2 2 2 2 2 2 2 2 2 2 2 2
left_child=1 5 3 -2 7 10 -7 8 -4 17 15 -12 -8 -10 -13 18 -17 -9 28 -3 23 -18 -21 -16 -20 27 -27 -26 -1 -19
right_child=2 19 4 -5 -6 6 12 9 13 -11 11 14 -14 -15 20 16 21 29 24 22 -22 -23 -24 -25 25 26 -28 -29 -30 -31
leaf_value=0.035021722039584799 -0.037754107489296938 -0.034865826211335466 -0.00089897808758756213 0.036331620498542806 0.012660374871326645 -0.0219888346365072 0.035434824284141499 -0.035251138418438341 -0.035791655067033946 -0.040169526778361331 0.016619568287559623 0.035707144759792149 0.039373253396657773 -0.034870907470117722 0.03495875346715796 0.035664398402068552 0.034949556571692429 -0.034869384210596883 0.034953026456863094 -0.035255674047309254 0.03516929687012478 0.035177663629750618 -0.0350035896330489 0.035076334807327005 0.035149070568408457 0.034956542905903033 0.035080471770458511 0.035016279002385325 0.035115656199269069 -0.034787996894171239
leaf_weight=4.2978919297456724 4.9401010647416097 2.6418045461177817 4.2451651692390433 5.0723613947629929 2.3976208269596091 3.5205633193254453 3.0262546762824059 2.5273021608591071 2.5690329670906058 2.5420670434832564 2.7991692572832099 2.9086171686649314 3.0136033967137337 73.060601510107517 35.901263229548931 2.6007409170269957 9.2388408929109556 2410.9379856064916 2373.6224388405681 2.527727909386158 3.1267148554325095 2.5056575685739508 2.5688139125704765 4.8178488239645949 2.8725789636373511 37.475074835121632 2.7175286039710036 3.067218542098999 4.7291160821914673 2.9666844233870497
leaf_count=35 35 22 18 36 10 16 24 20 20 15 17 22 18 608 295 20 76 20067 19516 20 25 20 21 39 23 308 22 25 38 25
internal_value=-3.29699e-06 0.0346461 -0.0346351 -0.000221923 -0.0347728 0.0348616 0.0155304 -0.0348183 -0.033095 -0.0348753 0.0349358 0.0339915 0.0373999 -0.0349022 0.0350315 0.0349549 0.035119 -0.0348697 0.034954 -0.0350389 0.0349867 0.0349982 -0.0351286 0.0349727 0.0349535 0.0349798 0.0349649 0.0350805 0.0350709 -0.0348693
internal_weight=5021.24 2509.98 2511.26 10.0125 2501.25 2502.24 9.56042 2498.85 79.8748 2418.97 2492.68 49.5536 6.03986 75.6296 46.7544 2443.13 14.3452 2416.43 2428.78 7.73835 43.8458 11.7445 5.09654 40.7191 2419.75 46.1324 40.1926 5.9398 9.02701 2413.9
internal_count=41456 20602 20854 71 20783 20539 58 20773 646 20127 20481 398 42 628 381 20083 116 20112 19967 63 359 96 41 334 19894 378 330 48 73 20092
is_linear=0
shrinkage=0.03


Tree=43
num_leaves=31
num_cat=0
split_feature=45 48 26 4 39 14 7 43 23 20 11 15 19 1 19 40 16 4 24 6 51 4 20 26 13 11 24 2 13 11
split_gain=6464.68 40.4408 10.2593 4.30202 20.5171 3.94786 8.37735 0.12975 2.10653 0.0693679 0.0517485 1.00226 0.0465584 0.0330125 1.96141 0.0234273 0.016242 0.142739 0.00800466 0.00314034 0.00142059 0.000694613 0.00810206 0.000390834 0.00088844 0.00034865 0.000123991 0.000119402 0.000112428 8.6987e-05
threshold=389.50000000000006 25.500000000000004 20.500000000000004 241.90757860000002 0.032923663500000012 947.50000000000011 10449.500000000002 0.1159585815 0.036019269500000006 66.500000000000014 3145.5000000000005 104.50000000000001 526.50000000000011 17.500000000000004 350.50000000000006 0.018808339500000004 653.50000000000011 250.15070310000002 0.056490032000000003 52.275132410000005 121.50000000000001 246.25205355000003 70.500000000000014 93.500000000000014 685.50000000000011 2625.5000000000005 0.044495522000000003 16.235841275000002 780.50000000000011 3770.5000000000005
decision_type=2 2 2 2 2 2 2 2 2 2 2 2 2 2 2 2 2 2 2 2 2 2 2 2 2 2 2 2 2 2
left_child=1 5 3 4 -2 10 -7 8 -5 -6 23 -12 13 16 -15 -8 17 -9 -16 -10 -13 22 -18 26 -25 -19 -1 -3 -22 -20
right_child=2 27 -4 7 9 6 15 12 19 -11 11 20 -14 14 18 -17 21 25 29 -21 28 -23 -24 24 -26 -27 -28 -29 -30 -31
leaf_value=0.034896181706700009 0.036889500429013657 -0.034782735656446302 0.018904595681185712 -0.0080945347652046536 -0.039799194919011183 -0.021367212159660063 0.03524802609147297 -0.040891534264920135 -0.034705098842364127 -0.034708278984847567 0.016279847660870074 0.035508361215681426 -0.038904657123795733 -0.011017245552553652 -0.036387416317021172 0.039028161067107346 -0.036509773939466819 -0.035069461000257367 -0.034848685763727863 -0.035836682439285263 0.034801789987769172 -0.034702238445297927 -0.034704860981462908 0.035422873619650248 0.034823774877903856 -0.034699278554967107 0.034783384319810824 -0.035037547991034389 0.034990810172888895 -0.034701650614442255
leaf_weight=8.8034244403243047 4.3679589405655888 5.095107100903987 3.2372324019670478 2.8484707102179518 2.8569574728608158 3.5143890827894193 2.9521434530615807 3.7439564615488043 38.906972169876099 15.357740074396132 2.7722656577825537 2.8382170423865309 2.3549404963850966 3.2001886144280425 2.5859786048531523 2.9500045999884605 2.4259344339370754 2.4651225283741942 3.7062188461422911 2.3399677947163573 39.706764534115791 2139.3484931960702 28.945351451635361 2.7803257852792731 11.210068576037882 32.19899345189333 2359.5534039661288 2.4513185918331146 3.0495500117540351 157.89200093597174
leaf_count=73 32 43 15 21 18 16 24 24 332 131 17 22 16 24 20 18 19 20 31 18 334 18263 247 22 94 275 19894 20 25 1348
internal_value=-3.30244e-06 0.0344755 -0.0344665 -0.0345372 -0.0215038 0.0346899 0.0153026 -0.0346586 -0.0330462 -0.0355068 0.034765 0.0337935 -0.0346885 -0.0346843 -0.0342781 0.0371374 -0.0347151 -0.0353266 -0.0347315 -0.0347693 0.0348584 -0.0347043 -0.0348444 0.0347847 0.0349428 -0.0347256 0.0347838 -0.0348655 0.0348153 -0.034705
internal_weight=4896.46 2447.68 2448.78 2445.55 22.5827 2440.13 9.41654 2422.96 44.0954 18.2147 2430.71 48.3668 2378.87 2376.51 167.384 5.90215 2209.13 38.4081 164.184 41.2469 45.5945 2170.72 31.3713 2382.35 13.9904 34.6641 2368.36 7.54643 42.7563 161.598
internal_count=41456 20602 20854 20839 181 20539 58 20658 371 149 20481 398 20287 20271 1423 42 18848 319 1399 350 381 18529 266 20083 116 295 19967 63 359 1379
is_linear=0
shrinkage=0.03


Tree=44
num_leaves=31
num_cat=0
split_feature=46 36 26 16 14 7 19 8 8 23 20 2 7 6 15 2 8 23 27 37 8 23 14 16 26 27 51 16 8 7
split_gain=6218.29 41.4079 10.0009 4.86674 4.27908 8.45818 2.1991 2.87057 1.75157 8.20934 0.485441 0.364437 0.285743 4.65226 0.389695 1.24128 0.252891 4.42468 0.0653366 0.0211032 0.013907 0.139478 0.00189345 0.00161277 0.00025953 0.000936727 0.000248264 0.000386607 0.000146278 9.38421e-05
threshold=221.50000000000003 4.5000000000000009 20.500000000000004 376.50000000000006 947.50000000000011 10449.500000000002 302.50000000000006 215.54169880000003 244.40454545000003 0.034357372500000004 19.500000000000004 14.744942360000001 9115.5000000000018 40.053418805000007 104.50000000000001 9.9968141275000022 250.72016100000005 0.034357372500000004 85.500000000000014 0.018808339500000004 261.55411150000003 0.026271516500000005 885.50000000000011 427.50000000000006 93.500000000000014 363.00000000000006 121.50000000000001 644.50000000000011 242.10410160000004 8804.5000000000018
decision_type=2 2 2 2 2 2 2 2 2 2 2 2 2 2 2 2 2 2 2 2 2 2 2 2 2 2 2 2 2 2
left_child=1 3 8 10 6 -6 12 -8 9 -2 -1 -5 20 14 15 -14 17 -10 -18 -7 22 -22 24 -13 29 -26 27 -16 -11 -3
right_child=2 4 -4 11 5 19 7 -9 16 28 -12 23 13 -15 26 -17 18 -19 -20 -21 21 -23 -24 -25 25 -27 -28 -29 -30 -31
leaf_value=-0.002948749217814366 0.021817883641389171 0.034619801158028811 0.018339402276763329 -0.021493694227090816 -0.021429101629948787 0.035068534112099967 0.034695149249350736 -0.010224936202158572 -0.00015077662927456448 -0.034778605286742439 0.015745582423165545 -0.034525892987266785 0.034649232323889861 -0.0037502301482454296 0.03461771422680749 0.0087250210667722105 -0.034542080043527074 -0.034545239737615481 -0.039451937193247417 0.038698325633803793 0.034633234317243682 0.026935993581727005 0.03532473620027881 -0.035516706755816023 0.035281785837760475 0.034616033235348495 0.034629813730014329 0.035115506700373333 -0.034526850711477229 0.034638468300367695
leaf_weight=2.6072867438197127 2.8302688598632804 1942.6771542280912 3.2368935197591773 2.5728610754013044 3.6589936316013318 2.8793358355760574 2.9224711284041396 2.278643898665905 3.5636215060949317 2.5976509228348705 2.4017117023468018 3.8726567625999451 6.5052172988653165 3.0078933760523787 3.2367532253265372 2.2328111082315445 2293.1907397583127 60.782007217407227 2.441876880824565 2.886849008500576 22.595325984060768 2.3379665762186042 3.4643753618001929 2.3916363194584846 2.4760680422186843 8.2052739039063436 90.433621890842915 2.4800344258546829 10.366304568946362 276.92261491715908
leaf_count=22 19 16800 15 22 17 24 25 18 15 22 20 34 56 21 28 18 20080 532 15 18 195 20 28 19 20 71 781 20 91 2390
internal_value=-3.30198e-06 0.0341202 -0.0343569 -0.0176094 0.034421 0.0142471 0.0345012 0.0150154 -0.0344287 -0.0244715 0.0060148 -0.0309998 0.034544 0.0330358 0.0340907 0.0280249 -0.0344953 -0.0326404 -0.0345473 0.0368858 0.0346161 0.0339115 0.0346239 -0.0349042 0.0346228 0.0347704 0.0346419 0.0348337 -0.0345773 0.0346221
internal_weight=4774.06 2395.05 2379.01 13.8462 2381.2 9.42518 2371.78 5.20112 2375.77 15.7942 5.009 8.83715 2366.58 107.896 104.888 8.73803 2359.98 64.3456 2295.63 5.76618 2258.68 24.9333 2233.75 6.26429 2230.28 10.6813 96.1504 5.71679 12.964 2219.6
internal_count=41456 20667 20789 117 20550 59 20491 43 20774 132 42 75 20448 924 903 74 20642 547 20095 42 19524 215 19309 53 19281 91 829 48 113 19190
is_linear=0
shrinkage=0.03


Tree=45
num_leaves=31
num_cat=0
split_feature=45 48 8 52 14 10 8 52 19 20 11 15 37 21 17 51 24 46 36 2 8 13 24 8 18 14 18 17 18 23
split_gain=6030.92 38.1089 12.0363 13.8744 3.8729 7.77906 1.05873 31.3354 0.411487 0.326171 0.054922 1.04333 0.0189499 0.0020021 0.00186912 0.0014542 0.000479338 0.000437965 0.00031949 0.000236196 0.000129293 9.87306e-05 6.91556e-05 3.65593e-05 3.31905e-05 2.73366e-05 6.25871e-05 4.32194e-05 5.45644e-05 1.88273e-05
threshold=389.50000000000006 25.500000000000004 242.10410160000004 87.500000000000014 947.50000000000011 758.50000000000011 250.72016100000005 87.500000000000014 572.50000000000011 67.500000000000014 3145.5000000000005 104.50000000000001 0.018808339500000004 184.50000000000003 142.50000000000003 121.50000000000001 0.056896008500000005 221.50000000000003 4.5000000000000009 16.235841275000002 218.60769230000002 780.50000000000011 0.044495522000000003 234.56818180000002 71.500000000000014 858.50000000000011 180.50000000000003 125.50000000000001 185.50000000000003 0.028351276500000005
decision_type=2 2 2 2 2 2 2 2 2 2 2 2 2 2 2 2 2 2 2 2 2 2 2 2 2 2 2 2 2 2
left_child=1 4 3 -2 10 -6 7 9 13 -4 14 -12 -7 17 18 -13 -11 -8 -1 23 21 -17 24 -3 -20 -24 29 28 -28 -27
right_child=2 19 6 -5 5 12 8 -9 -10 16 11 15 -14 -15 -16 20 -18 -19 22 -21 -22 -23 25 -25 -26 26 27 -29 -30 -31
leaf_value=0.034753050362802303 -0.037153331660779602 -0.034397611432104243 -0.044811229436593936 0.035772146895823004 -0.020337710086018236 0.034896004292281367 -0.034712865280636766 0.062069834058698897 -0.047227984637783084 -0.034819887930071576 0.0153040793395374 0.035213801772045146 0.038373034103343855 -0.035195436427942137 0.035266592723918744 0.034471218383584717 -0.034391202437386963 -0.03438794409641216 0.034473890330521686 -0.034844002743764473 0.034714401294101652 0.034656691046538138 0.034462156700547371 -0.034562258634213916 0.034607432168743658 0.034637998470684182 0.034472848219761501 0.03445872217083519 0.034660478076797681 0.034527040599249235
leaf_weight=3.4209992215037337 4.6407867446541768 2.4529814496636382 2.8213652595877639 4.7525518238544464 3.4899524599313718 2.8078446164727211 3.7398333996534339 3.1347472667694083 2.2490832805633536 2.432538002729415 2.6944521665573111 2.724787861108779 2.8350542038679123 2.7706024423241606 2.6102999895811072 35.549094885587692 67.158032983541489 2233.8264544606209 2.7102403566241255 2.3781231567263603 2.3399387449026099 2.7854571267962447 2207.9661312624812 2.4025702029466629 4.3853035494685173 2.664291873574256 3.4999306052923194 31.879772059619427 2.3192774206399918 2.8469780310988426
leaf_count=29 35 22 14 36 16 24 32 13 10 21 17 22 18 23 21 315 603 20067 24 20 20 24 19589 21 38 23 31 283 20 25
internal_value=-3.30886e-06 0.0341519 -0.0341474 -0.000256747 0.0343663 0.0148688 -0.0342847 -0.0307916 -0.0344024 -0.0348116 0.0344434 0.0334182 0.0366429 -0.0343895 0.0344643 0.0345429 -0.0344062 -0.0343885 0.0344634 -0.0345991 0.0344979 0.0344847 0.0344629 -0.0344791 0.0345564 0.0344626 0.0344863 0.0344724 0.0345476 0.0345807
internal_weight=4654.29 2326.76 2327.53 9.39334 2319.53 9.13285 2318.13 75.5467 2242.59 72.4119 2310.4 46.0937 5.6429 2240.34 2264.3 43.3993 69.5906 2237.57 2261.69 7.23367 40.6745 38.3346 2258.27 4.85555 7.09554 2251.18 43.2102 37.699 5.81921 5.51127
internal_count=41456 20602 20854 71 20539 58 20783 651 20132 638 20481 398 42 20122 20083 381 624 20099 20062 63 359 339 20033 43 62 19971 382 334 51 48
is_linear=0
shrinkage=0.03


Tree=46
num_leaves=31
num_cat=0
split_feature=45 48 8 52 26 14 10 8 24 11 15 27 12 23 17 8 46 2 24 13 23 8 17 27 14 4 2 28 43 13
split_gain=5826.43 36.8156 11.647 13.3828 5.44269 3.83785 7.4837 0.292747 5.08466 0.0567257 1.05065 0.0525727 0.0171375 0.00220446 0.00169166 0.00117789 0.000395558 0.000213233 0.000155917 9.48721e-05 3.5298e-05 3.29898e-05 2.69347e-05 9.84794e-05 2.42576e-05 4.22127e-05 7.52026e-05 1.90114e-05 1.81225e-05 1.69706e-05
threshold=389.50000000000006 25.500000000000004 242.10410160000004 87.500000000000014 20.500000000000004 947.50000000000011 758.50000000000011 250.72016100000005 0.055844639500000008 3145.5000000000005 104.50000000000001 85.500000000000014 61.500000000000007 0.035159978000000008 142.50000000000003 219.16228895000003 221.50000000000003 16.235841275000002 0.043277414000000007 780.50000000000011 0.024023346000000004 234.56818180000002 127.50000000000001 18.500000000000004 858.50000000000011 214.75995735000004 11.333400735000003 112.50000000000001 0.12766140450000005 964.50000000000011
decision_type=2 2 2 2 2 2 2 2 2 2 2 2 2 2 2 2 2 2 2 2 2 2 2 2 2 2 2 2 2 2
left_child=1 5 3 -2 7 9 -7 8 -4 14 -11 16 -8 -10 18 19 -9 21 -1 22 -20 -3 23 -12 28 -26 -27 -18 -22 -30
right_child=2 17 4 -5 -6 6 12 11 13 10 15 -13 -14 -15 -16 -17 27 -19 20 -21 24 -23 -24 -25 25 26 -28 -29 29 -31
leaf_value=0.03451487456768243 -0.036918829058588259 -0.034248916821884259 -0.00024097272517279979 0.035571429277837005 0.010813041595247104 -0.019769392756427685 0.038147588370389549 -0.034552281224697258 -0.035178283748470672 0.014984274035645898 0.034325794459763921 -0.038740017744561421 0.034799224478928928 -0.034242903679756423 0.035085899146901682 0.035049629169184339 -0.034239627152500195 -0.034678477155459825 0.034385150406136919 0.034505243119652189 0.034392789198632576 -0.034407338886528804 0.034318620929648325 0.03452435803602668 0.03431901050657267 0.034469491468722149 0.03428950128058663 -0.034150054385222561 0.034310996234715188 0.034375606152642804
leaf_weight=3.4092280641198149 4.5318039804697019 2.3906635865569106 4.1931122541427603 4.6377231031656265 2.4220360070466986 3.4826822727918607 2.6523850932717323 3.6459167748689643 2.3482939749956122 2.6697784811258307 9.4694866836070997 2.3391160517930976 2.858097642660141 65.995413735508919 2.5460022985935202 2.2953043952584258 2176.3029532581568 2.3186879009008408 5.8947125896811476 3.285893239080905 2.4473278298974028 2.3419026210904121 24.304144605994225 2.9477212876081458 33.548313744366169 4.9562248736619932 3.611562043428421 2.1346644610166541 2146.8428711518645 3.6650759875774375
leaf_count=30 35 22 18 36 10 16 17 32 20 17 86 15 25 608 21 19 20060 20 53 29 22 21 221 26 305 44 33 20 19542 33
internal_value=-3.32548e-06 0.034 -0.0339974 -0.000255025 -0.0341344 0.0342134 0.0146546 -0.0341826 -0.0323076 0.0342915 0.0332368 -0.0342449 0.0364109 -0.034275 0.034313 0.0343887 -0.0342401 -0.0344428 0.0343122 0.0343508 0.0343118 -0.0343273 0.034337 0.0343729 0.0343116 0.0343342 0.0343936 -0.0342395 0.0343112 0.0343111
internal_weight=4536.49 2267.94 2268.55 9.16953 2259.38 2260.89 8.99317 2256.96 72.5368 2251.89 44.9723 2184.42 5.51048 68.3437 2206.92 42.3026 2182.08 7.05125 2204.38 40.0072 2200.97 4.73257 36.7214 12.4172 2195.07 42.1161 8.56779 2178.44 2152.96 2150.51
internal_count=41456 20602 20854 71 20783 20539 58 20773 646 20481 398 20127 42 628 20083 381 20112 63 20062 362 20032 43 333 112 19979 382 77 20080 19597 19575
is_linear=0
shrinkage=0.03


Tree=47
num_leaves=31
num_cat=0
split_feature=49 48 26 17 2 4 52 11 15 4 24 22 19 14 14 37 23 14 39 51 36 2 4 24 18 5 2 5 14 18
split_gain=5620.39 48.7705 9.25093 4.07331 6.80266 1.2316 8.83287 0.276711 3.4542 0.141615 4.27918 0.0520671 0.0473674 0.0134585 0.00476276 0.00412814 0.00244283 0.0015702 0.000696698 0.000328743 0.000260859 0.000189125 6.60158e-05 5.56658e-05 2.71527e-05 2.66084e-05 2.63206e-05 4.31114e-05 2.36011e-05 4.69635e-05
threshold=116.50000000000001 24.500000000000004 20.500000000000004 138.50000000000003 10.795094760000003 241.90757860000002 87.500000000000014 3145.5000000000005 104.50000000000001 250.15070310000002 0.055635851500000007 61.500000000000007 559.00000000000011 923.50000000000011 757.50000000000011 0.020050639000000006 0.034906002500000005 888.50000000000011 0.07927846550000002 121.50000000000001 4.5000000000000009 16.235841275000002 213.79772725000004 0.044495522000000003 71.500000000000014 1807.5000000000002 11.461884285000002 2074.5000000000005 858.50000000000011 180.50000000000003
decision_type=2 2 2 2 2 2 2 2 2 2 2 2 2 2 2 2 2 2 2 2 2 2 2 2 2 2 2 2 2 2
left_child=1 3 5 7 15 6 18 17 -9 10 -7 13 -11 19 21 -5 -12 20 -2 -10 -1 -3 25 24 -22 -21 -18 -28 -25 -30
right_child=2 14 -4 4 -6 9 -8 8 11 12 16 -13 -14 -15 -16 -17 26 -19 -20 22 23 -23 -24 28 -26 -27 27 -29 29 -31
leaf_value=0.034435542632762633 -0.034671995361110354 -0.03418688198141738 0.016997031812675631 0.034290636886731549 -0.014914678871284585 -0.0016929613326908579 0.03078718378719578 0.0023490139079630442 0.034565925749684617 -0.034096674238721078 -0.035087040563143768 0.029743533125947883 -0.038423669093812299 0.036351808022003669 -0.035877997853752799 0.035850387917557069 -0.034100510980364429 0.034830642719951635 -0.03409887288051127 0.034169982185518324 0.034176106314150322 -0.034519346942994057 0.034304954410748829 0.034165937193054621 0.034300037157831413 0.034264953203488255 -0.034083225426262687 -0.034262725129535439 0.034274248029153909 0.034176626656372978
leaf_weight=3.2515742108225814 2.2502798661589649 4.8314582854509336 3.2080958485603324 3.4836282059550268 4.0764537006616592 3.7944021672010413 2.1569193601608267 3.3216499388217917 2.2842215076088896 2074.6135309413075 2.3264771029353133 2.3161338940262786 2.2794308289885512 2.8627771958708754 2.2462614327669144 2.7192322388291359 97.213357456028461 3.2138852477073661 12.584641970694063 27.745698764920238 2.5741204470396033 2.2603763714432716 4.2712311074137679 2099.2054645642638 4.166412927210331 2.9360524639487258 2.4252674505114546 2.3918574973940849 5.1257533133029929 32.921063974499702
leaf_count=29 20 45 15 32 21 17 16 20 20 19625 20 19 15 23 18 21 919 29 119 259 24 20 39 19607 38 27 23 22 47 307
internal_value=-3.32806e-06 0.0337412 -0.0339096 0.0340307 0.01519 -0.0339837 -0.0259382 0.0341189 0.0318099 -0.0340463 -0.0329879 0.034117 -0.0341014 0.0343696 -0.0346742 0.0349744 -0.0341258 0.034168 -0.0341858 0.0342172 0.034167 -0.0342928 0.0341945 0.0341666 0.0342527 0.0341791 -0.0341039 -0.0341724 0.0341664 0.0341898
internal_weight=4421.06 2215.81 2205.24 2206.48 10.2793 2202.04 16.9918 2196.2 45.7378 2185.04 108.151 42.4161 2076.89 40.1 9.3381 6.20286 104.357 2150.46 14.8349 37.2372 2147.24 7.09183 34.953 2143.99 6.74053 30.6818 102.03 4.81712 2137.25 38.0468
internal_count=41456 20645 20811 20562 74 20796 155 20488 407 20641 1001 387 19640 368 83 53 984 20081 139 345 20052 65 325 20023 62 286 964 45 19961 354
is_linear=0
shrinkage=0.03


Tree=48
num_leaves=31
num_cat=0
split_feature=49 48 27 17 37 8 24 11 8 15 8 23 27 4 14 14 14 8 51 36 8 10 24 16 14 18 14 18 17 18
split_gain=5431.25 47.1271 9.01539 4.04515 6.7017 1.35574 6.63685 0.285573 3.51886 0.287789 0.265364 4.22585 0.0431479 0.0123502 0.0114922 0.00434433 0.0014523 0.000676744 0.000312414 0.00023541 0.000122186 0.000150502 5.02326e-05 2.49605e-05 4.23771e-05 2.44981e-05 2.13305e-05 4.23942e-05 3.21905e-05 4.01219e-05
threshold=116.50000000000001 24.500000000000004 87.500000000000014 138.50000000000003 0.050006701500000007 244.40454545000003 0.056199106000000006 3145.5000000000005 221.26923080000003 104.50000000000001 250.72016100000005 0.034357372500000004 85.500000000000014 209.72949000000003 923.50000000000011 757.50000000000011 888.50000000000011 242.10410160000004 121.50000000000001 4.5000000000000009 234.56818180000002 470.50000000000006 0.044495522000000003 699.50000000000011 846.50000000000011 71.500000000000014 858.50000000000011 180.50000000000003 125.50000000000001 185.50000000000003
decision_type=2 2 2 2 2 2 2 2 2 2 2 2 2 2 2 2 2 2 2 2 2 2 2 2 2 2 2 2 2 2
left_child=1 3 5 7 13 6 -2 16 9 -9 11 -7 -12 -5 18 20 19 -8 -11 -1 -3 -22 25 -20 -25 -21 -24 -28 29 -29
right_child=2 15 -4 4 -6 10 17 8 -10 14 12 -13 -14 -15 -16 -17 -18 -19 23 22 21 -23 26 24 -26 -27 27 28 -30 -31
leaf_value=0.034285438389923838 0.018445894574393586 -0.033967867009901988 0.016493841861134589 0.034127620662781417 -0.014479026225182733 -0.00015176725498228547 -0.034459748532748649 0.022886815973273199 -0.0032102922807649785 0.034410977832085562 -0.033959691167971762 -0.033962712311249491 -0.038127031906132328 0.036926672692039662 0.035996015342973704 -0.035681126624241749 0.034673477544555513 -0.033945819792801188 0.034034211760003825 0.034035797203778466 -0.034414536543571336 -0.034072576007573248 0.034026008724755086 0.034017551470668192 0.034194667229851795 0.034155048554517807 0.034130268843171378 0.034035556168775252 0.034022966345763808 0.034203868429375964
leaf_weight=3.1690816134214392 2.6274136006832114 2.2696261331439 3.2068073600530616 3.6995975822210294 4.1227807998657227 3.5414152890443793 3.0723606497049305 2.1269519925117484 2.4685494825243941 2.2265430837869635 2069.9462366998196 54.927843846380711 2.2384812980890265 2.3011656627058983 3.0029751807451239 2.1917197480797768 3.1328238472342482 9.2449574843049049 29.98266115039587 2.5081857889890662 2.2244069799780846 2.4169066622853279 2045.4154479205608 2.3946621641516677 2.4696574732661247 4.0601809322834015 4.9949309751391402 3.134899675846099 26.794857382774353 2.1480574905872345
leaf_count=29 19 22 15 35 22 15 28 14 15 20 20096 533 15 17 25 18 29 90 287 24 20 23 19607 23 23 38 47 30 257 20
internal_value=-3.33616e-06 0.0335996 -0.0337697 0.0338879 0.014969 -0.0338448 -0.0248406 0.0339774 0.031604 0.0336403 -0.033908 -0.0319148 -0.0339642 0.035201 0.034211 -0.0345173 0.034028 -0.034074 0.0340665 0.0340271 -0.0341483 -0.0342365 0.0340267 0.0340444 0.0341075 0.0341095 0.0340264 0.034049 0.0340363 0.034104
internal_weight=4308.06 2159.26 2148.81 2150.15 10.1235 2145.6 14.9447 2140.03 44.672 42.2035 2130.65 58.4693 2072.18 6.00076 40.0765 9.10266 2095.36 12.3173 37.0735 2092.23 6.91094 4.64131 2089.06 34.847 4.86432 6.56837 2082.49 37.0727 32.0778 5.28296
internal_count=41456 20645 20811 20562 74 20796 137 20488 407 392 20659 548 20111 52 378 83 20081 118 353 20052 65 43 20023 333 46 62 19961 354 307 50
is_linear=0
shrinkage=0.03


Tree=49
num_leaves=31
num_cat=0
split_feature=45 48 26 8 52 14 7 19 8 24 11 15 37 23 17 21 8 46 24 8 10 13 18 17 23 14 18 17 18 43
split_gain=5258.21 33.2216 18.0236 7.71425 10.9721 3.77298 7.17592 0.390801 0.307063 4.97255 0.0611891 1.05803 0.0171665 0.00230478 0.00161538 0.00128342 0.00118318 0.000308838 0.000114899 0.000111711 0.000136379 6.78197e-05 3.0348e-05 6.95409e-05 2.59368e-05 1.72665e-05 4.20719e-05 2.94355e-05 3.70832e-05 1.34749e-05
threshold=389.50000000000006 25.500000000000004 59.500000000000007 242.10410160000004 87.500000000000014 947.50000000000011 10449.500000000002 572.50000000000011 250.72016100000005 0.055844639500000008 3145.5000000000005 104.50000000000001 0.019703409500000001 0.035159978000000008 142.50000000000003 184.50000000000003 219.16228895000003 221.50000000000003 0.043277414000000007 234.56818180000002 470.50000000000006 780.50000000000011 192.50000000000003 128.50000000000003 0.024023346000000004 858.50000000000011 180.50000000000003 125.50000000000001 185.50000000000003 0.12766140450000005
decision_type=2 2 2 2 2 2 2 2 2 2 2 2 2 2 2 2 2 2 2 2 2 2 2 2 2 2 2 2 2 2
left_child=1 5 3 4 -2 10 -7 8 9 -5 14 -12 -8 -11 18 17 21 -10 -1 -3 -21 22 -13 -24 -20 29 -27 28 -28 -26
right_child=2 19 -4 7 -6 6 12 -9 15 13 11 16 -14 -15 -16 -17 -18 -19 24 20 -22 -23 23 -25 25 26 27 -29 -30 -31
leaf_value=0.034072902955945304 -0.036538652344180252 -0.033835351107309952 0.056536242066782247 -7.2433200110420709e-05 0.034706028806836375 -0.019862174963701681 0.034432070227744506 -0.046477187191980539 -0.034114475560366848 -0.034818207601354276 0.014248106911256537 0.033893685918945093 0.037874535578732764 -0.033830299057993979 0.03467500634432584 -0.034508093876694346 0.034649889244541245 -0.033827388418906819 0.033957075232333545 -0.034265432941192546 -0.033928086188273456 0.034062140194054062 0.034066332231803942 0.033906033815048572 0.033964317101745641 0.033992859667300666 0.033899808455035658 0.033887492444256193 0.034062663715789726 0.03389109671805636
leaf_weight=3.1557732298970214 4.2544141337275496 2.2110443711280814 1.9956428259611119 4.1780203580856314 3.5847063288092613 3.4089825898408872 2.6910116523504257 2.1778116375207892 3.3781117871403685 2.2020615786314002 2.6125103980302802 22.265105105936527 2.5289122983813286 61.039627060294151 2.3741927668452254 2.4994482845067969 2.1526643186807624 2013.566391274333 5.4541992321610442 2.1679169684648514 2.1463606804609299 3.0403698161244384 3.4557213559746733 8.2519114613533002 2.2646284177899352 4.9714865162968627 3.1555584520101538 28.740447752177715 2.0930835604667664 1989.4021129831672
leaf_count=30 35 22 10 18 31 16 25 10 32 20 17 219 17 608 21 23 19 20067 53 20 21 29 33 81 22 48 31 283 20 19575
internal_value=-3.34369e-06 0.0335769 -0.0335782 -0.033664 -0.00395958 0.0337877 0.0139912 -0.0337755 -0.0337622 -0.0317706 0.0338697 0.0327331 0.0360999 -0.0338647 0.0338929 -0.0338287 0.0339662 -0.0338279 0.033892 -0.0340087 -0.0340976 0.0339264 0.0339142 0.0339533 0.0338917 0.0338916 0.0339113 0.0338994 0.0339648 0.0338912
internal_weight=4197.42 2098.54 2098.88 2096.88 7.83912 2092.02 8.62891 2089.04 2086.86 67.4197 2083.39 41.7783 5.21992 63.2417 2041.61 2019.44 39.1658 2016.94 2039.24 6.52532 4.31428 37.0131 33.9727 11.7076 2036.08 2030.63 38.9606 33.9891 5.24864 1991.67
internal_count=41456 20602 20854 20844 66 20539 58 20778 20768 646 20481 398 42 628 20083 20122 381 20099 20062 63 41 362 333 114 20032 19979 382 334 51 19597
is_linear=0
shrinkage=0.03


Tree=50
num_leaves=31
num_cat=0
split_feature=45 48 27 8 52 14 7 28 8 24 14 19 12 20 23 8 13 18 7 46 2 24 19 4 10 19 19 26 13 8
split_gain=5082.75 32.1123 17.3446 7.47018 10.5912 3.7404 6.90575 0.361656 0.31299 4.92725 0.0592564 1.02459 0.0155511 0.00286113 0.00210413 0.00194021 0.000872541 0.0014504 0.00260383 0.000279357 0.000142352 0.000103005 7.82281e-05 7.19147e-05 4.98369e-05 7.27528e-05 4.31974e-05 3.9339e-05 0.000176175 2.2096e-05
threshold=389.50000000000006 25.500000000000004 1092.5000000000002 242.10410160000004 87.500000000000014 947.50000000000011 10449.500000000002 124.50000000000001 250.72016100000005 0.055844639500000008 866.50000000000011 267.50000000000006 61.500000000000007 133.50000000000003 0.035159978000000008 219.64483710000005 767.50000000000011 187.50000000000003 8814.5000000000018 221.50000000000003 16.235841275000002 0.043277414000000007 297.50000000000006 215.94665715000002 689.50000000000011 275.50000000000006 292.50000000000006 93.500000000000014 685.50000000000011 234.56818180000002
decision_type=2 2 2 2 2 2 2 2 2 2 2 2 2 2 2 2 2 2 2 2 2 2 2 2 2 2 2 2 2 2
left_child=1 5 3 4 -2 10 -7 8 9 -5 16 -12 -8 19 -11 23 21 18 -18 -10 29 -1 27 24 -13 -26 -19 -23 -29 -3
right_child=2 20 -4 7 -6 6 12 -9 13 14 11 15 -14 -15 -16 -17 17 26 -20 -21 -22 22 -24 -25 25 -27 -28 28 -30 -31
leaf_value=0.033936483045329237 -0.036329715027275847 -0.033707752249030748 0.055373074936526788 -7.0259673028587349e-05 0.034546247802815927 -0.019311753253936876 0.037580004406960736 -0.046431712346586926 -0.033976665895418472 -0.034658934417478568 0.016003737198099086 0.033761374868617286 0.034264495894856389 -0.034858983735752275 -0.033702888750621572 0.034716991798485829 0.033755051761952086 0.033780728099691508 0.035167480000264255 -0.033700050267977615 -0.034077474331840711 0.033762147158538029 0.033906021388663825 0.033936738219747985 0.033997743910651884 0.033793250824048909 0.033923662291342006 0.034060270660690742 0.033756153516744422 -0.033844329021024973
leaf_weight=3.0746306627988806 4.1520624384284011 2.1536976918578139 1.9767218977212895 4.1779563724994651 3.494608573615551 3.4010820090770704 2.4993395581841469 1.98915734887123 3.2913691103458396 2.1466526389122 3.095796361565589 32.863361991941929 2.5953357517719269 1.9205864891409863 59.456181339919567 2.120567023754119 2.4717160612344768 10.037503793835638 2.2385704889893532 1961.9987920150161 2.0922655165195465 1946.3706386089325 3.4218296706676474 2.7440606504678717 2.065618082880972 6.4709514379501343 2.348120465874671 2.1812054440379134 8.0101454108953458 2.1111676767468452
leaf_count=30 35 22 10 18 31 16 17 9 32 20 26 332 25 17 608 19 25 101 19 20074 20 19658 34 27 20 65 23 21 81 21
internal_value=-3.3461e-06 0.0334461 -0.0334489 -0.0335349 -0.00393866 0.0336561 0.0137918 -0.0336461 -0.0336336 -0.031598 0.0337392 0.0327125 0.035891 -0.0337016 -0.0337362 0.0338306 0.0337648 0.0339782 0.0344263 -0.0337005 -0.0338748 0.033763 0.0337627 0.033788 0.0337782 0.0338427 0.0338078 0.0337625 0.0338212 -0.0337754
internal_weight=4088.97 2044.37 2044.6 2042.63 7.64667 2038.01 8.49576 2034.98 2032.99 65.7808 2029.51 49.3604 5.09468 1967.21 61.6028 46.2646 1980.15 17.0959 4.71029 1965.29 6.35713 1963.06 1959.98 44.144 41.3999 8.53657 12.3856 1956.56 10.1914 4.26487
internal_count=41456 20602 20854 20844 66 20539 58 20778 20769 646 20481 489 42 20123 628 463 19992 168 44 20106 63 19824 19794 444 417 85 124 19760 102 43
is_linear=0
shrinkage=0.03


Tree=51
num_leaves=31
num_cat=0
split_feature=45 48 27 6 14 7 4 39 28 43 5 11 19 27 27 19 18 14 37 49 6 4 21 43 26 27 36 4 2 43
split_gain=4913.77 31.0439 16.698 4.38281 3.70853 6.64768 1.05178 5.97927 0.323385 0.152995 2.57417 0.0659949 0.998289 0.0480378 2.44711 0.0240944 0.0170986 0.274399 0.0141138 0.00225939 0.00133279 0.00113678 0.00059109 0.000433228 0.000251281 0.000632269 0.000156436 0.000148407 0.00012877 6.09132e-05
threshold=389.50000000000006 25.500000000000004 1092.5000000000002 40.158004155000008 947.50000000000011 10449.500000000002 241.90757860000002 0.050006701500000007 124.50000000000001 0.1159585815 2094.5000000000005 3145.5000000000005 267.50000000000006 36.500000000000007 39.500000000000007 321.50000000000006 279.50000000000006 899.50000000000011 0.019703409500000001 116.50000000000001 52.275132410000005 216.21921920000003 118.50000000000001 0.15625373650000005 93.500000000000014 363.00000000000006 4.5000000000000009 285.51201125000006 16.235841275000002 0.17072505250000003
decision_type=2 2 2 2 2 2 2 2 2 2 2 2 2 2 2 2 2 2 2 2 2 2 2 2 2 2 2 2 2 2
left_child=1 4 3 -2 11 -6 7 -5 9 10 -8 24 -13 16 -15 -9 17 19 -7 -11 -12 -14 -16 -21 26 -26 -1 -24 -3 -27
right_child=2 28 -4 6 5 18 8 15 -10 13 20 12 21 14 22 -17 -18 -19 -20 23 -22 -23 27 -25 25 29 -28 -29 -30 -31
leaf_value=0.033860536935310069 -0.000822183752701991 -0.03364999913871828 0.054273165714420278 0.016075224283709687 -0.018777481268312367 0.034134842862175538 -0.00012518993721637612 -0.037020612563885349 -0.045709776841208874 -0.034675228417891453 -0.033580638864758712 0.015315242893948125 0.033676750471306104 -0.0031079956815829404 -0.034054949653139238 -0.033582054749066267 -0.033577185058681944 -0.043588231816981834 0.03733294074864265 -0.033982260652314952 -0.03439678963902746 0.034280427215628462 -0.033578571033225847 -0.033581715543425372 0.034250429393361211 0.033819776315337155 0.033637177004277943 -0.033848633618863366 -0.033941120976098665 0.033632917889787839
leaf_weight=2.8262194246053687 3.7073551192879668 4.1540052592754355 1.9565832167863835 2.5721194222569457 3.3930399268865568 2.5535400211811066 2.1983830183744422 2.2409682944416991 1.9603913873434056 1.8297986909747113 31.910172864794731 2.855769343674182 33.79527635127306 2.4193449616432181 2.4397859126329413 10.099735125899313 1759.8016635105014 2.6204388588666907 2.4179462268948555 2.5604051128029814 1.9084904417395581 3.0617898926138869 111.58550112694502 47.818184897303581 2.0890361145138732 1.9986605197191218 1922.8398742079735 1.8618960231542576 2.038463294506073 7.3225235715508461
leaf_count=28 36 43 10 21 16 25 18 18 9 17 335 21 348 20 24 106 18488 15 17 26 18 29 1172 502 20 20 19939 19 20 76
internal_value=-3.34939e-06 0.03332 -0.0333242 -0.0334104 0.0335292 0.0135956 -0.0334712 -0.025534 -0.0335313 -0.0335192 -0.0315819 0.0336135 0.0324029 -0.0335553 -0.0329695 -0.0342065 -0.0335934 -0.0341152 0.0356903 -0.0336397 -0.0336267 0.0337269 -0.0335929 -0.0336021 0.0336383 0.0337787 0.0336375 -0.033583 -0.0337458 0.033673
internal_weight=3982.84 1991.35 1991.49 1989.53 1985.15 8.36453 1985.83 14.9128 1970.91 1968.95 36.017 1976.79 39.7128 1932.94 118.307 12.3407 1814.63 54.8288 4.97149 52.2084 33.8187 36.8571 115.887 50.3786 1937.08 11.4102 1925.67 113.447 6.19247 9.32118
internal_count=41456 20602 20854 20844 20539 58 20808 145 20663 20654 371 20481 398 20283 1235 124 19048 560 42 545 353 377 1215 528 20083 116 19967 1191 63 96
is_linear=0
shrinkage=0.03


Tree=52
num_leaves=31
num_cat=0
split_feature=45 48 27 8 37 5 0 2 8 24 28 13 11 15 6 21 20 23 11 2 46 51 36 2 28 13 4 2 4 24
split_gain=4750.77 30.0148 16.0807 7.2163 6.44248 3.20685 9.05653 0.95742 0.337867 5.01593 0.286809 0.103132 0.0554827 1.12534 0.0167087 0.00978988 0.00236946 0.00176297 0.000294327 0.00239355 0.000226078 0.000195441 0.000158321 0.000116519 0.000101601 0.000417579 6.33588e-05 5.5741e-05 3.4147e-05 3.39613e-05
threshold=389.50000000000006 25.500000000000004 1092.5000000000002 242.10410160000004 0.032006658000000007 1829.5000000000002 47.500000000000007 11.052714025000002 250.72016100000005 0.055844639500000008 124.50000000000001 795.50000000000011 3145.5000000000005 104.50000000000001 36.594494050000009 142.50000000000003 133.50000000000003 0.035159978000000008 3118.5000000000005 11.125080180000001 221.50000000000003 121.50000000000001 4.5000000000000009 16.235841275000002 561.00000000000011 685.50000000000011 213.79772725000004 10.343303570000002 229.15909090000005 0.044495522000000003
decision_type=2 2 2 2 2 2 2 2 2 2 2 2 2 2 2 2 2 2 2 2 2 2 2 2 2 2 2 2 2 2
left_child=1 5 3 4 7 12 -7 -2 9 -5 16 -8 18 -14 -15 -13 20 -11 22 27 -10 -16 -1 -3 29 -26 -23 -20 -22 -24
right_child=2 23 -4 8 -6 6 11 -9 10 17 -12 15 13 14 21 -17 -18 -19 19 -21 28 26 24 -25 25 -27 -28 -29 -30 -31
leaf_value=0.033740810680851219 0.034036370854738693 -0.033529250648005833 0.053232092793590237 0.00066418214048328639 -0.036647375620413418 -0.032818973116563677 0.027560837306606616 0.0056539320843715015 -0.033715064442781426 -0.034360093596252111 -0.045029617857400853 0.036476753486414222 0.0129787496652288 0.035995751398218243 0.033842918036332603 0.033888363772667199 -0.03454128274871026 -0.033462379981115141 0.033515446843049142 0.034619065976147778 -0.033580650678883245 0.033520189850588217 0.033588550856126852 -0.033809840732374516 0.034000269600352129 0.033513126330545658 0.033649019131437592 0.033641750907672928 -0.033459446932879194 0.033516550713719014
leaf_weight=2.8562881126999846 2.189398653805255 4.0455339923501006 1.9353243559598912 4.1434647589921942 3.0944714322686195 2.5120567679405195 2.4360766410827637 2.0914774835109711 3.1225632205605498 2.0400697588920584 1.9307506084442128 2.3127371966838837 2.5169572085142127 2.7409833818674079 2.0041465014219275 3.0487097576260567 1.8257766738533963 56.395077854394913 19.716160200536258 1.9907881692051876 2.094364456832408 26.312268823385242 5.91497629135847 1.9857826530933378 2.0004893317818624 7.6009833216667175 3.9517386853694907 3.7414899468421927 1858.8474610000849 1841.7774047404528
leaf_count=29 21 43 10 18 26 13 22 19 32 20 9 18 17 24 20 31 17 608 210 20 22 280 62 20 20 81 41 39 20052 19612
internal_value=-3.35008e-06 0.0331984 -0.0332009 -0.0332872 -0.00366898 0.0334068 0.0167198 0.0201698 -0.0334004 -0.0312321 -0.033473 0.0326793 0.0334963 0.0323541 0.033747 0.0350049 -0.0334611 -0.0334937 0.033519 0.0336204 -0.03346 0.033556 0.0335176 -0.0336216 0.0335173 0.0336146 0.033537 0.0335356 -0.0334596 0.0335168
internal_weight=3879.18 1939.47 1939.71 1937.77 7.37535 1933.43 10.3096 4.28088 1930.4 62.5786 1867.82 7.79752 1923.12 37.5261 35.0091 5.36145 1865.89 58.4351 1885.6 25.4484 1864.06 32.2682 1860.15 6.03132 1857.29 9.60147 30.264 23.4577 1860.94 1847.69
internal_count=41456 20602 20854 20844 66 20539 84 40 20778 646 20132 71 20455 382 365 49 20123 628 20073 269 20106 341 19804 63 19775 101 321 249 20074 19674
is_linear=0
shrinkage=0.03


Tree=53
num_leaves=31
num_cat=0
split_feature=46 48 26 11 42 8 23 11 8 8 23 28 19 2 14 20 14 26 26 29 36 8 0 2 19 4 23 18 13 16
split_gain=4574.28 47.2892 15.5118 4.60706 8.14329 1.52392 6.53346 0.328189 2.91059 0.300573 4.18854 0.257141 0.249103 0.0310207 0.00231994 0.00215524 0.00181415 0.000902689 0.000173508 0.000552149 0.000127358 0.000112772 0.00011099 0.000109331 3.59314e-05 3.08873e-05 2.7048e-05 2.52546e-05 2.34498e-05 4.62604e-05
threshold=221.50000000000003 24.500000000000004 59.500000000000007 3239.5000000000005 0.090909091500000011 244.40454545000003 0.034357372500000004 3145.5000000000005 219.43746090000002 250.72016100000005 0.034357372500000004 124.50000000000001 267.50000000000006 10.854607705000001 757.50000000000011 133.50000000000003 888.50000000000011 6.5000000000000009 93.500000000000014 14.803571430000002 4.5000000000000009 242.10410160000004 42.500000000000007 16.235841275000002 325.50000000000006 229.15909090000005 0.024023346000000004 192.50000000000003 737.50000000000011 670.50000000000011
decision_type=2 2 2 2 2 2 2 2 2 2 2 2 2 2 2 2 2 2 2 2 2 2 2 2 2 2 2 2 2 2
left_child=1 3 5 7 13 6 -2 16 12 10 -7 15 -9 17 23 25 18 24 20 -20 -1 -8 -14 -3 -5 -11 -22 -24 29 -29
right_child=2 14 -4 4 -6 9 21 8 -10 11 -12 -13 22 -15 -16 -17 -18 -19 19 -21 26 -23 27 -25 -26 -27 -28 28 -30 -31
leaf_value=0.033608231647235531 0.021101699063537056 -0.033412766236770211 0.05224585932282836 0.033417204548471573 -0.012954729334562293 0.00058232402088303603 -0.033580897033327055 0.023465175978995237 -0.0039425198737363448 -0.033462424189326302 -0.033347966423331321 -0.044387957756169966 0.033651426148518959 0.037709547884428665 -0.034488351504634168 -0.034390309329128274 0.034120610936546433 0.034112133848869151 0.033974896033670411 0.03341749916938707 0.033462886498333649 -0.033333628585040187 0.033396406941045342 -0.033683408327907664 0.033229603797762464 -0.033345611474652072 0.033401104531146301 0.033413636456993093 0.033420703988467505 0.033614922652688152
leaf_weight=2.6812910437583914 2.4539102166891089 4.3976372331380826 1.9130384773015965 1.8334475830197319 5.3580557331442824 3.5138851106166831 2.0819751843810055 2.4424938187003162 2.0816033929586402 2.0395390018820754 48.042064502835274 1.900360733270644 1.9940590783953691 2.3338790014386177 3.1822696998715401 1.7794774249196041 3.1700017899274817 2.0239717438817024 1.9835909381508816 8.2589736729860288 6.400013916194438 8.1899975910782814 16.62645031511784 1.9342179298400877 1.8419991582632063 1809.9753250107169 1816.3948237150908 2.1094615384936315 6.7052894830703735 2.0036583840847015
leaf_count=28 19 48 10 20 34 15 22 19 16 22 532 9 21 17 31 17 33 20 20 90 69 91 182 20 21 20052 19861 23 73 21
internal_value=-3.35526e-06 0.0328877 -0.0331368 0.0332242 0.0156905 -0.0332237 -0.0228774 0.0333496 0.0304274 -0.0332942 -0.0310354 -0.0333583 0.0326715 0.0347963 -0.0338275 -0.0333468 0.0334036 0.0336034 0.0334023 0.0335254 0.0334016 -0.0333837 0.0334353 -0.0334954 0.0333232 -0.0333457 0.0334013 0.0334196 0.0334553 0.0335117
internal_weight=3777.65 1895.76 1881.89 1886.24 13.3914 1879.98 12.7259 1872.85 33.963 1867.25 51.5559 1815.69 31.8814 8.0333 9.51412 1813.79 1838.89 5.69942 1835.72 10.2426 1825.48 10.272 29.4389 6.33186 3.67545 1812.01 1822.79 27.4449 10.8184 4.11312
internal_count=41456 20667 20789 20568 112 20779 132 20456 355 20647 547 20100 339 78 99 20091 20101 61 20068 110 19958 113 320 68 41 20074 19930 299 117 44
is_linear=0
shrinkage=0.03


Tree=54
num_leaves=31
num_cat=0
split_feature=45 48 26 8 14 7 8 24 8 24 19 14 51 20 37 5 13 18 7 21 16 17 46 36 2 8 19 19 7 16
split_gain=4442.79 28.0676 14.9314 8.69777 3.64783 6.14459 0.976792 3.73118 0.297292 3.83754 0.223966 0.0668702 1.49065 0.0205598 0.0113923 0.0030217 0.000841233 0.00138572 0.00242749 0.000802078 0.000416835 0.000244403 0.000181162 0.000129812 9.54987e-05 9.48935e-05 7.85658e-05 5.05024e-05 3.22613e-05 3.124e-05
threshold=389.50000000000006 25.500000000000004 59.500000000000007 221.26923080000003 947.50000000000011 10449.500000000002 244.40454545000003 0.055923376500000004 250.72016100000005 0.056056561500000011 572.50000000000011 866.50000000000011 121.50000000000001 68.500000000000014 0.019703409500000001 1641.5000000000002 767.50000000000011 187.50000000000003 8814.5000000000018 184.50000000000003 781.50000000000011 136.50000000000003 221.50000000000003 4.5000000000000009 16.235841275000002 219.43746090000002 297.50000000000006 292.50000000000006 11388.500000000002 712.50000000000011
decision_type=2 2 2 2 2 2 2 2 2 2 2 2 2 2 2 2 2 2 2 2 2 2 2 2 2 2 2 2 2 2
left_child=1 4 3 -2 11 -6 7 -5 9 -8 19 16 -13 -9 -7 -14 21 18 -18 22 28 23 -10 -1 -3 29 -25 -19 -15 -17
right_child=2 24 -4 6 5 14 8 13 10 -11 -12 12 15 20 -16 25 17 27 -20 -21 -22 -23 -24 26 -26 -27 -28 -29 -30 -31
leaf_value=0.033497244472936449 0.03369390794894845 -0.033300783235536473 0.051310818377095627 0.0060490880317069862 -0.018192877319421191 0.033740610060314175 -0.0015171958592097117 -0.030072869153700176 -0.033470940193941125 -0.033238809631734943 -0.043249189086821994 0.0080603543194876226 0.03447483371769082 -0.033348837939581627 0.036710506506559257 0.033293097113827767 0.033283113291892839 0.03330536526818096 0.034711981543691567 -0.033810121267405041 -0.033773964497738278 0.033621905988681096 -0.033236041720393988 0.033289162792674062 -0.033561616301197354 0.033518179852404399 0.033442913697276193 0.033467808203422357 -0.033223997064272003 0.033420135559757681
leaf_weight=2.7092510908842078 1.7550974786281575 3.8356839418411246 1.8898141831159581 2.7561280801892272 3.327377885580062 2.3616677150130272 3.7035187035799018 2.0633194744586936 2.9598978832364073 46.868675328791142 2.0131354779005042 2.2038227692246428 2.1068052202463141 3.2415069416165334 2.2892139777541161 36.536212705075741 2.2227888330817214 9.0277101248502714 2.0634501576423645 2.1960913389921179 1.8978882580995557 1.9959003552794445 1763.5736264362931 1757.7614245042205 1.8837618604302404 1.8669218495488156 2.9962657168507567 2.1286118328571311 4.3807179108262062 1.8293670341372479
leaf_count=29 18 43 10 19 16 25 16 20 32 533 10 19 20 36 17 410 25 101 19 23 20 21 20067 19741 20 20 33 23 50 20
internal_value=-3.35901e-06 0.0329679 -0.0329718 -0.0330585 0.0331749 0.0129336 -0.0331224 -0.0253231 -0.0331838 -0.0309158 -0.0332485 0.0332633 0.0321152 -0.0327877 0.0352024 0.0333673 0.033292 0.0335125 0.033971 -0.0332371 -0.0333761 0.0332901 -0.0332364 0.0332897 -0.0333867 0.0333093 0.0332894 0.0333364 -0.0332771 0.0332992
internal_weight=3678.45 1839.15 1839.3 1837.41 1833.43 7.97826 1835.65 14.3396 1821.31 50.5722 1770.74 1825.45 44.5431 11.5834 4.65088 42.3393 1780.91 15.4426 4.28624 1768.73 9.52011 1765.46 1766.53 1763.47 5.71945 40.2325 1760.76 11.1563 7.62222 38.3656
internal_count=41456 20602 20854 20844 20539 58 20826 145 20681 549 20132 20481 489 126 42 470 19992 168 44 20122 106 19824 20099 19803 63 450 19774 124 86 430
is_linear=0
shrinkage=0.03


Tree=55
num_leaves=31
num_cat=0
split_feature=45 48 26 8 14 10 8 1 8 52 20 28 11 19 40 20 8 25 26 14 46 36 0 2 13 13 25 2 14 16
split_gain=4297 27.1465 14.3949 8.41241 3.61737 6.06923 1.76541 3.11392 0.355874 15.6955 0.339714 0.207464 0.0743076 1.06698 0.011678 0.00176691 0.0017217 0.000357735 0.000187358 0.000490003 0.000164144 0.000104575 8.99098e-05 8.64975e-05 7.10824e-05 3.69593e-05 2.25559e-05 1.91733e-05 1.45242e-05 2.89236e-05
threshold=389.50000000000006 25.500000000000004 59.500000000000007 221.26923080000003 947.50000000000011 758.50000000000011 242.10410160000004 17.500000000000004 250.72016100000005 87.500000000000014 66.500000000000014 124.50000000000001 3145.5000000000005 267.50000000000006 0.020050639000000006 133.50000000000003 219.16228895000003 0.035468696500000008 93.500000000000014 835.50000000000011 221.50000000000003 4.5000000000000009 42.500000000000007 16.235841275000002 780.50000000000011 687.50000000000011 0.024023346000000004 9.8642506145000013 858.50000000000011 675.50000000000011
decision_type=2 2 2 2 2 2 2 2 2 2 2 2 2 2 2 2 2 2 2 2 2 2 2 2 2 2 2 2 2 2
left_child=1 4 3 -2 12 -6 7 -5 9 10 -8 15 18 -14 -7 20 22 -12 21 25 -10 -1 -15 -3 -24 -20 -23 -22 -28 -30
right_child=2 23 -4 6 5 14 8 -9 11 -11 17 -13 13 16 -16 -17 -18 -19 19 -21 27 26 24 -25 -26 -27 28 -29 29 -31
leaf_value=0.033374087392892798 0.03357155138221684 -0.033192700576031853 0.050423652326264022 -0.036349614145374472 -0.018332453003703932 0.033618038970769044 -0.044705787058342876 0.010022857849319857 -0.033356821432993372 0.053504361905253643 -0.033518927234647868 -0.043215507934993444 0.013665284612534061 0.033433790861871232 0.036652108889046964 -0.034101234782256455 0.034123584827793596 -0.03313266284147115 0.033335623184362589 0.033759092589083016 -0.033207602338590783 0.033239289248715408 0.033195822533592219 -0.033444264697544752 0.033359624317503431 0.033182193744252242 0.033180960906487846 -0.033130099939149574 0.033237307551894045 0.033179248043732984
leaf_weight=2.5425734892487517 1.7093403041362751 3.7342598885297766 1.8657364845275868 2.9244399592280379 3.2873815149068824 2.3000996857881546 2.3908884525299063 2.3509249836206436 2.8820980712771407 1.9237827211618412 2.2522315755486479 1.83817759156227 2.6993208453059188 1.7152658253908182 2.267035074532032 1.6895870342850674 2.0334589257836333 51.53164180368185 1.7924204617738704 1.8050406426191319 2.8776494711637488 6.0675640851259223 26.86258548498154 1.8344058021903036 2.6165833622217169 6.6756239980459213 1689.4932706132531 1714.5457959473133 12.377345599234102 20.53303687274456
leaf_count=28 18 43 10 26 16 25 11 22 32 8 25 9 21 19 17 17 20 602 20 19 33 69 309 20 29 77 19492 20041 141 237
internal_value=-3.36057e-06 0.0328586 -0.0328627 -0.0329496 0.0330649 0.0127507 -0.0330132 -0.0156841 -0.0330645 -0.0307551 -0.0336407 -0.0331423 0.0331547 0.0318042 0.0351241 -0.0331316 0.0332778 -0.0331488 0.0331826 0.0333103 -0.0331306 0.0331818 0.0332226 -0.0332756 0.0332104 0.0332147 0.0331815 -0.0331302 0.0331813 0.0332011
internal_weight=3581.42 1790.64 1790.78 1788.92 1785.07 7.85452 1787.21 5.27536 1781.93 58.0985 56.1748 1723.83 1777.21 35.9272 4.56713 1722 33.2279 53.7839 1741.29 10.2731 1720.31 1731.01 31.1944 5.56867 29.4792 8.46804 1728.47 1717.42 1722.4 32.9104
internal_count=41456 20602 20854 20844 20539 58 20826 48 20778 646 638 20132 20481 398 42 20123 377 627 20083 116 20106 19967 357 63 338 97 19939 20074 19870 378
is_linear=0
shrinkage=0.03


Tree=56
num_leaves=31
num_cat=0
split_feature=45 48 27 8 17 17 8 1 8 52 20 28 8 14 11 51 5 20 23 46 2 8 23 16 43 4 14 18 17 18
split_gain=4156.47 26.2584 13.8821 8.13739 3.60865 8.05019 1.7682 3.013 0.35823 15.0486 0.304072 0.186414 0.121925 0.0626598 0.0781547 0.796969 0.00291957 0.00160687 0.000326356 0.000148735 7.83688e-05 6.45548e-05 5.53095e-05 4.69966e-05 2.37229e-05 2.31164e-05 1.27143e-05 2.72665e-05 2.35261e-05 2.81035e-05
threshold=389.50000000000006 25.500000000000004 1092.5000000000002 221.26923080000003 139.50000000000003 142.50000000000003 242.10410160000004 17.500000000000004 250.72016100000005 87.500000000000014 66.500000000000014 124.50000000000001 212.21501925000004 933.50000000000011 3145.5000000000005 121.50000000000001 1663.5000000000002 133.50000000000003 0.035468696500000008 221.50000000000003 16.235841275000002 218.16025645000005 0.024023346000000004 701.50000000000011 0.18422298150000002 229.15909090000005 858.50000000000011 180.50000000000003 125.50000000000001 185.50000000000003
decision_type=2 2 2 2 2 2 2 2 2 2 2 2 2 2 2 2 2 2 2 2 2 2 2 2 2 2 2 2 2 2
left_child=1 4 3 -2 13 -6 7 -5 9 10 -8 17 -7 14 22 -16 -17 19 -12 -10 -3 23 24 -18 -1 -21 -24 -28 29 -29
right_child=2 20 -4 6 5 12 8 -9 11 -11 18 -13 -14 -15 15 16 21 -19 -20 25 -22 -23 26 -25 -26 -27 27 28 -30 -31
leaf_value=0.033256635180334289 0.033453670448218641 -0.033088489981188268 0.049581315943873092 -0.03614963592935428 -0.033442040608373434 0.025876579719792514 -0.044069952349945131 0.0097399864430457068 -0.033246822474383132 0.051663125067915379 -0.033404455343171088 -0.042672490878511229 0.034691762907007644 0.038681347735984209 0.018214215998638063 0.034278952559296492 0.033080187096569624 -0.033966373829021596 -0.033030572853309931 -0.033133292741007063 -0.033331165242659971 0.03326158364783003 0.033077233186600004 0.033199905669135985 0.033129921182101917 -0.03302810641637155 0.033168092588578849 0.033087481292220833 0.03307394490166779 0.033242682351532847
leaf_weight=1.765407234430312 1.6645784899592388 3.6351366043090811 1.8408866673707951 2.8534719422459593 2.3735216408967954 2.1871220842003822 2.3531924188137046 2.3466907441616058 2.8060330972075453 1.9324336647987355 2.1930448487401 1.8062054365873326 3.9851529821753502 1.77961816638708 3.5697965621948233 2.0554196462035206 23.133007474243648 1.6460638716816891 50.160881578922272 1.8824899122118939 1.7861401364207266 2.2868349850177756 1653.5251903608441 3.3826416060328475 5.38811394572258 1669.8529497012496 4.1423630118370047 2.6221162006258991 23.857397362589836 1.7514452710747717
leaf_count=20 18 43 10 26 12 23 11 22 32 8 25 9 38 13 32 20 274 17 602 22 20 26 19597 39 63 20052 48 31 283 20
internal_value=-3.373e-06 0.0327532 -0.0327579 -0.0328449 0.0329589 0.0135121 -0.0329083 -0.0154409 -0.0329607 -0.0306141 -0.0335204 -0.0330399 0.0315681 0.033055 0.0330492 0.0316341 0.0331866 -0.0330295 -0.0330462 -0.0330286 -0.0331684 0.0331086 0.033078 0.0330955 0.0331612 -0.0330282 0.0330776 0.0330962 0.0330857 0.0331496
internal_weight=3486.57 1743.23 1743.34 1741.5 1737.81 8.5458 1739.83 5.20016 1734.63 56.6396 54.7071 1677.99 6.17228 1729.26 1727.48 34.4277 30.8579 1676.19 52.3539 1674.54 5.42128 28.8025 1693.05 26.5156 7.15352 1671.74 1685.9 32.3733 28.231 4.37356
internal_count=41456 20602 20854 20844 20539 73 20826 48 20778 646 638 20132 61 20466 20453 391 359 20123 627 20106 63 339 20062 313 83 20074 19979 382 334 51
is_linear=0
shrinkage=0.03


Tree=57
num_leaves=31
num_cat=0
split_feature=45 48 27 8 17 17 8 1 8 52 20 28 24 14 11 15 42 20 8 24 46 36 2 13 1 4 24 25 2 14
split_gain=4020.96 25.4021 13.3916 7.87218 3.55673 7.72143 1.77112 2.91606 0.36008 14.4412 0.272399 0.167615 0.126185 0.0569872 0.0809639 1.21278 0.00450308 0.00146163 0.000795215 0.000340569 0.000134813 9.69151e-05 7.10259e-05 4.19378e-05 2.31552e-05 2.09373e-05 2.07442e-05 1.26427e-05 2.59314e-05 1.16941e-05
threshold=389.50000000000006 25.500000000000004 1092.5000000000002 221.26923080000003 139.50000000000003 142.50000000000003 242.10410160000004 17.500000000000004 250.72016100000005 87.500000000000014 66.500000000000014 124.50000000000001 0.052730876500000003 933.50000000000011 3145.5000000000005 104.50000000000001 0.05714565550000001 133.50000000000003 218.60769230000002 0.056896008500000005 221.50000000000003 4.5000000000000009 16.235841275000002 780.50000000000011 16.500000000000004 229.15909090000005 0.044495522000000003 0.029513293000000006 10.314965740000002 858.50000000000011
decision_type=2 2 2 2 2 2 2 2 2 2 2 2 2 2 2 2 2 2 2 2 2 2 2 2 2 2 2 2 2 2
left_child=1 4 3 -2 13 -6 7 -5 9 10 -8 17 16 14 21 -16 -7 20 23 -12 -10 -1 -3 24 -17 -22 -23 -26 -29 -28
right_child=2 22 -4 6 5 12 8 -9 11 -11 19 -13 -14 -15 15 18 -18 -19 -20 -21 25 26 -24 -25 27 -27 29 28 -30 -31
leaf_value=0.033164419387543352 0.033340073118315355 -0.032987990311754284 0.048781003432078737 -0.035956513995086849 -0.032751132951802535 0.033212228038355419 -0.043469896947364896 0.0094643135478941799 -0.033140769826976786 0.049956782037258257 -0.033351754182221943 -0.042157857848261898 0.024989174049686348 0.038379473858069224 0.010726269059455279 0.033106028284385552 0.035206429796207098 -0.033836394591461753 0.033615610252146121 -0.032932403148677042 -0.033031191223339119 0.033037490491796079 -0.0332221393463107 0.033135154779827376 0.032979891604141033 -0.032929726794683083 0.032976977510577078 0.0329924846235028 0.033104047058101695 0.032995431257380324
leaf_weight=2.5008263736963263 1.6208035498857487 3.5382869616150847 1.815342679619788 2.7837871536612502 2.3512250930070859 1.8631092011928556 2.3146876245737067 2.3426554426550865 2.7316847145557395 1.9383869767189015 1.807062730193137 1.7738955616950978 1.9204981625080106 1.7404004707932461 2.3542489483952513 1.861954882740984 2.2495784014463425 1.6034588515758503 2.1275450289249411 49.149867206811905 1.8324155062437046 5.175047166645526 1.7389541268348692 2.3904267176985732 15.612236447632315 1625.2695812433958 1608.741939663887 6.5952804386615735 2.6200603991746902 31.511058256030083
leaf_count=29 18 43 10 26 12 22 11 22 32 8 21 9 19 13 17 22 20 17 23 606 22 62 20 28 190 20052 19589 80 31 382
internal_value=-3.38951e-06 0.0326516 -0.0326566 -0.0327439 0.0328566 0.0133658 -0.0328071 -0.0152003 -0.0328606 -0.0304777 -0.0334045 -0.0329411 0.0313382 0.0329537 0.0329481 0.0314894 0.034303 -0.0329311 0.0330557 -0.0329473 -0.0329302 0.0329778 -0.0330651 0.0330148 0.033004 -0.0329298 0.0329775 0.0329963 0.0330242 0.0329773
internal_weight=3393.88 1696.89 1696.98 1695.17 1691.62 8.38441 1693.55 5.12644 1688.42 55.21 53.2716 1633.21 6.03319 1683.23 1681.49 33.5618 4.11269 1631.44 31.2075 50.9569 1629.83 1647.93 5.27724 29.08 26.6895 1627.1 1645.43 24.8276 9.21534 1640.25
internal_count=41456 20602 20854 20844 20539 73 20826 48 20778 646 638 20132 61 20466 20453 391 42 20123 374 627 20106 20062 63 351 323 20074 20033 301 111 19971
is_linear=0
shrinkage=0.03


Tree=58
num_leaves=31
num_cat=0
split_feature=45 48 26 14 14 12 4 34 4 24 28 11 15 46 12 24 20 51 26 14 2 5 28 36 2 13 4 13 24 6
split_gain=3890.25 24.5762 12.9219 7.61636 3.51051 5.53905 0.910919 7.6321 0.170763 3.77269 0.150816 0.0821165 1.2199 0.0413831 0.00883149 0.00157124 0.00133075 0.000875942 0.000161018 0.000410231 0.000136935 0.000144944 0.000103347 7.79226e-05 6.43883e-05 5.75077e-05 6.13605e-05 3.20107e-05 1.87585e-05 1.86535e-05
threshold=389.50000000000006 25.500000000000004 59.500000000000007 687.50000000000011 947.50000000000011 50.500000000000007 241.90757860000002 5.5000000000000009 250.15070310000002 0.055635851500000007 124.50000000000001 3145.5000000000005 104.50000000000001 221.50000000000003 61.500000000000007 0.056579365500000006 133.50000000000003 121.50000000000001 93.500000000000014 835.50000000000011 11.461884285000002 2074.5000000000005 10.500000000000002 4.5000000000000009 16.235841275000002 780.50000000000011 213.79772725000004 687.50000000000011 0.044495522000000003 42.766818545000007
decision_type=2 2 2 2 2 2 2 2 2 2 2 2 2 2 2 2 2 2 2 2 2 2 2 2 2 2 2 2 2 2
left_child=1 4 3 -2 11 -6 7 -5 9 -8 16 18 -13 -9 -7 -11 22 -14 23 27 -17 -22 -10 -1 -3 26 -19 -20 -25 -15
right_child=2 24 -4 6 5 14 8 13 10 15 -12 12 17 29 -16 20 -18 25 19 -21 21 -23 -24 28 -26 -27 -28 -29 -30 -31
leaf_value=0.033054000724097671 0.033230578299190967 -0.0328910519348245 0.048020139588325898 0.032155621021913473 -0.017518790348197519 0.036058439193255916 -0.0023860683976404252 -0.037844278233732993 -0.033089417261341396 -0.033724406767807441 -0.041669637660088521 0.010479602379406707 0.033560086924617615 -0.032905138575285355 0.033322840991127659 -0.032837219384670498 -0.033711090958876151 0.032884607190878039 0.0330307918556762 0.033430906620712866 -0.032827765135066293 -0.033207494443248289 -0.03283470077130192 0.032938783406557266 -0.033117016436775212 0.033064703762906648 0.033024058090076733 0.032882292751362431 0.032880797183330257 -0.032825127350771227
leaf_weight=2.3461224287748328 1.5780059322714795 3.4436818957328788 1.7891791909933079 1.8235849887132634 3.2101018726825705 2.1319044455885887 3.8340267539024344 1.742571420967576 1.4349272847175587 1.8788353651761998 1.7413315176963795 2.337628260254859 2.0152081325650242 4.5812906101346016 2.1166121289134026 72.536970287561417 1.5617659166455258 23.598481655120857 1.6583129093050937 1.6770289465785024 1.7318131700158113 1.8941671624779699 1547.4406979009509 5.0369236320257178 1.6928361281752584 2.0918151661753646 3.2282937020063391 6.1570676267147064 1588.8868848010898 6.1331436112523079
leaf_count=28 18 43 10 15 16 17 18 13 17 21 9 17 22 57 25 919 17 295 20 19 22 22 19618 62 20 25 39 77 19877 78
internal_value=-3.40405e-06 0.0325536 -0.0325589 -0.0326463 0.032758 0.0122231 -0.0327094 -0.0251654 -0.0327753 -0.03144 -0.0328457 0.0328514 0.0313762 -0.0335567 0.0346956 -0.0328674 -0.0328358 0.0329553 0.032882 0.0330052 -0.0328462 -0.0330261 -0.0328349 0.0328812 -0.0329655 0.0329132 0.0329014 0.0329138 0.032881 -0.0328593
internal_weight=3303.33 1651.63 1651.7 1649.91 1646.49 7.45862 1648.34 14.2806 1634.05 81.8758 1552.18 1639.03 33.2714 12.457 4.24852 78.0418 1550.44 30.9338 1605.76 9.49241 76.163 3.62598 1548.88 1596.27 5.13652 28.9186 26.8268 7.81538 1593.92 10.7144
internal_count=41456 20602 20854 20844 20539 58 20826 163 20663 1002 19661 20481 398 148 42 984 19652 381 20083 116 963 44 19635 19967 63 359 334 97 19939 135
is_linear=0
shrinkage=0.03


Tree=59
num_leaves=31
num_cat=0
split_feature=45 48 26 8 14 7 8 5 8 52 23 28 11 15 15 23 19 8 26 14 46 36 2 13 13 4 24 23 19 14
split_gain=3764.16 23.7792 12.4721 7.36963 3.48172 5.39536 1.72794 2.73368 0.36892 13.813 0.245976 0.135772 0.0846524 1.22555 0.0104258 0.00131453 0.00120601 0.000811487 0.000146553 0.000373625 0.000121887 7.05963e-05 5.83867e-05 4.59386e-05 2.9037e-05 1.722e-05 1.69958e-05 1.6558e-05 6.98254e-05 9.88141e-06
threshold=389.50000000000006 25.500000000000004 59.500000000000007 221.26923080000003 947.50000000000011 10449.500000000002 242.10410160000004 1864.5000000000002 250.72016100000005 87.500000000000014 0.033613805500000003 124.50000000000001 3145.5000000000005 104.50000000000001 138.50000000000003 0.035159978000000008 553.50000000000011 219.16228895000003 93.500000000000014 835.50000000000011 221.50000000000003 4.5000000000000009 16.235841275000002 780.50000000000011 687.50000000000011 229.15909090000005 0.044495522000000003 0.029228966500000005 271.50000000000006 858.50000000000011
decision_type=2 2 2 2 2 2 2 2 2 2 2 2 2 2 2 2 2 2 2 2 2 2 2 2 2 2 2 2 2 2
left_child=1 4 3 -2 12 -6 7 -5 9 10 -8 16 18 -14 -7 -12 20 23 21 24 -10 -1 -3 27 -20 -22 -23 -15 -29 -28
right_child=2 22 -4 6 5 14 8 -9 11 -11 15 -13 13 17 -16 -17 -18 -19 19 -21 25 26 -24 -25 -26 -27 29 28 -30 -31
leaf_value=0.032954720157606206 0.033125013198293522 -0.0327975278503604 0.047296335810030614 -0.035591953649619146 -0.017302871645181031 0.036177018660529199 -0.043248949728910184 0.0091862254274263401 -0.032949225612572769 0.048361151352970234 -0.033589891339977924 -0.041206043800713431 0.010237232807485242 0.032787788564346956 0.033165728710517352 -0.032745631504145986 -0.033589085942651628 0.033494806541078746 0.032932422376099231 0.033319633658723286 -0.032837798524005118 0.032843564997797732 -0.033015633949314956 0.032948365921271594 0.032789060155288333 -0.032743253680786594 0.032787281319911425 0.032999057078300156 0.03280381341462963 0.032804801488617565
leaf_weight=2.2835394889116278 1.5361752957105625 3.3512913212180129 1.7624677047133435 2.6544720083475104 3.188319891691207 1.952148877084255 2.1059908568859091 2.2818105965852737 2.5927686169743529 1.9399805814027775 1.7209912016987789 1.70859034359455 2.3214318603277198 13.999299272894868 2.2019811794161797 46.699399188160896 1.5202553346753109 1.7076174318790425 1.6140367314219455 1.6328181102871893 1.7357570827007283 4.9020171687006941 1.6477736309170721 2.3539269343018523 5.9918316155672073 1539.2066191658378 1516.707498729229 1.9711227193474758 10.073709793388842 29.536631911993027
leaf_count=28 18 43 10 26 16 15 10 22 32 8 20 9 17 180 27 608 17 19 20 19 22 62 20 29 77 20052 19499 24 129 378
internal_value=-3.40263e-06 0.0324586 -0.0324648 -0.0325524 0.0326624 0.0120513 -0.0326153 -0.0148931 -0.03267 -0.0301959 -0.0332122 -0.0327539 0.0327573 0.0312401 0.0345808 -0.0327756 -0.0327445 0.0328596 0.0327887 0.0329079 -0.0327437 0.032788 -0.0328694 0.0328214 0.0328195 -0.0327434 0.0327878 0.03281 0.0328358 0.0327876
internal_weight=3214.9 1607.44 1607.47 1605.7 1602.44 7.34245 1604.17 4.93628 1599.23 52.4664 50.5264 1546.76 1595.1 32.4271 4.15413 48.4204 1545.06 30.1057 1562.67 9.23869 1543.54 1553.43 4.99906 28.3981 7.60587 1540.94 1551.15 26.0441 12.0448 1546.24
internal_count=41456 20602 20854 20844 20539 58 20826 48 20778 646 638 20132 20481 398 42 628 20123 381 20083 116 20106 19967 63 362 97 20074 19939 333 153 19877
is_linear=0
shrinkage=0.03


Tree=60
num_leaves=31
num_cat=0
split_feature=45 48 26 14 17 17 4 34 4 52 20 24 28 14 51 45 14 37 0 20 13 18 7 2 28 20 7 36 2 16
split_gain=3642.47 23.0102 12.0407 7.13147 3.50726 7.1287 0.90025 7.25327 0.175749 11.7692 0.206186 0.129941 0.122312 0.0567633 1.96702 0.0343419 0.0237377 0.00377859 0.00191054 0.00110304 0.000805403 0.00147862 0.00259992 0.000458281 8.49975e-05 7.25966e-05 0.000247635 7.17957e-05 5.29581e-05 3.44398e-05
threshold=389.50000000000006 25.500000000000004 59.500000000000007 687.50000000000011 139.50000000000003 142.50000000000003 241.90757860000002 5.5000000000000009 250.15070310000002 87.500000000000014 66.500000000000014 0.052730876500000003 124.50000000000001 866.50000000000011 121.50000000000001 391.50000000000006 923.50000000000011 0.018808339500000004 41.500000000000007 133.50000000000003 767.50000000000011 187.50000000000003 8814.5000000000018 11.461884285000002 10.500000000000002 73.500000000000014 11388.500000000002 4.5000000000000009 16.235841275000002 681.50000000000011
decision_type=2 2 2 2 2 2 2 2 2 2 2 2 2 2 2 2 2 2 2 2 2 2 2 2 2 2 2 2 2 2
left_child=1 4 3 -2 13 -6 7 -5 9 10 -8 17 19 20 -15 -9 18 -7 -16 24 27 22 -22 -12 -10 -25 -27 -1 -3 -23
right_child=2 28 -4 6 5 11 8 15 12 -11 23 -13 -14 14 16 -17 -18 -19 -20 -21 21 29 -24 25 -26 26 -28 -29 -30 -31
leaf_value=0.03286571017473517 0.033023217418466803 -0.032707283862123154 0.04660738941627518 0.031716872241069588 -0.032047074994459336 0.032903887812583264 -0.041896310986946204 -0.037325584666822911 -0.032892100058562336 0.046714161573695713 -0.032657098644193687 0.02416903567954819 -0.04076543586843067 -0.0004415892434736644 0.033817938236824475 -0.032677124618781195 0.035708442544700687 0.034802128809252465 0.032712272661664397 -0.033474048736512885 0.03269286519658543 0.032713858941642311 0.034315796504072189 -0.033117670209655212 -0.032654770092572338 -0.033160698249645036 -0.032649641362684015 0.032698189700979492 -0.032917841869936654 0.032867057621059417
leaf_weight=2.3060747608542433 1.4953004345297802 3.2610835805535308 1.7352764680981625 1.7745535075664509 2.2845940738916388 1.7160428389906885 2.2500685900449744 1.6651781946420658 1.3593968003988255 1.7064799070358265 68.683280669152737 1.8003873154520986 1.6757425814867009 1.6569568589329708 1.4696585834026326 10.143786564469336 2.6471936404705039 2.0971571281552315 32.75015714019537 1.481296382844447 1.8895956352353089 7.910559229552744 1.6766646131873129 1.6242647692561138 1465.2326840609312 1.524190776050091 1.9387516006827352 1497.6338950842619 1.6037532985210416 1.5853394493460653
leaf_count=29 18 43 10 15 12 22 12 13 17 7 919 19 9 14 16 135 27 20 431 17 25 104 17 20 19618 18 26 19783 20 20
internal_value=-3.4138e-06 0.0323668 -0.0323736 -0.0324613 0.03257 0.0126294 -0.032524 -0.0248345 -0.0325915 -0.0312013 -0.0329503 0.0308116 -0.0326651 0.0326715 0.0315344 -0.0333326 0.0329715 0.0339479 0.0327598 -0.0326558 0.0327005 0.032935 0.0334559 -0.0326774 -0.032655 -0.0329522 -0.0328746 0.0326984 -0.0327767 0.0327394
internal_weight=3128.58 1564.29 1564.29 1562.55 1559.42 7.89818 1561.06 13.5835 1547.48 77.727 76.0206 5.61359 1469.75 1551.53 38.524 11.809 36.867 3.8132 34.2198 1468.07 1513 13.0622 3.56626 73.7705 1466.59 5.08721 3.46294 1499.94 4.86484 9.4959
internal_count=41456 20602 20854 20844 20539 73 20826 163 20663 1002 995 61 19661 20466 488 148 474 42 447 19652 19978 166 42 983 19635 64 44 19812 63 124
is_linear=0
shrinkage=0.03


Tree=61
num_leaves=31
num_cat=0
split_feature=45 48 27 8 17 17 8 1 8 52 25 24 28 11 15 14 37 14 25 20 8 46 36 2 18 17 5 24 2 14
split_gain=3525.09 22.2682 11.6274 6.90183 3.45663 6.83944 1.68648 2.56547 0.371174 12.7862 0.198482 0.133148 0.110238 0.0661473 1.29215 0.0179101 0.00343541 0.00199607 0.00108075 0.00100326 0.000801002 9.7706e-05 6.53447e-05 4.8047e-05 2.83579e-05 3.97963e-05 1.49136e-05 1.4049e-05 1.06952e-05 1.0629e-05
threshold=389.50000000000006 25.500000000000004 1092.5000000000002 221.26923080000003 139.50000000000003 142.50000000000003 242.10410160000004 17.500000000000004 250.72016100000005 87.500000000000014 0.033613805500000003 0.052730876500000003 124.50000000000001 3145.5000000000005 104.50000000000001 923.50000000000011 0.018808339500000004 888.50000000000011 0.035159978000000008 133.50000000000003 219.16228895000003 221.50000000000003 4.5000000000000009 16.235841275000002 192.50000000000003 128.50000000000003 1807.5000000000002 0.044495522000000003 9.8642506145000013 858.50000000000011
decision_type=2 2 2 2 2 2 2 2 2 2 2 2 2 2 2 2 2 2 2 2 2 2 2 2 2 2 2 2 2 2
left_child=1 4 3 -2 13 -6 7 -5 9 10 -8 16 19 17 -15 20 -7 22 -12 21 24 -10 -1 -3 -16 -26 -27 -24 -23 -29
right_child=2 23 -4 6 5 11 8 -9 12 -11 18 -13 -14 14 15 -17 -18 -19 -20 -21 -22 28 27 -25 25 26 -28 29 -30 -31
leaf_value=0.032773073664725823 0.032925034057403602 -0.032620184886231279 0.045951252787683736 -0.03525328987678901 -0.031404205563082731 0.032810597668375768 -0.042175188079489223 0.0089223095444928759 -0.032759131397384081 0.045531832501511056 -0.033358084280574837 0.023825578795405082 -0.040346327271942276 0.0093853475691484892 0.032616836937393368 0.035344222566553306 0.034644684777766804 0.033502501806314713 -0.032571787779469133 -0.033361625481625412 0.033343567870971792 -0.032632373486552804 0.03266317654987054 -0.032823492601608946 0.032773022773056097 0.032616735998960998 0.032719848502559705 0.032610559041328431 -0.032569583044139032 0.032629836493379333
leaf_weight=2.2441501319408408 1.4553694576024998 3.1730263382196418 1.7076707705855358 2.5299195721745482 2.2617692351341239 1.6699895933270457 2.0347373783588401 2.2225982546806335 2.4543486982583991 1.941246137022971 1.6312926113605488 1.771983668208122 1.642852947115897 2.2635321021080044 15.564469337463388 2.4849182814359656 2.0442857816815376 2.2654109448194495 44.210673838853836 1.4422884657979 1.5544523000717152 2.4455285817384711 4.641883708536624 1.5607612654566763 2.9989980384707433 5.1646855399012566 1.6708231419324873 1442.6118002086878 1456.3795626387 26.209281496703625
leaf_count=29 18 43 10 26 12 22 10 22 32 8 20 19 9 17 211 26 20 29 608 17 18 33 62 20 39 70 22 19589 20041 354
internal_value=-3.42316e-06 0.0322784 -0.0322864 -0.0323743 0.032481 0.0124943 -0.0324369 -0.0145938 -0.0324929 -0.0299463 -0.0330067 0.030592 -0.0325795 0.0325836 0.0312277 0.0329072 0.0338201 0.0326127 -0.0325998 -0.0325708 0.0326825 -0.03257 0.0326113 -0.0326872 0.032642 0.0326819 0.0326419 0.0326111 -0.0325697 0.0326109
internal_weight=3044.25 1522.16 1522.1 1520.39 1517.42 7.74803 1518.94 4.75252 1514.18 49.8179 47.8767 5.48626 1464.36 1509.67 31.7019 29.4383 3.71428 1477.97 45.842 1462.72 26.9534 1461.28 1475.71 4.73379 25.399 9.83451 6.83551 1473.46 1458.83 1468.82
internal_count=41456 20602 20854 20844 20539 73 20826 48 20778 646 638 61 20132 20466 403 386 42 20063 628 20123 360 20106 20034 63 342 131 92 20005 20074 19943
is_linear=0
shrinkage=0.03


Tree=62
num_leaves=31
num_cat=0
split_feature=45 48 26 14 17 17 4 32 4 52 22 52 28 11 15 45 14 14 22 51 2 2 28 2 4 23 23 43 18 14
split_gain=3411.73 21.552 11.2304 6.67996 3.40742 6.56233 0.889926 6.89839 0.177004 10.8964 0.166905 0.131064 0.0994174 0.0692989 1.29631 0.0285176 0.0164347 0.00185501 0.000914058 0.000725967 0.000462301 9.09533e-05 6.99799e-05 4.36016e-05 3.94872e-05 3.06923e-05 1.45063e-05 1.31635e-05 1.13833e-05 9.53703e-06
threshold=389.50000000000006 25.500000000000004 59.500000000000007 687.50000000000011 139.50000000000003 142.50000000000003 241.90757860000002 1.5000000000000002 250.15070310000002 87.500000000000014 66.500000000000014 86.500000000000014 124.50000000000001 3145.5000000000005 104.50000000000001 391.50000000000006 923.50000000000011 888.50000000000011 133.50000000000003 121.50000000000001 11.461884285000002 11.523007345000002 10.500000000000002 16.235841275000002 213.79772725000004 0.024023346000000004 0.036900996000000012 0.18422298150000002 218.50000000000003 858.50000000000011
decision_type=2 2 2 2 2 2 2 2 2 2 2 2 2 2 2 2 2 2 2 2 2 2 2 2 2 2 2 2 2 2
left_child=1 4 3 -2 13 -6 7 -5 9 10 -8 -7 18 17 -15 -9 19 25 22 -16 -12 -22 -10 -3 28 27 -17 -1 -21 -27
right_child=2 23 -4 6 5 11 8 15 12 -11 20 -13 -14 14 16 26 -18 -19 -20 24 21 -23 -24 -25 -26 29 -28 -29 -30 -31
leaf_value=0.032671907397169971 0.0328303176577011 -0.032536109999246922 0.045326027866731941 0.031300799037280544 -0.030775569768933673 0.033898695047859681 -0.040963245957252051 -0.036845368978763011 -0.032708428133704628 0.043887132376121803 -0.032489294735036478 0.024132663120485166 -0.039947341814928664 0.0091625548971857075 0.033172983981663177 -0.032594560589825031 0.035178864357223005 0.033398296202122875 -0.033253151887050789 0.032532590391665665 -0.032918916274043454 -0.032658830275734005 -0.032487139289014963 -0.03273244885332402 0.0326570286892163 0.032526912271594377 -0.032491841387214906 0.032569521320177985 0.03261217380892803 0.032545424932910655
leaf_weight=1.5006922408938397 1.4163699373602856 3.0870860293507567 1.6797128841280926 1.7266609594225872 2.23907646536827 3.4265517666935921 2.167563021183013 1.5897975489497156 1.287358485162257 1.7086936533451069 65.01202317327261 1.9352995678782461 1.6099807918071736 2.2492338716983822 1.8279534801840842 1.4591259658336646 2.4226416423916808 2.2052136808633795 1.4041591510176648 19.734013244509704 2.5005711093544951 2.3448958918452263 1386.9163263142109 1.5187830254435537 2.9009434506297103 1404.1492553949356 8.1411455944180471 4.5768876969814301 1.7620126083493222 25.499652214348316
leaf_count=20 18 43 10 15 12 38 12 13 17 7 919 23 9 17 22 20 26 29 17 275 32 32 19618 20 39 19597 115 63 24 354
internal_value=-3.43595e-06 0.0321929 -0.0322013 -0.0322893 0.032395 0.0123604 -0.0323517 -0.0245117 -0.0324208 -0.0309884 -0.0327647 0.0303738 -0.0324968 0.0324987 0.0310929 -0.0331238 0.0328147 0.0325289 -0.0324881 0.0325963 -0.0325104 -0.0327931 -0.0324873 -0.0326009 0.0325531 0.0325275 -0.0325075 0.0325948 0.0325391 0.0325272
internal_weight=2962 1481.04 1480.96 1479.28 1476.43 7.60093 1477.87 12.9167 1464.95 73.7337 72.0251 5.36185 1391.22 1468.83 30.8968 11.1901 28.6476 1437.93 1389.61 26.2249 69.8575 4.84547 1388.2 4.60587 24.397 1435.73 9.60027 6.07758 21.496 1429.65
internal_count=41456 20602 20854 20844 20539 73 20826 163 20663 1002 995 61 19661 20466 403 148 386 20063 19652 360 983 64 19635 63 338 20034 135 83 299 19951
is_linear=0
shrinkage=0.03


Tree=63
num_leaves=31
num_cat=0
split_feature=45 48 26 8 17 17 8 1 8 52 23 24 19 11 15 14 37 14 23 8 21 46 36 8 10 23 19 24 8 14
split_gain=3302.34 20.8605 10.8495 6.46595 3.35995 6.29646 1.64649 2.40982 0.371943 11.8635 0.160568 0.148745 0.0874041 0.0725103 1.3004 0.0150797 0.00269621 0.00172339 0.000890474 0.000665457 0.000346314 7.85425e-05 5.39177e-05 2.88721e-05 3.52266e-05 1.89272e-05 4.55215e-05 1.15509e-05 1.08551e-05 8.76859e-06
threshold=389.50000000000006 25.500000000000004 59.500000000000007 221.26923080000003 139.50000000000003 142.50000000000003 242.10410160000004 17.500000000000004 250.72016100000005 87.500000000000014 0.033613805500000003 0.052884677500000012 572.50000000000011 3145.5000000000005 104.50000000000001 923.50000000000011 0.018808339500000004 888.50000000000011 0.035159978000000008 219.16228895000003 184.50000000000003 221.50000000000003 4.5000000000000009 234.56818180000002 470.50000000000006 0.029228966500000005 271.50000000000006 0.044495522000000003 213.73798625000003 858.50000000000011
decision_type=2 2 2 2 2 2 2 2 2 2 2 2 2 2 2 2 2 2 2 2 2 2 2 2 2 2 2 2 2 2
left_child=1 4 3 -2 13 -6 7 -5 9 10 -8 16 20 17 -15 19 -7 22 -12 25 21 -10 -1 -3 -25 -16 -27 -24 -28 -29
right_child=2 23 -4 6 5 11 8 -9 12 -11 18 -13 -14 14 15 -17 -18 -19 -20 -21 -22 -23 27 24 -26 26 28 29 -30 -31
leaf_value=0.032597642170133605 0.032738924613276328 -0.03241091352956979 0.04472994118765275 -0.034938510741291548 -0.030160262178813926 0.032636714506343506 -0.041210247947246967 0.0086690973389509842 -0.032582455380355167 0.043031611979602966 -0.033142977247992006 0.022660754522731981 -0.039229400430526404 0.0089438907612792596 0.03244902626486685 0.035018910151231993 0.034290337471808041 0.033297359083417744 -0.032409753742238256 0.033131974282499213 -0.03283329739712839 -0.032407850912713844 0.032494971684343558 -0.032674513137456659 -0.032467741918096808 0.032642440983982855 0.032461333378731194 0.032445932135320696 0.03253737703371485 0.032463929426212748
leaf_weight=2.1248478293418875 1.3782889321446408 1.5147187635302533 1.6514621376991261 2.4100822582840911 2.2165580391883841 1.5835233107209208 1.9618980288505543 2.1651038825511932 2.3225579038262358 1.9351941049098957 1.5457765087485302 1.6384728401899336 1.6929484382271756 2.2353116646409061 12.207078367471704 2.3616181612014762 2.0186689905822277 2.1464291363954535 41.840393900871277 1.4737208858132351 1.7264891564846028 1380.1520672664046 4.3938329815864554 1.4941629320383074 1.4721505418419836 1.7728093117475499 7.9122113212943059 1365.3895684927702 2.1481581032276154 24.807206325232983
leaf_count=29 18 22 10 26 12 22 10 22 32 8 20 18 10 17 175 26 21 29 608 18 23 20067 62 20 21 24 113 19589 30 354
internal_value=-3.44663e-06 0.0321102 -0.0321199 -0.0322081 0.0323118 0.0122269 -0.0322704 -0.0143022 -0.0323277 -0.0297112 -0.0328155 0.0301547 -0.032417 0.0324166 0.03096 0.0327255 0.0335634 0.0324479 -0.0324359 0.0325132 -0.0324087 -0.0324081 0.0324466 -0.0325175 -0.0325719 0.0324752 0.0325023 0.0324464 0.0324776 0.0324463
internal_weight=2881.69 1440.91 1440.78 1439.13 1436.43 7.45722 1437.75 4.57519 1433.18 47.2833 45.3481 5.24067 1385.89 1428.97 30.1109 27.8756 3.60219 1398.86 43.3862 25.514 1384.2 1382.47 1396.72 4.48103 2.96631 24.0403 11.8332 1394.59 10.0604 1390.2
internal_count=41456 20602 20854 20844 20539 73 20826 48 20778 646 638 61 20132 20466 403 386 43 20063 628 360 20122 20099 20034 63 41 342 167 20005 143 19943
is_linear=0
shrinkage=0.03


Tree=64
num_leaves=31
num_cat=0
split_feature=49 48 26 17 17 8 37 8 52 14 51 20 8 28 17 14 14 2 13 18 14 16 23 19 8 36 2 19 19 4
split_gain=3190.07 28.5601 10.4986 3.60479 6.32036 2.40224 0.845352 0.395354 13.4576 0.228138 3.24366 0.143509 0.141151 0.0810586 0.0553181 0.0172386 0.00750702 0.0018046 0.000773687 0.00151034 0.00250933 0.000759056 0.000153753 6.62518e-05 4.91837e-05 4.87636e-05 3.53828e-05 2.22441e-05 1.77073e-05 1.0685e-05
threshold=116.50000000000001 24.500000000000004 59.500000000000007 138.50000000000003 142.50000000000003 242.10410160000004 0.022159673500000001 250.72016100000005 87.500000000000014 858.50000000000011 121.50000000000001 66.500000000000014 212.21501925000004 124.50000000000001 133.50000000000003 923.50000000000011 757.50000000000011 11.384706265000002 767.50000000000011 187.50000000000003 733.50000000000011 1007.5000000000001 0.035468696500000008 297.50000000000006 219.43746090000002 4.5000000000000009 16.235841275000002 266.50000000000006 292.50000000000006 229.15909090000005
decision_type=2 2 2 2 2 2 2 2 2 2 2 2 2 2 2 2 2 2 2 2 2 2 2 2 2 2 2 2 2 2
left_child=1 3 5 9 -5 6 -2 8 11 18 -11 -7 -6 21 15 17 26 24 23 20 -20 29 -13 25 27 -1 -3 -12 -21 -9
right_child=2 16 -4 4 12 7 -8 13 -10 10 14 22 -14 -15 -16 -17 -18 -19 19 28 -22 -23 -24 -25 -26 -27 -28 -29 -30 -31
leaf_value=0.032514342159414261 0.0057202352923055432 -0.032379330462374734 0.044161352819550886 -0.029819978027812905 0.023310490261086284 -0.040737142859940616 -0.023864852531766265 -0.032410809315262024 0.053123483767313864 -0.00036592466214834966 0.032466429669966095 -0.032618876269384804 0.03368109903640467 -0.039207869178567979 0.026477471432006846 0.03534638653282917 -0.034849215429075646 0.033471407504743922 0.032363940042023503 0.032380359658508502 0.034032213317656719 -0.033047690920292888 -0.032332765888079346 0.032532489063200304 0.032536508622757108 0.032368524932471561 -0.032559755111660448 0.032365699403707933 0.032494758984007388 -0.032331058200086547
leaf_weight=2.0672520920634261 1.9551710113883012 3.0604256913065901 1.6229747161269177 2.3117559030652037 1.8478575199842451 1.9173950403928746 1.56499458104372 1.5136706456542004 1.7077994495630253 2.9217407777905455 2.1013465747237197 1.7644577398896206 3.2739874310791492 1.5447803884744633 1.3922167420387257 1.9046706557273854 1.5651276633143423 1.4160402417182911 1.6926759481430047 6.8098518624901754 1.5586757883429525 1.3318700194358815 40.295428022742271 2.2277368083596221 1.7139522582292546 1332.5201332345605 1.4378181621432302 32.315763473510742 1.4828898906707761 1342.549934476614
leaf_count=29 20 45 10 13 23 10 21 22 7 28 30 25 38 9 18 21 18 17 25 100 17 17 602 32 24 19649 20 477 21 20068
internal_value=-3.45861e-06 0.0319092 -0.0320954 0.0321907 0.0113551 -0.0321841 -0.0074327 -0.0322467 -0.029502 0.0323019 0.0301703 -0.0327107 0.0299396 -0.0323397 0.0323547 0.0325621 -0.0330597 0.0324208 0.0323711 0.0326157 0.0331637 -0.0323319 -0.0323448 0.032369 0.0323797 0.0323688 -0.032437 0.0323718 0.0324008 -0.0323311
internal_weight=2803.39 1405.62 1397.77 1399.56 7.4336 1396.15 3.52017 1392.63 45.6851 1392.12 43.7657 43.9773 5.12184 1346.94 40.844 39.4518 6.06337 37.5471 1348.36 11.5441 3.25135 1345.4 42.0599 1336.82 36.1311 1334.59 4.49824 34.4171 8.29274 1344.06
internal_count=41456 20645 20811 20562 74 20801 41 20760 644 20488 615 637 61 20116 587 569 83 548 19873 163 42 20107 627 19710 531 19678 65 507 121 20090
is_linear=0
shrinkage=0.03


Tree=65
num_leaves=31
num_cat=0
split_feature=49 48 26 17 17 4 32 11 15 4 52 24 20 20 20 14 14 37 14 2 21 25 5 14 4 36 2 18 17 37
split_gain=3088.17 27.6467 10.1463 3.55186 6.0648 1.10441 6.84025 0.338005 3.18371 0.185962 11.7171 0.157648 0.121851 0.0713582 0.0475313 0.00956872 0.00693444 0.00223994 0.0014784 0.000508276 0.000292108 0.000209456 0.000166341 0.000139249 4.82333e-05 4.41649e-05 3.21309e-05 2.3531e-05 3.23052e-05 2.35195e-05
threshold=116.50000000000001 24.500000000000004 59.500000000000007 138.50000000000003 142.50000000000003 241.90757860000002 1.5000000000000002 3145.5000000000005 104.50000000000001 250.15070310000002 87.500000000000014 0.052884677500000012 66.500000000000014 139.00000000000003 62.500000000000007 923.50000000000011 757.50000000000011 0.018808339500000004 888.50000000000011 11.461884285000002 182.50000000000003 0.0365737135 2074.5000000000005 1055.5000000000002 213.79772725000004 4.5000000000000009 16.235841275000002 192.50000000000003 128.50000000000003 0.023222622500000002
decision_type=2 2 2 2 2 2 2 2 2 2 2 2 2 2 2 2 2 2 2 2 2 2 2 2 2 2 2 2 2 2
left_child=1 3 5 7 -5 6 -2 18 -9 10 12 17 -7 20 15 24 26 -6 25 -14 -11 -8 23 -21 27 -1 -3 -10 -29 -26
right_child=2 16 -4 4 11 9 21 8 14 13 -12 -13 19 -15 -16 -17 -18 -19 -20 22 -22 -23 -24 -25 29 -27 -28 28 -30 -31
leaf_value=0.032433916167552861 0.035540426029837945 -0.032303536193908654 0.043618728436545698 -0.029243816583287233 0.032476836113065524 -0.039724144431157009 -0.032664438524170433 -0.0017442331725665539 0.032292839844182103 -0.03225670776239721 0.053016392853812426 0.021897910881128316 -0.032258670402314851 -0.038553653859488134 0.026717172822483818 0.034493213001512486 -0.034708504958580015 0.0340234105747277 0.033102866828939592 -0.03223927381270042 -0.032649588350489131 -0.032262426781742293 -0.03282649716683534 -0.032658985215805666 0.03252120616607259 0.032293221284324658 -0.032477856874887301 0.032452407534295118 0.032319922049643193 0.032353392449179494
leaf_weight=2.0110550150275222 1.5606421604752529 2.9768397063016883 1.5943040177226055 2.2869617268443099 1.502541355788708 2.0428039729595175 1.36691130697727 2.7412154823541668 12.200971029698861 1276.0080823004246 1.4736273586750019 1.5842171460390089 59.835291184484959 1.6219965741038311 1.3437148854136456 2.0107169672846785 1.524935759603977 1.9195795282721517 2.033957563340663 1.4217556938529008 1.7054745852947224 7.9529011435806751 1.6694287136197088 1.423973500728607 1.7011106461286538 1320.8597245290875 1.3987895622849462 2.3541421219706526 5.5891696289181709 1.3467038869857786
leaf_count=29 14 45 10 13 22 12 19 20 185 19611 6 18 919 10 16 24 18 21 29 22 24 122 22 20 24 20023 20 34 84 20
internal_value=-3.46499e-06 0.0318309 -0.0320184 0.0321118 0.0112322 -0.0321072 -0.0225876 0.0322242 0.0290364 -0.032184 -0.0306537 0.0297222 -0.0325108 -0.0322652 0.0322148 0.0325079 -0.0329664 0.0333444 0.0322947 -0.0322818 -0.0322572 -0.0323214 -0.0325888 -0.0324493 0.0323358 0.0322934 -0.0323593 0.032319 0.0323592 0.0324471
internal_weight=2727.06 1367.39 1359.68 1361.49 7.2933 1358.08 10.8805 1354.19 29.2877 1347.2 67.8669 5.00634 66.3933 1279.34 26.5465 25.2028 5.90057 3.42212 1324.9 64.3504 1277.71 9.31981 4.51516 2.84573 23.1921 1322.87 4.37563 20.1443 7.94331 3.04781
internal_count=41456 20645 20811 20562 74 20801 155 20488 407 20646 1001 61 995 19645 387 371 83 43 20081 983 19635 141 64 42 347 20052 65 303 118 44
is_linear=0
shrinkage=0.03


Tree=66
num_leaves=31
num_cat=0
split_feature=49 48 26 17 17 8 19 8 52 11 8 19 24 22 23 28 14 14 5 40 14 16 24 8 29 24 24 8 10 14
split_gain=2989.83 26.7646 9.80803 3.50001 5.82009 2.32561 0.692182 0.388481 12.4786 0.348212 3.3726 0.474409 0.170387 0.116467 0.0729481 0.0662062 0.00820747 0.00640447 0.00494127 0.00192506 0.00137211 0.000626487 0.000146875 2.59372e-05 2.38988e-05 3.7759e-05 2.17774e-05 2.1373e-05 2.64895e-05 1.01056e-05
threshold=116.50000000000001 24.500000000000004 59.500000000000007 138.50000000000003 142.50000000000003 242.10410160000004 327.50000000000006 250.72016100000005 87.500000000000014 3145.5000000000005 225.88549335000002 266.50000000000006 0.053155176000000005 66.500000000000014 0.033613805500000003 124.50000000000001 923.50000000000011 757.50000000000011 1661.5000000000002 0.018808339500000004 888.50000000000011 1007.5000000000001 0.056896008500000005 212.50609755000002 1.1626479065000004 0.053292474500000006 0.043277414000000007 234.56818180000002 470.50000000000006 858.50000000000011
decision_type=2 2 2 2 2 2 2 2 2 2 2 2 2 2 2 2 2 2 2 2 2 2 2 2 2 2 2 2 2 2
left_child=1 3 5 9 -5 6 -2 8 13 20 11 -11 19 -7 16 21 18 27 -13 -6 26 -9 -15 -20 -25 -26 -1 -3 -29 -28
right_child=2 17 -4 4 12 7 -8 15 -10 10 -12 14 -14 22 -16 -17 -18 -19 23 -21 -22 -23 -24 24 25 -27 29 28 -30 -31
leaf_value=0.03231953414637722 -0.022238698192298817 -0.032187835125380274 0.043100630088508243 -0.028677849196336955 0.032398191681516565 -0.039911672791789074 0.0049627361376512009 -0.032185338414473179 0.050841800863037835 0.014977559996370285 -0.017057933357119189 0.033967051921365628 0.021064600430328113 -0.032498388880962202 0.02542943469628409 -0.038534350651375796 0.03442905322370092 -0.03457201547748627 0.032230926764455443 0.033840274332362794 0.033011048145229364 -0.032854247019624666 -0.032187037139700461 0.032226171692869621 0.032262077850520071 0.03247681405217627 0.032220042367228433 -0.03242594166791609 -0.032243279127684953 0.032240168687669254
leaf_weight=1.9974725693464268 1.5293770916759961 1.3936821818351735 1.5655006542801846 2.262506626546382 1.4616206213831904 1.8433199226856221 1.8730919584631918 1271.437701754272 1.6805770099163044 1.5336141139268935 1.3697798922657956 1.62511184066535 1.4939905032515524 1.4138466902077187 1.3741238340735424 1.4802133738994587 1.8970166146755207 1.4856213331222532 15.960777044296266 1.9374612644314764 1.9792522788047779 1.2613972462713707 38.373987428843975 1.8630855455994595 1.5626884028315546 1.3947464600205419 1261.7765865474939 1.3760305419564249 1.4863234534859655 22.859882570803165
leaf_count=30 21 22 10 13 22 10 20 20090 7 15 10 18 17 21 20 9 23 18 248 22 29 17 606 29 24 20 19668 20 23 354
internal_value=-3.47374e-06 0.0317552 -0.0319455 0.0320355 0.0111109 -0.0320344 -0.00726405 -0.0320984 -0.0293043 0.0321491 0.0288739 0.0311861 0.0295087 -0.0325396 0.0321541 -0.0321934 0.0325343 -0.0328761 0.0323739 0.0332202 0.0322218 -0.032186 -0.0321981 0.0322493 0.0323103 0.0323633 0.0322206 -0.0322842 -0.0323311 0.0322204
internal_weight=2652.55 1330.09 1322.46 1324.35 7.15558 1320.89 3.40247 1317.49 43.3117 1317.19 28.5809 27.2112 4.89307 41.6312 25.6775 1274.18 24.3034 5.74166 22.4064 3.39908 1288.61 1272.7 39.7878 20.7813 4.82052 2.95743 1286.63 4.25604 2.86235 1284.64
internal_count=41456 20645 20811 20562 74 20801 41 20760 644 20488 407 397 61 637 382 20116 362 83 339 44 20081 20107 627 321 73 44 20052 65 43 20022
is_linear=0
shrinkage=0.03


Tree=67
num_leaves=31
num_cat=0
split_feature=45 48 27 14 17 17 4 34 24 4 52 20 14 17 39 28 45 14 4 37 13 28 20 2 23 37 5 14 28 29
split_gain=2901.07 18.3235 9.46829 5.68466 3.1791 5.33509 0.866507 6.23893 0.174175 0.174165 9.08044 0.0990665 0.0776193 0.7278 1.9127 0.0598428 0.0235953 0.019993 0.00523238 0.00175302 0.000756154 0.0011993 0.000567262 0.000502514 0.000265998 0.000871052 0.00019907 0.000116016 3.71816e-05 3.30514e-05
threshold=389.50000000000006 25.500000000000004 1092.5000000000002 687.50000000000011 139.50000000000003 142.50000000000003 241.90757860000002 5.5000000000000009 0.053155176000000005 250.15070310000002 87.500000000000014 66.500000000000014 866.50000000000011 125.50000000000001 0.063821647500000009 124.50000000000001 391.50000000000006 933.50000000000011 216.74084245000003 0.018808339500000004 767.50000000000011 47.500000000000007 133.50000000000003 11.461884285000002 0.030820795000000002 0.021701098500000005 2074.5000000000005 1055.5000000000002 10.500000000000002 1.2498420240000001
decision_type=2 2 2 2 2 2 2 2 2 2 2 2 2 2 2 2 2 2 2 2 2 2 2 2 2 2 2 2 2 2
left_child=1 4 3 -2 12 -6 7 -5 19 10 11 -8 20 14 29 22 -9 18 -15 -7 -1 24 28 -13 -22 -26 27 -25 -11 -14
right_child=2 -3 -4 6 5 8 9 16 -10 15 -12 23 13 17 -16 -17 -18 -19 -20 -21 21 -23 -24 26 25 -27 -28 -29 -30 -31
leaf_value=0.032150293445358677 0.032406014886635505 -0.032211611927061103 0.042605721593074089 0.030734014697741681 -0.027800484117836376 0.032322212679840069 -0.038994897849141306 -0.03626258183699349 0.020718278867620399 -0.032289072498690626 0.038663585052467676 -0.032117742302876028 0.032163778037595313 0.032164454937754924 -0.011278371849461 -0.038218802840779574 -0.032135776810685676 0.036137998648120638 0.03396428592472301 0.03371714910291581 0.032163315499290759 0.033264935522441738 -0.032761601952240503 -0.032099415229791699 0.032151325449430522 0.03312931904000558 -0.032718675091872339 -0.032493258646500933 -0.032115869709391141 0.032363133493993501
leaf_weight=1236.3029264099896 1.2357345968484867 4.0114666186273089 1.5366122275590886 1.6231997087597836 2.1282789707183829 1.4217071048915388 1.9593425393104542 1.4652942828834028 1.473704822361469 1.1165080107748497 1.6632074415683735 56.595355723053217 1.6935432665050023 24.879909552633769 1.2965947128832338 1.4481464624404896 8.3669747710227966 1.2597620151936997 1.5439208522438992 1.8869628012180326 5.9588522650301439 1.2780485786497582 1.2262450195848931 1.3445938006043427 2.3721735253930096 1.2523207664489744 1.6051262766122816 1.3480273708701132 1207.3194185681641 1.3412420377135275
leaf_count=19812 18 63 10 15 12 22 12 13 17 17 7 919 27 397 15 9 135 12 17 22 95 16 17 22 38 17 22 20 19618 20
internal_value=-3.477e-06 0.0318057 -0.0318188 -0.0319076 0.0320054 0.0117125 -0.0319693 -0.0237552 0.0292968 -0.0320431 -0.0305243 -0.0323551 0.032115 0.0306565 0.0192211 -0.032124 -0.0327508 0.0324457 0.0322696 0.0331178 0.0321525 0.0324017 -0.0321167 -0.0321415 0.0322866 0.0324892 -0.0324542 -0.0322966 -0.032116 0.0322519
internal_weight=2579.96 1290.1 1289.85 1288.32 1286.09 6.91065 1287.08 11.4555 4.78237 1275.63 64.5157 62.8524 1279.18 32.015 4.33138 1211.11 9.83227 27.6836 26.4238 3.30867 1247.16 10.8614 1209.66 60.8931 9.58335 3.62449 4.29775 2.69262 1208.44 3.03479
internal_count=41456 20602 20854 20844 20539 73 20826 163 61 20663 1002 995 20466 488 62 19661 148 426 414 44 19978 166 19652 983 150 55 64 42 19635 47
is_linear=0
shrinkage=0.03


Tree=68
num_leaves=31
num_cat=0
split_feature=45 48 27 14 14 0 4 52 4 52 37 11 15 20 28 19 17 51 20 24 4 5 28 36 4 13 41 0 14 16
split_gain=2809.1 17.7421 9.15542 5.50461 3.13953 4.55251 0.848552 5.96321 0.174071 8.76586 0.128206 0.112273 1.36131 0.0894857 0.0541128 0.0247691 0.000601623 0.000585137 0.000545947 0.000213549 0.000384182 0.000146541 3.37717e-05 3.34259e-05 2.39661e-05 2.68292e-05 1.6052e-05 1.1468e-05 9.93925e-06 2.01927e-05
threshold=389.50000000000006 25.500000000000004 1092.5000000000002 687.50000000000011 947.50000000000011 47.500000000000007 241.90757860000002 87.500000000000014 250.15070310000002 87.500000000000014 0.031266396000000009 3145.5000000000005 104.50000000000001 66.500000000000014 124.50000000000001 315.50000000000006 142.50000000000003 121.50000000000001 134.50000000000003 0.057824715000000006 244.40917125000001 2074.5000000000005 10.500000000000002 4.5000000000000009 213.79772725000004 780.50000000000011 0.18108108750000004 42.500000000000007 858.50000000000011 675.50000000000011
decision_type=2 2 2 2 2 2 2 2 2 2 2 2 2 2 2 2 2 2 2 2 2 2 2 2 2 2 2 2 2 2
left_child=1 4 3 -2 11 -6 7 15 9 13 -7 16 -13 -8 18 -5 23 -14 22 20 21 -15 -10 -1 25 -19 -3 -26 -25 -30
right_child=2 26 -4 6 5 10 8 -9 14 -11 -12 12 17 19 -16 -17 -18 24 -20 -21 -22 -23 -24 28 27 -27 -28 -29 29 -31
leaf_value=0.032209301920956383 0.032329308149950366 -0.032085919003679519 0.042132758418563974 -0.036444416955350313 -0.02380435231126905 0.034162765024948076 -0.038658312452875362 0.029640929319686836 -0.032216373130025226 0.037678477488204284 0.023315846599438226 0.0069944212950438234 0.032704084093919852 -0.032293513245129017 -0.037917193643308207 -0.032065600070565435 0.032678831469574184 0.032084628194582583 -0.032707738445597788 -0.032049782499707781 -0.032065809788576781 -0.032708915625778254 -0.03204899465934366 0.032081339758916944 0.032125789619481558 0.032218130670174629 -0.032208114603377809 0.032252291827809677 0.032136815101853344 0.032079298451689747
leaf_weight=1.8509894497692574 1.2020154297351826 2.1250368878245345 1.5076836869120587 1.3550077602267236 2.2170996293425551 2.374516174197197 1.9177390486001957 1.6153331100940711 1.0859183445572842 1.6556057184934605 1.6707408279180525 2.1102925762534168 1.5789738632738615 1.7078846804797634 1.4163564145565022 8.1887563467025739 1.5215283446013916 17.912768591195352 1.133920483291148 50.285870581865311 5.8391484767198563 1.3833857029676435 1174.1047498397529 1192.1800105199218 1.2328833267092698 1.465638544410466 1.7762300334870817 1.3524941354990003 8.8491889499127883 14.486822523176668
leaf_count=29 18 35 10 11 13 29 12 16 17 7 16 17 22 27 9 136 21 295 16 840 97 19 19619 19651 20 23 28 21 143 239
internal_value=-3.48116e-06 0.0317355 -0.0317502 -0.0318391 0.0319347 0.0107465 -0.0319007 -0.023665 -0.0319748 -0.0304357 0.0296829 0.0320413 0.0300772 -0.0322803 -0.0320568 -0.0326873 0.0320827 0.0321463 -0.0320498 -0.0320738 -0.032209 -0.0324794 -0.0320491 0.0320819 0.0321062 0.0320947 -0.0321416 0.032192 0.0320817 0.0321011
internal_weight=2509.1 1254.71 1254.4 1252.89 1250.8 6.26236 1251.69 11.1591 1240.53 62.7896 4.04526 1244.54 25.6531 61.134 1177.74 9.54376 1218.89 23.5428 1176.32 59.2163 8.93042 3.09127 1175.19 1217.37 21.9638 19.3784 3.90127 2.58538 1215.52 23.336
internal_count=41456 20602 20854 20844 20539 58 20826 163 20663 1002 45 20481 398 995 19661 147 20083 381 19652 983 143 46 19636 20062 359 318 63 41 20033 382
is_linear=0
shrinkage=0.03


Tree=69
num_leaves=31
num_cat=0
split_feature=45 48 26 8 17 17 8 1 8 52 24 11 19 23 28 11 0 37 20 23 5 11 2 46 36 2 18 17 2 2
split_gain=2720.22 17.1802 8.85423 5.33061 3.12651 4.97745 1.51333 2.08972 0.36082 9.56719 0.18494 0.0925517 1.31619 0.0862688 0.0489477 0.00683321 0.0068293 0.00149878 0.000497003 0.000486572 0.000319429 0.000209624 0.00223503 3.7687e-05 3.04072e-05 2.23886e-05 2.10148e-05 3.81147e-05 1.87405e-05 7.30371e-06
threshold=389.50000000000006 25.500000000000004 59.500000000000007 221.26923080000003 139.50000000000003 142.50000000000003 242.10410160000004 17.500000000000004 250.72016100000005 87.500000000000014 0.053155176000000005 3145.5000000000005 267.50000000000006 0.033613805500000003 124.50000000000001 3239.5000000000005 46.500000000000007 0.018808339500000004 134.50000000000003 0.035159978000000008 1666.5000000000002 3118.5000000000005 11.181759485000002 221.50000000000003 4.5000000000000009 16.235841275000002 192.50000000000003 128.50000000000003 11.003831550000003 9.8642506145000013
decision_type=2 2 2 2 2 2 2 2 2 2 2 2 2 2 2 2 2 2 2 2 2 2 2 2 2 2 2 2 2 2
left_child=1 4 3 -2 11 -6 7 -5 9 13 17 21 -13 -8 18 20 -17 -7 23 -15 -14 24 28 -10 -1 -3 -22 -28 -23 -25
right_child=2 25 -4 6 5 10 8 -9 14 -11 -12 12 15 19 -16 16 -18 -19 -20 -21 26 22 -24 29 -26 -27 27 -29 -30 -31
leaf_value=0.032139285782540487 0.032255223319708523 -0.032022699619642124 0.041680560072066941 -0.034401712128129411 -0.02713628243130959 0.032173843060560751 -0.038840441797865909 0.0082279045203137047 -0.032116207188381908 0.037413144814686751 0.019903071606675839 0.0082962907127952686 0.032472176425808567 -0.032574406900821626 -0.037628740842346485 0.032211380221169823 0.03481871244101159 0.033498624188786033 -0.032621803748905422 -0.031985993656212186 0.032016547866532678 0.032015264605716916 0.033377286253417314 -0.032042316382965529 0.032015892620600263 -0.032177681091703478 0.03218097146620133 0.032034712455478315 0.032140298611856695 -0.031984447423975861
leaf_weight=1.8001386336982239 1.1691293045878399 2.5416345298290244 1.4787573963403691 2.1347440443933001 2.0788428485393515 1.3426816463470461 1.7415946125984181 2.0087677165865898 1.9599219076335419 1.8563782572746266 1.4256164766848085 2.2531460598111179 1.7062004320323527 1.3116703443229187 1.3848735392093647 1.833647966384887 1.7835251875221727 1.7975462265312669 1.1032630652189244 35.402270182967186 10.915026072412731 13.683683678507807 1.1881900541484345 1.9661940522491921 1166.1261513605714 1.2522031851112845 2.3765719421207896 4.9302041940391064 1.1712104640901078 1166.3248715214431
leaf_count=29 18 43 10 26 12 22 10 22 32 8 17 21 26 20 9 30 20 22 16 608 185 232 18 33 19765 20 38 83 19 20042
internal_value=-3.49056e-06 0.0316673 -0.0316837 -0.0317728 0.0318661 0.0113439 -0.0318343 -0.0137349 -0.0318961 -0.0291054 0.028864 0.0319788 0.0302012 -0.0323165 -0.031992 0.0322974 0.033497 0.0329322 -0.0319854 -0.032007 0.0320797 0.0320176 0.0321253 -0.0319848 0.0320161 -0.0320739 0.0320429 0.0320823 0.0320251 -0.0319845
internal_weight=2440.05 1220.21 1219.84 1218.36 1216.41 6.64469 1217.19 4.14351 1213.05 40.3119 4.56584 1209.77 25.7983 38.4555 1172.74 23.5452 3.61717 3.14023 1171.35 36.7139 19.928 1183.97 16.0431 1170.25 1167.93 3.79384 18.2218 7.30678 14.8549 1168.29
internal_count=41456 20602 20854 20844 20539 73 20826 48 20778 646 61 20466 403 638 20132 382 50 44 20123 628 332 20063 269 20107 19794 63 306 121 251 20075
is_linear=0
shrinkage=0.03


Tree=70
num_leaves=31
num_cat=0
split_feature=45 48 26 8 17 17 8 1 8 52 24 23 7 19 23 28 2 18 37 13 7 5 20 23 21 2 7 19 51 46
split_gain=2634.28 16.6372 8.56395 5.16228 3.08639 4.7766 1.51724 2.0261 0.358948 9.23759 0.18874 0.0778182 0.0498897 0.437196 2.53789 0.0442943 0.00714472 0.0117895 0.00136523 0.00116723 0.00121626 0.000883887 0.000452839 0.000444719 0.000196556 0.000139315 0.00395426 8.40797e-05 6.24131e-05 3.42581e-05
threshold=389.50000000000006 25.500000000000004 59.500000000000007 221.26923080000003 139.50000000000003 142.50000000000003 242.10410160000004 17.500000000000004 250.72016100000005 87.500000000000014 0.053155176000000005 0.033613805500000003 9115.5000000000018 267.50000000000006 0.029634450000000003 124.50000000000001 10.854607705000001 192.50000000000003 0.018808339500000004 767.50000000000011 8814.5000000000018 1829.5000000000002 134.50000000000003 0.035159978000000008 104.50000000000001 11.619007685000001 8039.5000000000009 294.50000000000006 121.50000000000001 221.50000000000003
decision_type=2 2 2 2 2 2 2 2 2 2 2 2 2 2 2 2 2 2 2 2 2 2 2 2 2 2 2 2 2 2
left_child=1 4 3 -2 12 -6 7 -5 9 11 18 -8 19 14 -14 22 21 -18 -7 25 -21 24 29 -13 28 27 -27 -1 -15 -10
right_child=2 -3 -4 6 5 10 8 -9 15 -11 -12 23 13 16 -16 -17 17 -19 -20 20 -22 -23 -24 -25 -26 26 -28 -29 -30 -31
leaf_value=0.031952550842600728 0.03218365319184379 -0.032008424648751241 0.041248035784012566 -0.034266960497144429 -0.026592491999597456 0.032105409229619228 -0.038504958345013572 0.0079926483233070719 -0.032049371496131532 0.03654062422324688 0.019561927040729853 -0.032493824470539813 0.031966920054952677 0.03214398324234008 -0.015189064055324233 -0.037352720300760818 0.031950310263943162 0.03558824629916621 0.033387229850194641 0.031949611610221793 0.032863978747893978 0.032693881489906776 -0.032538781054236937 -0.031923476188374274 0.032298910489105541 0.031960218218261116 0.033778782069570079 0.03220342948017 0.031956231135218567 -0.031922075015527587
leaf_weight=1074.0759196765721 1.1370612755417813 3.6891250647604457 1.449872814118861 2.0796763040125361 2.0580308586359015 1.3057348541915419 1.7046247124671925 2.0059016570448875 1.9059039838612069 1.8438733965158451 1.4072447344660757 1.2760136686265457 6.3510667607188216 1.6615727692842472 1.2253432907164095 1.3537248969078053 1.9463511928915971 1.36328874155879 1.7501528821885584 2.6356945075094691 2.6015985086560249 1.606616511940955 1.0733472257852543 34.422240372747183 1.640197630971669 40.062685187906027 1.1057963036000718 1.2036292999982823 38.888148013502359 1135.9480393789709
leaf_count=18722 18 63 10 26 12 22 10 22 32 8 17 20 110 27 17 9 34 15 22 46 38 24 16 608 27 696 13 20 677 20075
internal_value=-3.50121e-06 0.0316014 -0.0316185 -0.0317076 0.0317998 0.011218 -0.031769 -0.0135187 -0.0318322 -0.0290113 0.028653 -0.0322429 0.0319139 0.031029 0.0243403 -0.0319293 0.0321048 0.0334488 0.0328395 0.031957 0.0324038 0.0320032 -0.0319229 -0.0319439 0.0319769 0.0319549 0.0320091 0.0319528 0.0319639 -0.0319223
internal_weight=2372.78 1186.58 1186.2 1184.75 1182.89 6.52116 1183.61 4.08558 1179.53 39.2468 4.46313 37.4029 1176.37 54.6826 7.57641 1140.28 47.1062 3.30964 3.05589 1121.69 5.23729 43.7965 1138.93 35.6983 42.1899 1116.45 41.1685 1075.28 40.5497 1137.85
internal_count=41456 20602 20854 20844 20539 73 20826 48 20778 646 61 638 20466 931 127 20132 804 49 44 19535 84 755 20123 628 731 19451 709 18742 704 20107
is_linear=0
shrinkage=0.03


Tree=71
num_leaves=31
num_cat=0
split_feature=45 26 25 8 45 17 17 45 8 1 8 24 20 24 11 15 28 11 27 20 25 11 2 51 43 46 8 2 19 2
split_gain=2551.21 8.28433 6.95065 4.99958 4.4274 3.34143 4.29374 1.79817 1.52121 1.96476 0.356932 3.69821 0.327671 0.18877 0.101146 1.43444 0.0400975 0.00594041 0.00537337 0.000412646 0.000406477 0.000178995 0.00190899 8.9164e-05 6.00732e-05 3.11464e-05 2.13103e-05 1.56032e-05 9.79472e-06 6.05817e-06
threshold=389.50000000000006 59.500000000000007 0.021258515000000002 221.26923080000003 387.50000000000006 139.50000000000003 142.50000000000003 388.50000000000006 242.10410160000004 17.500000000000004 250.72016100000005 0.055844639500000008 20.500000000000004 0.050848045000000001 3145.5000000000005 104.50000000000001 124.50000000000001 3239.5000000000005 91.000000000000014 134.50000000000003 0.035159978000000008 3118.5000000000005 11.181759485000002 121.50000000000001 0.20803714600000003 221.50000000000003 218.16025645000005 11.003831550000003 269.50000000000006 9.8642506145000013
decision_type=2 2 2 2 2 2 2 2 2 2 2 2 2 2 2 2 2 2 2 2 2 2 2 2 2 2 2 2 2 2
left_child=2 3 4 -2 24 12 -7 -6 9 -5 11 -10 -4 -8 21 -16 19 23 -19 25 -13 -14 27 -17 -1 -12 28 -23 -25 -27
right_child=1 -3 5 8 7 6 13 -9 10 -11 16 20 14 -15 15 17 -18 18 -20 -21 -22 22 -24 26 -26 29 -28 -29 -30 -31
leaf_value=0.032182331482116203 0.032114506466556662 0.040834157052882764 0.020224337581360902 -0.034136523938434006 -0.031883675638662345 -0.026057463569364853 0.032834668162065504 0.012385944752018636 0.00047833975122757097 0.0077635817430566061 -0.031984777935667535 -0.032415909516115657 0.031891069440041685 0.018898600856379188 0.00587867869640486 0.032179307166021853 -0.037088461407585822 0.032349274346509159 0.034792420553120942 -0.032458560740165635 -0.031863042712168006 0.031890273801397563 0.03318324303603163 0.031963863224954064 0.031887055346291965 -0.031915799037272423 0.032018140585906532 0.032007593257635691 0.031892187868439559 -0.031861596967309828
leaf_weight=1.2559175267815583 1.1057960577309121 1.4210670590400685 2.1859086379408827 2.0258077420294276 2.833096120506525 2.0375919193029395 2.4591684676706795 1.1654802002012732 3.4985993951559058 2.003175750374794 1.8532548323273648 1.2412332035601128 1099.6516851224005 1.3577473014593122 2.0432599782943752 1.1872227638959945 1.3229347318410862 2.1173567250370975 1.3123671151697633 1.0441604815423478 33.467310518026352 12.935791056603192 1.1261831335723389 1.949149128049618 1.2248977422714231 1.8590186797082413 1.5222030244767655 1.1076330617070187 14.339680541306732 1102.5744695551693
leaf_count=20 18 10 38 26 51 12 36 20 18 22 32 20 19714 17 17 19 9 36 14 16 608 232 18 34 22 33 26 19 257 20042
internal_value=-3.50577e-06 -0.0315552 0.0315374 -0.0316445 0.000552952 0.0317124 0.00910598 -0.0189802 -0.0317058 -0.0133042 -0.0317704 -0.0289195 0.0318283 0.0278774 0.0318506 0.0299427 -0.0318687 0.032135 0.0332841 -0.0318625 -0.0318828 0.0318925 0.0319948 0.0319276 0.0320365 -0.0318619 0.0319108 0.0318995 0.0319008 -0.0318617
internal_weight=2307.23 1153.42 1153.81 1152 6.47939 1147.33 5.85451 3.99858 1150.89 4.02898 1146.86 38.2071 1141.48 3.81692 1139.29 24.4712 1108.65 22.428 3.42972 1107.33 34.7085 1114.82 15.1696 18.9983 2.48082 1106.29 17.811 14.0434 16.2888 1104.43
internal_count=41456 20854 20602 20844 113 20489 65 71 20826 48 20778 646 20424 53 20386 403 20132 386 50 20123 628 19983 269 336 42 20107 317 251 291 20075
is_linear=0
shrinkage=0.03


Tree=72
num_leaves=31
num_cat=0
split_feature=45 48 26 8 14 52 8 1 8 52 14 51 23 28 0 13 18 7 20 23 8 17 19 46 2 36 19 19 4 23
split_gain=2470.78 15.7582 8.01456 4.84207 3.02379 4.18049 1.52501 1.9056 0.364717 8.89427 0.116102 2.01052 0.0715628 0.0363106 0.00154321 0.000712766 0.00136448 0.00193419 0.000376063 0.000371532 0.000170552 8.85662e-05 5.15027e-05 2.83234e-05 2.54749e-05 2.27792e-05 1.37233e-05 9.66001e-06 7.55559e-06 7.20999e-06
threshold=389.50000000000006 25.500000000000004 59.500000000000007 221.26923080000003 947.50000000000011 86.500000000000014 242.10410160000004 17.500000000000004 250.72016100000005 87.500000000000014 866.50000000000011 121.50000000000001 0.033613805500000003 124.50000000000001 41.500000000000007 767.50000000000011 187.50000000000003 8814.5000000000018 134.50000000000003 0.035159978000000008 219.43746090000002 136.50000000000003 297.50000000000006 221.50000000000003 16.235841275000002 4.5000000000000009 268.50000000000006 292.50000000000006 229.15909090000005 0.024023346000000004
decision_type=2 2 2 2 2 2 2 2 2 2 2 2 2 2 2 2 2 2 2 2 2 2 2 2 2 2 2 2 2 2
left_child=1 4 3 -2 10 -6 7 -5 9 12 15 -12 -8 18 -13 21 17 -17 23 -14 26 22 25 -10 -3 -1 -16 -18 -25 -27
right_child=2 24 -4 6 5 -7 8 -9 13 -11 11 14 19 -15 20 16 27 -19 -20 -21 -22 -23 -24 28 -26 29 -28 -29 -30 -31
leaf_value=0.03194326836517359 0.032047689253869409 -0.031852179141577244 0.040437959713768568 -0.034010247943195175 0.034581553498427689 -0.016262926368439446 -0.038188808416005478 0.0075405856386471124 -0.03192234381566772 0.035692506190221462 -0.0022927601080489847 0.032982092911799814 -0.032340563147226449 -0.036835335838340887 0.031936028651108554 0.031827951948029856 0.031844625219697664 0.033399696939533638 -0.032381036957353011 -0.03180461739196129 0.032202898182725634 0.032084568311767973 0.031990564495921921 -0.031877997490221834 -0.032023536016104387 0.031873063735080302 0.031831588871619965 0.031935422451586266 -0.031803220701884197 0.031831746543694285
leaf_weight=1.6553098969161499 1.0753183923661698 2.3497749790549269 1.3923746868967999 1.9731250479817384 3.0256209671497336 2.8043689504265785 1.6683567166328419 2.0005829632282257 1.8019472695887078 1.8305204957723606 1.6454786956310297 1.143035009503367 1.207313161343335 1.2925246059894551 1.1926313452422679 1.3533414676785454 5.5099040232598782 1.4701094441115854 1.0156901888549317 32.536963980644941 1.2042086161673058 1.2543663606047619 1.84828171879053 1.217502787709235 1.1694104969501498 3.8147448301315299 22.389818858355284 1.3041836544871328 1072.5128252804279 1066.8111552000046
leaf_count=29 18 43 10 26 35 23 10 22 32 8 19 16 20 9 21 25 101 19 16 608 20 21 33 22 20 69 413 23 20053 19672
internal_value=-3.51513e-06 0.0314737 -0.0314926 -0.031582 0.0316732 0.0101241 -0.0316431 -0.0130913 -0.0317092 -0.0287905 0.0317861 0.0298637 -0.0321237 -0.0318101 0.0319044 0.0318349 0.0320918 0.0326463 -0.031804 -0.0318238 0.0318547 0.0318326 0.0318323 -0.0318035 -0.0319091 0.0318321 0.0318369 0.031862 -0.0318033 0.0318319
internal_weight=2243.47 1121.95 1121.53 1120.13 1118.43 5.82999 1119.06 3.97371 1115.08 37.2432 1112.6 27.5752 35.4126 1077.84 25.9297 1085.02 9.63754 2.82345 1076.55 33.7443 24.7867 1075.38 1074.13 1075.53 3.51919 1072.28 23.5825 6.81409 1073.73 1070.63
internal_count=41456 20602 20854 20844 20539 58 20826 48 20778 646 20481 489 638 20132 470 19992 168 44 20123 628 454 19824 19803 20107 63 19770 434 124 20075 19741
is_linear=0
shrinkage=0.03


Tree=73
num_leaves=31
num_cat=0
split_feature=45 48 26 4 17 17 4 34 24 4 52 11 15 23 28 19 11 0 37 2 5 20 11 2 19 51 27 2 28 36
split_gain=2393.13 15.2626 7.75482 4.24847 2.99388 4.33091 0.883328 5.55901 0.196861 0.174353 7.60744 0.109002 1.47078 0.0606813 0.0328938 0.0144853 0.00538844 0.00505793 0.00104499 0.000582529 0.000399189 0.000343018 0.000156222 0.00162747 9.85014e-05 8.89548e-05 6.40705e-05 2.31717e-05 2.10013e-05 2.07569e-05
threshold=389.50000000000006 25.500000000000004 59.500000000000007 213.01190475000001 139.50000000000003 142.50000000000003 241.90757860000002 5.5000000000000009 0.053155176000000005 250.15070310000002 87.500000000000014 3145.5000000000005 104.50000000000001 0.033613805500000003 124.50000000000001 318.50000000000006 3239.5000000000005 46.500000000000007 0.018808339500000004 11.461884285000002 2074.5000000000005 134.50000000000003 3118.5000000000005 11.181759485000002 320.50000000000006 121.50000000000001 63.500000000000007 16.235841275000002 10.500000000000002 4.5000000000000009
decision_type=2 2 2 2 2 2 2 2 2 2 2 2 2 2 2 2 2 2 2 2 2 2 2 2 2 2 2 2 2 2
left_child=1 4 3 -2 11 -6 7 -5 18 10 13 22 -13 -8 21 -9 25 -18 -7 24 26 28 29 -24 -15 -14 -21 -3 -11 -1
right_child=2 27 -4 6 5 8 9 15 -10 14 -12 12 16 19 -16 -17 17 -19 -20 20 -22 -23 23 -25 -26 -27 -28 -29 -30 -31
leaf_value=0.031882182414645292 0.026026319839808288 -0.03179412964108793 0.040058538854825979 0.030375871764329335 -0.025578642212142538 0.031934197693916123 -0.037650134263605674 -0.035308326616709795 0.018674088418480662 -0.031888249411897378 0.034083805816844268 0.0050879402687935968 0.032067603639798062 -0.032035291911519638 -0.036592759481160544 -0.031763180860147282 0.031960399031790626 0.034321627365507784 0.033096910812018897 -0.032054595298126709 -0.032531181683898028 -0.032306109560441686 0.031783637565885842 0.033001549080861017 -0.031748249080926896 0.031792759502293287 -0.031736289881228993 -0.031959868971693839 -0.031746700620968835 0.031774361421682974
leaf_weight=1.6094194166362275 1.1532923541963089 2.2844291850924483 1.3638278394937504 1.5074037387967099 1.9952446967363346 1.2148169390857222 1.6367641389369953 1.2172579728066901 1.3462367057800291 0.94423114508390327 1.6171740740537632 1.9975564852356935 1.1310411691665709 1.1012522801756848 1.2625137269496907 7.0162755511701107 1.6416328325867646 1.6243322342634199 1.6279532499611375 1.1388782449066637 1.4590235054492948 0.98792355507612128 13.27921951189637 1.0667962655425061 46.82589215785265 16.83488005772233 1.1376485601067541 1.1370757631957533 1020.0374026969075 1042.0668016001582
leaf_count=29 20 43 10 15 12 22 11 12 17 17 7 17 19 20 9 134 30 20 22 20 22 16 251 18 900 317 22 20 19619 19765
internal_value=-3.519e-06 0.0314132 -0.0314332 -0.0315227 0.0316122 0.0107982 -0.0315837 -0.0225902 0.0281246 -0.031665 -0.0300182 0.0317312 0.0296984 -0.0319631 -0.0317534 -0.0322873 0.0320138 0.0331348 0.0326 -0.031783 -0.0321438 -0.0317474 0.0317759 0.0318742 -0.0317548 0.0318101 -0.0318955 -0.0318492 -0.0317468 0.0317745
internal_weight=2181.26 1090.86 1090.41 1089.04 1087.44 6.18425 1087.89 9.74094 4.18901 1078.15 54.9166 1081.25 23.2294 53.2995 1023.23 8.23353 21.2319 3.26597 2.84277 51.6627 3.73555 1021.97 1058.02 14.346 47.9271 17.9659 2.27653 3.4215 1020.98 1043.68
internal_count=41456 20602 20854 20844 20539 73 20824 161 61 20663 1002 20466 403 995 19661 146 386 50 44 984 64 19652 20063 269 920 336 42 63 19636 19794
is_linear=0
shrinkage=0.03


Tree=74
num_leaves=31
num_cat=0
split_feature=49 48 26 17 17 8 20 8 52 11 8 19 24 13 20 20 14 14 5 20 14 37 24 2 24 18 2 4 14 17
split_gain=2312.52 21.3539 7.51589 3.17924 4.3428 2.11521 0.646584 0.390688 10.1376 0.379383 3.08318 0.54026 0.200612 0.0625782 0.0578914 0.0296288 0.0104446 0.00441443 0.00401875 0.00120764 0.00107517 0.000952251 7.00966e-05 2.10433e-05 1.48591e-05 9.15378e-06 2.13854e-05 8.19963e-06 7.10941e-06 1.23604e-05
threshold=116.50000000000001 24.500000000000004 59.500000000000007 138.50000000000003 142.50000000000003 242.10410160000004 66.500000000000014 250.72016100000005 87.500000000000014 3145.5000000000005 225.88549335000002 266.50000000000006 0.053155176000000005 798.50000000000011 66.500000000000014 140.50000000000003 757.50000000000011 923.50000000000011 1659.5000000000002 135.50000000000003 888.50000000000011 0.018808339500000004 0.056896008500000005 16.235841275000002 0.043277414000000007 192.50000000000003 10.400065335000003 229.15909090000005 858.50000000000011 125.50000000000001
decision_type=2 2 2 2 2 2 2 2 2 2 2 2 2 2 2 2 2 2 2 2 2 2 2 2 2 2 2 2 2 2
left_child=1 3 5 9 -5 6 -2 8 14 20 11 -11 21 17 -7 19 23 18 -13 27 24 -6 -16 -3 -1 -20 -27 -9 -26 -30
right_child=2 16 -4 4 12 7 -8 15 -10 10 -12 13 -14 -15 22 -17 -18 -19 25 -21 -22 -23 -24 -25 28 26 -28 -29 29 -31
leaf_value=0.031810433247200148 0.0075662345500691914 -0.031739347807830012 0.039695048775144161 -0.025429544539681596 0.031873693317528873 -0.037573349707722602 -0.020357256116998193 -0.031772196873766805 0.04594384276430117 0.012146661304976434 -0.018804435265264166 0.033450214354770892 0.018339417658252331 0.024614856469616381 -0.031934054547481668 -0.036816388110050183 -0.034985861272992108 0.033482994927458869 0.031721245382288411 -0.032724783531845963 0.032496540506339856 0.032999083417224011 -0.031693535567577827 -0.031898323503296334 0.031718866616117468 0.031734712038034532 0.0318649209927944 -0.031692262308995918 0.03179106903266897 0.03172633448730805
leaf_weight=1.6093022748827923 1.5025266185402864 2.3258791640400878 1.335456296801566 2.0666869804263106 1.1811177507042887 1.5869319960474957 1.4829030297696588 1.1562779359519471 1.5733842849731434 1.368103101849562 1.2088153958320607 1.3330064155161476 1.3299292512238023 1.0893466696143139 1.1307752579450632 1.0170485228300084 1.2582958303391931 1.6591643802821625 10.567620795220138 1.0206921249628056 1.6044863872230042 1.5844527184963224 30.647408772259951 1.1055670082569125 1008.0412588045001 4.4927184656262389 1.5190480351448057 1014.5305908918381 3.2223340868949917 15.067963924258946
leaf_count=30 20 45 10 13 22 10 21 22 7 15 10 17 17 19 21 7 18 25 206 15 29 22 606 20 19668 87 28 20072 61 293
internal_value=-3.5296e-06 0.0312264 -0.0314299 0.0315092 0.0100236 -0.0315199 -0.00630374 -0.0315914 -0.0284721 0.031635 0.0278443 0.0304041 0.0279141 0.0316131 -0.0319813 -0.0316985 -0.0326479 0.0320026 0.0318655 -0.0316934 0.0317206 0.0325185 -0.0317021 -0.0317906 0.0317193 0.0317381 0.0317676 -0.0316924 0.0317192 0.0317377
internal_weight=2120.62 1063.64 1056.98 1058.95 6.16219 1055.65 2.98543 1052.66 34.9385 1052.78 23.2378 22.029 4.0955 20.6609 33.3651 1017.72 4.68974 19.5716 17.9124 1016.71 1029.55 2.76557 31.7782 3.43145 1027.94 16.5794 6.01177 1015.69 1026.33 18.2903
internal_count=41456 20645 20811 20562 74 20801 41 20760 644 20488 407 397 61 382 637 20116 83 363 338 20109 20081 44 627 65 20052 321 115 20094 20022 354
is_linear=0
shrinkage=0.03


Tree=75
num_leaves=31
num_cat=0
split_feature=45 48 27 14 14 42 27 28 14 51 45 28 18 14 5 10 6 5 20 17 20 17 7 6 29 21 2 36 46 7
split_gain=2245.54 14.3206 7.26307 4.42653 2.94662 3.97184 0.437169 15.1775 0.126285 2.05337 0.0491459 0.0263539 0.00332565 0.0422423 0.00183839 0.000439543 0.000404302 0.000376888 0.00027821 9.31987e-05 6.91336e-05 0.000261305 0.00152259 9.09815e-05 6.14043e-05 1.94671e-05 1.91812e-05 1.70966e-05 1.47326e-05 1.04469e-05
threshold=389.50000000000006 25.500000000000004 1092.5000000000002 687.50000000000011 947.50000000000011 0.090909091500000011 36.500000000000007 45.500000000000007 866.50000000000011 121.50000000000001 390.50000000000006 124.50000000000001 279.50000000000006 899.50000000000011 1638.5000000000002 843.50000000000011 43.400085480000008 2074.5000000000005 134.50000000000003 136.50000000000003 51.500000000000007 121.50000000000001 8814.5000000000018 39.897539375000008 1.6667044835000002 92.500000000000014 16.235841275000002 4.5000000000000009 221.50000000000003 9455.0000000000018
decision_type=2 2 2 2 2 2 2 2 2 2 2 2 2 2 2 2 2 2 2 2 2 2 2 2 2 2 2 2 2 2
left_child=1 4 3 -2 8 -6 10 -8 19 -10 -5 15 13 16 -11 17 -12 24 -17 20 27 22 -22 25 -9 -23 -3 -1 -18 -16
right_child=2 26 -4 6 5 -7 7 11 9 14 12 -13 -14 -15 29 18 28 -19 -20 -21 21 23 -24 -25 -26 -27 -28 -29 -30 -31
leaf_value=0.031766157011178069 0.031871861826244845 -0.03168371733055949 0.039346688696837301 -0.038084608420809123 0.034276022889968068 -0.01653322517002884 0.040128387398194451 -0.031914450239891659 -0.0033703799114499612 0.032894507047979152 -0.032134325127654545 -0.036136142304395651 -0.031639316273805562 -0.036382350221648471 0.031670573834449156 -0.031641911472415789 -0.031732620041834719 -0.032347537279974629 -0.032162824317718032 0.031924266685097305 0.031664581556637074 0.031789905684505924 0.032566115317965855 0.031947834336375061 -0.031625886925831188 0.031667336705219276 -0.031838821751106708 0.031665501267033908 -0.031638507007129037 0.031752529933991996
leaf_weight=1.5212504193186749 0.99384690076112647 2.1587755642831317 1.3072877526283253 1.069320399314164 2.8610458187758914 2.6833577752113342 2.7338700890541068 1.1832345947623246 1.6001115366816545 1.1719452627003217 1.6073949672281802 1.2040453255176533 913.04062317311764 1.8259830251336087 21.17230943962932 75.360440246760845 1.5935881249606634 1.4871840141713617 0.93419200554489989 1.2798004448413838 9.3136603571474534 1.1854493767023075 2.0586882643401614 1.0711057782173146 1.511470779776573 71.910228352993727 1.0748673900961878 908.49365712702274 24.700455404818058 1.4989089220762242
leaf_count=29 18 43 10 8 38 20 20 22 19 17 29 9 18585 16 424 1532 31 24 16 23 187 23 34 20 31 1442 20 18234 503 29
internal_value=-3.52923e-06 0.0312985 -0.0313209 -0.0314106 0.0314969 0.00968557 -0.0314718 -0.0294034 0.0316152 0.0295281 -0.0316568 -0.0317306 -0.0316495 -0.0319617 0.0317359 -0.0316647 -0.0316724 -0.0319642 -0.0316483 0.0316684 0.0316681 0.0316939 0.0318278 0.0316733 -0.0317526 0.0316693 -0.0317353 0.0316657 -0.0316442 0.031676
internal_weight=2061.61 1031.06 1030.55 1029.25 1027.82 5.5444 1028.25 84.4144 1022.28 25.4433 943.837 81.6806 942.768 29.7274 23.8432 80.4765 27.9014 4.18189 76.2946 996.834 995.554 85.5391 11.3723 74.1668 2.69471 73.0957 3.23364 910.015 26.294 22.6712
internal_count=41456 20602 20854 20844 20539 58 20826 1654 20481 489 19172 1634 19164 579 470 1625 563 77 1548 19992 19969 1706 221 1485 53 1465 63 18263 534 453
is_linear=0
shrinkage=0.03


Tree=76
num_leaves=31
num_cat=0
split_feature=45 36 26 45 8 14 12 8 1 8 52 11 15 23 28 12 51 20 23 26 14 8 2 46 2 37 4 14 16 13
split_gain=2175.39 9.38212 7.03045 4.49045 4.28848 2.92834 3.88503 1.44275 1.72955 0.352829 7.79263 0.14361 1.50657 0.0479315 0.0244886 0.00726338 0.000467836 0.000258765 0.000257761 0.000106382 0.000237963 2.84353e-05 1.88482e-05 1.79597e-05 1.74548e-05 9.02489e-06 6.82014e-06 6.16052e-06 1.25442e-05 1.62501e-05
threshold=389.50000000000006 4.5000000000000009 59.500000000000007 387.50000000000006 221.26923080000003 947.50000000000011 50.500000000000007 242.10410160000004 17.500000000000004 250.72016100000005 87.500000000000014 3145.5000000000005 104.50000000000001 0.033613805500000003 124.50000000000001 56.500000000000007 121.50000000000001 134.50000000000003 0.035159978000000008 93.500000000000014 835.50000000000011 218.60769230000002 10.146700140000002 221.50000000000003 16.235841275000002 0.020412385500000001 229.15909090000005 858.50000000000011 675.50000000000011 713.50000000000011
decision_type=2 2 2 2 2 2 2 2 2 2 2 2 2 2 2 2 2 2 2 2 2 2 2 2 2 2 2 2 2 2
left_child=1 3 4 -1 -2 11 -7 8 -6 10 13 19 -13 -9 17 -8 -14 23 -15 27 22 25 -21 -11 -5 -18 -25 -3 29 -29
right_child=2 5 -4 24 7 6 15 9 -10 14 -12 12 16 18 -16 -17 21 -19 -20 20 -22 -23 -24 26 -26 -27 -28 28 -30 -31
leaf_value=0.03171094008830834 0.031813152608114528 0.031613104229274769 0.039012701808989296 -0.031631221278660047 -0.033601995060893584 -0.017320280024558061 0.034977420421117587 -0.037055275861868943 0.0074751730903420644 -0.031688808713354805 0.033085160693226937 0.0038284603212349216 0.032224170236265212 -0.032061438392286111 -0.03592210061282141 0.031964684421133392 0.031610879640190249 -0.032095148187304412 -0.031589500574207341 0.031617503745401093 0.032138274839902503 0.031786933977283341 0.031762508376387021 -0.03166333293462395 -0.031781287217673176 0.031658903718328114 -0.031588341143166498 0.031640555369671836 0.03161130296934947 0.031758595917407262
leaf_weight=1.4788224436342705 0.96622730791568656 947.18813979625702 1.2793476283550251 2.0983985289931297 1.8128490671515458 2.5684688240289679 1.3436884358525278 1.5265732705593134 1.8783742189407346 1.6067808419466008 1.7544278949499119 1.9271521791815782 1.3045391514897371 1.0803070366382623 1.1753171980381001 1.5521576106548307 11.411618564277893 0.90846522897481818 29.050028786063194 3.6864091008901587 1.1052349805831907 1.0468847565352906 1.0327963493764398 1.0927074216306198 1.0449600853025915 5.0938649103045455 957.60453635454178 5.6950322724878815 11.464317563921211 1.2867894321680067
leaf_count=29 18 19561 10 43 26 16 13 10 22 32 8 17 22 20 9 29 236 16 608 76 19 20 20 22 20 103 20053 116 237 25
internal_value=-3.52497e-06 0.0312433 -0.0312688 -0.0113994 -0.0313587 0.0314408 0.00953942 -0.0314198 -0.0126988 -0.0314891 -0.0284584 0.0315614 0.029094 -0.0318692 -0.0315944 0.0333626 0.0316761 -0.0315891 -0.0316064 0.0316142 0.031742 0.0316353 0.0316492 -0.0315886 -0.0316811 0.0316257 -0.0315884 0.0316134 0.0316306 0.0316623
internal_weight=2004.07 1002.33 1001.74 4.62218 1000.46 997.707 5.46431 999.49 3.69122 995.799 33.4113 992.243 20.7841 31.6569 962.388 2.89585 18.8569 961.212 30.1303 971.459 5.82444 17.5524 4.71921 960.304 3.14336 16.5055 958.697 965.634 18.4461 6.98182
internal_count=41456 20602 20854 92 20844 20510 58 20826 48 20778 646 20452 398 638 20132 42 381 20123 628 20054 115 359 96 20107 63 339 20075 19939 378 141
is_linear=0
shrinkage=0.03


Tree=77
num_leaves=31
num_cat=0
split_feature=45 48 26 8 14 52 8 1 8 52 11 15 23 28 17 51 22 23 8 46 8 10 23 37 14 17 18 18 16 16
split_gain=2107.48 13.4391 6.8056 4.15469 2.90272 3.8137 1.44639 1.6781 0.350251 7.5362 0.147541 1.50444 0.0433497 0.0222089 0.000476032 0.00042687 0.000235934 0.000235609 2.5884e-05 1.63431e-05 1.34112e-05 1.15903e-05 9.85682e-06 8.21613e-06 5.51269e-06 1.29932e-05 1.94878e-05 8.97796e-06 5.1251e-06 5.34114e-06
threshold=389.50000000000006 25.500000000000004 59.500000000000007 221.26923080000003 947.50000000000011 86.500000000000014 242.10410160000004 17.500000000000004 250.72016100000005 87.500000000000014 3145.5000000000005 104.50000000000001 0.033613805500000003 124.50000000000001 142.50000000000003 121.50000000000001 134.50000000000003 0.035159978000000008 218.60769230000002 221.50000000000003 234.56818180000002 470.50000000000006 0.024023346000000004 0.020412385500000001 858.50000000000011 125.50000000000001 185.50000000000003 180.50000000000003 701.50000000000011 662.50000000000011
decision_type=2 2 2 2 2 2 2 2 2 2 2 2 2 2 2 2 2 2 2 2 2 2 2 2 2 2 2 2 2 2
left_child=1 4 3 -2 10 -6 7 -5 9 12 14 -12 -8 16 22 -13 19 -14 23 -10 -3 -22 -1 -17 -24 26 -26 -27 29 -25
right_child=2 20 -4 6 5 -7 8 -9 13 -11 11 15 17 -15 -16 18 -18 -19 -20 -21 21 -23 24 28 25 27 -28 -29 -30 -31
leaf_value=0.031610281143715231 0.031756387403210573 -0.031540047319968532 0.038692391885356781 -0.033492332342537526 0.034202502805859444 -0.016332349432010385 -0.036799439885546237 0.007260137658656198 -0.031636161051357366 0.032382459579981419 0.003724028180337046 0.032154793086154008 -0.031997651427375956 -0.035716634827194248 0.032148772683300866 0.031560755554575201 -0.032029705950407258 -0.031540074095866358 0.031731120195737726 -0.031539035575264524 -0.031744127720931936 -0.031600882525489579 0.031562821910481431 0.031646050877766341 0.031582418215348823 0.031631796673234798 0.031742965828206543 0.031559643862001267 0.031653021050466183 0.031563185667003495
leaf_weight=4.0095645226538172 0.93932176008820434 1.0217426307499402 1.2516592890024174 1.7649445943534368 2.7393706552684298 2.638615645468235 1.4915994033217455 1.8760253638029096 1.5618490166962136 1.7389595508575428 1.921840794384482 1.2686744332313562 1.0504375174641634 1.1470433771610249 1.2517167814075936 11.091676808893686 0.88339012488722701 28.234982155263424 1.0177046619355667 931.79843985661864 1.0277078077197077 1.0059842169284818 922.28563261404634 0.98050020635127966 2.0451445877552064 1.7572369650006283 1.0197350494563577 13.29395357146859 1.5232300348579881 2.4475474618375301
leaf_count=83 18 22 10 26 35 23 10 22 32 8 17 22 20 9 21 236 16 608 20 20075 20 21 19597 20 43 36 20 283 31 52
internal_value=-3.52892e-06 0.0311899 -0.0312164 -0.0313064 0.0313875 0.00940845 -0.0313674 -0.0124944 -0.0314384 -0.0283775 0.0315099 0.0289762 -0.0318106 -0.0315448 0.0315641 0.0316239 -0.0315397 -0.0315565 0.0315844 -0.0315392 -0.0316287 -0.0316733 0.0315633 0.0315751 0.0315631 0.0315795 0.0316358 0.0315681 0.0316072 0.0315869
internal_weight=1948.09 974.348 973.739 972.487 971.292 5.37799 971.548 3.64097 967.907 32.516 965.914 20.2512 30.777 935.391 945.663 18.3293 934.244 29.2854 17.0607 933.36 3.05543 2.03369 944.411 16.043 940.402 18.1161 3.06488 15.0512 4.95128 3.42805
internal_count=41456 20602 20854 20844 20539 58 20826 48 20778 646 20481 398 638 20132 20083 381 20123 628 359 20107 63 41 20062 339 19979 382 63 319 103 72
is_linear=0
shrinkage=0.03


Tree=78
num_leaves=31
num_cat=0
split_feature=45 48 26 14 14 42 4 32 4 52 11 15 23 28 18 2 51 7 20 26 14 19 13 4 2 28 13 36 23 1
split_gain=2041.77 13.0198 6.58857 4.02526 2.88531 3.72056 0.849649 5.01084 0.168267 6.46201 0.151542 1.50222 0.0368159 0.020148 0.0102094 0.00055657 0.000389519 0.000382923 0.000215305 9.0027e-05 0.000196904 6.25501e-05 1.74434e-05 1.49227e-05 1.44626e-05 1.19758e-05 1.16262e-05 1.14488e-05 1.03339e-05 6.64565e-06
threshold=389.50000000000006 25.500000000000004 59.500000000000007 687.50000000000011 947.50000000000011 0.090909091500000011 241.90757860000002 1.5000000000000002 250.15070310000002 87.500000000000014 3145.5000000000005 104.50000000000001 0.033613805500000003 124.50000000000001 259.50000000000006 11.461884285000002 121.50000000000001 11388.500000000002 134.50000000000003 93.500000000000014 835.50000000000011 320.50000000000006 687.50000000000011 213.79772725000004 16.235841275000002 10.500000000000002 780.50000000000011 4.5000000000000009 0.036900996000000012 16.500000000000004
decision_type=2 2 2 2 2 2 2 2 2 2 2 2 2 2 2 2 2 2 2 2 2 2 2 2 2 2 2 2 2 2
left_child=1 4 3 -2 10 -6 7 -5 9 12 19 -12 -8 18 -9 21 -13 -17 25 27 22 -14 -21 26 -3 -10 -18 -1 -16 -25
right_child=2 24 -4 6 5 -7 8 14 13 -11 11 16 15 -15 28 17 23 -19 -20 20 -22 -23 -24 29 -26 -27 -28 -29 -30 -31
leaf_value=0.031602204977038292 0.031701494171896438 -0.03153131650802897 0.038385084933644606 0.029957202308755156 0.034021659157351405 -0.016249064875916361 -0.036369078225202897 -0.03471452604956108 -0.031605982215555752 0.030775652191206506 0.0036221801591326901 0.032087695028204931 -0.031737826699487104 -0.035519317539627726 -0.031601774440650071 -0.032262131815174441 0.031517049478314192 -0.031612306461100262 -0.031966415214527151 0.031661900400508057 0.032006928615311576 -0.03149243384227457 0.031518840925428053 0.031557475825479457 -0.031671843062081213 -0.03149111150611373 0.031618085787055709 0.031514660273592274 -0.031494614475260585 0.031667766445733644
leaf_weight=1.3464234769344319 0.91311519593000312 1.98235735297203 1.2242441847920407 1.4021356403827647 2.6905547305941573 2.6107035279273987 1.459705963730811 1.0452266708016393 0.81757647916674514 1.5405059903860081 1.9166821688413644 1.2337150722742105 0.9568791463971128 1.1192332357168187 0.95641026273369778 1.4757286645472043 13.505905572324993 1.8259528838098047 0.85895371809601684 0.98011765629053016 1.0452490039169786 40.626026529818773 3.5291233733296394 0.981344524770974 0.98746236413717259 884.97029178217053 1.1091813966631878 912.20728989318013 5.2877128012478352 0.98547512665390968
leaf_count=28 18 43 10 15 38 20 11 11 17 7 17 22 20 9 20 25 295 39 16 20 19 900 77 21 20 19619 23 19939 117 20
internal_value=-3.53347e-06 0.0311378 -0.0311656 -0.0312557 0.0313351 0.0092649 -0.0313166 -0.02198 -0.0314033 -0.0296711 0.0314597 0.0288584 -0.0316803 -0.0314968 -0.0319704 -0.0315278 0.0315734 -0.0319028 -0.0314917 0.0315155 0.0316359 -0.0314981 0.0315499 0.0315352 -0.031578 -0.0314912 0.0315247 0.0315148 -0.031511 0.0316127
internal_weight=1893.59 947.112 946.48 945.255 944.142 5.30126 944.342 8.69149 935.651 47.8848 938.841 19.7323 46.3443 887.766 7.28935 44.8846 17.8156 3.30168 886.647 919.108 5.55449 41.5829 4.50924 16.5819 2.96982 885.788 14.6151 913.554 6.24412 1.96682
internal_count=41456 20602 20854 20844 20539 58 20826 163 20663 1002 20481 398 995 19661 148 984 381 64 19652 20083 116 920 97 359 63 19636 318 19967 137 41
is_linear=0
shrinkage=0.03


Tree=79
num_leaves=31
num_cat=0
split_feature=45 48 26 14 17 7 4 32 4 23 11 15 28 14 18 15 14 51 23 7 20 28 4 36 28 4 23 13 1 14
split_gain=1978.25 12.6142 6.37928 3.90021 2.87126 3.80953 0.83113 4.84774 0.167576 2.58795 0.132108 1.52491 0.0182818 0.0106448 0.00929542 0.00429742 0.000867345 0.000353702 0.000236601 0.000569835 0.000196342 5.01604e-05 1.44803e-05 1.1775e-05 1.08974e-05 1.05098e-05 9.40615e-06 8.73162e-06 7.21702e-06 5.31201e-06
threshold=389.50000000000006 25.500000000000004 59.500000000000007 687.50000000000011 139.50000000000003 10124.000000000002 241.90757860000002 1.5000000000000002 250.15070310000002 0.033978040500000008 3145.5000000000005 104.50000000000001 124.50000000000001 933.50000000000011 259.50000000000006 138.50000000000003 888.50000000000011 121.50000000000001 0.036320283500000008 11388.500000000002 134.50000000000003 62.500000000000007 213.79772725000004 4.5000000000000009 10.500000000000002 237.16120720000001 0.036900996000000012 780.50000000000011 16.500000000000004 858.50000000000011
decision_type=2 2 2 2 2 2 2 2 2 2 2 2 2 2 2 2 2 2 2 2 2 2 2 2 2 2 2 2 2 2
left_child=1 4 3 -2 10 -6 7 -5 9 -8 16 -12 20 17 -9 -7 23 -13 19 -11 24 -21 27 -1 -10 -3 -16 -19 -24 -25
right_child=2 25 -4 6 5 15 8 14 12 18 11 13 -14 -15 26 -17 -18 22 -20 21 -22 -23 28 29 -26 -27 -28 -29 -30 -31
leaf_value=0.031556054672773136 0.031648407931097633 -0.031465193211237877 0.038090161783484615 0.02965496581205938 -0.017043628815017312 0.03415646569911323 -0.0028960545921588223 -0.034560981758175506 -0.031556032223302673 -0.032137624429218567 0.0035228652895135664 0.032022793509812374 -0.035329759892712163 0.034712166970470193 -0.031551978849218724 0.031848624123709222 0.032214334892927882 0.031471271252292987 -0.031445371463331873 -0.031689518196839635 -0.03190520002032813 -0.031443925220872047 0.031509113776986397 0.031467341609818726 -0.031444885702248099 -0.031580361636645418 -0.031448276782219994 0.031562125404164525 0.031627013283235111 0.031484852446307457
leaf_weight=1.3581718131899823 0.88759249448776145 1.2867468595504754 1.1971217431128014 1.3743553385138492 2.5647265948355189 1.2488036789000037 3.0515694394707671 1.0187737755477426 0.79465037956833739 1.5779325403273095 1.9116720929741884 1.1996431462466777 1.0918942838907231 0.99925029650330444 0.92958675697445858 1.73514037579298 1.4028281420469273 12.914226297289131 36.74671458825469 0.90650703012943257 0.83514298871159454 4.2930969223380089 0.95378103852271923 873.60211418196559 860.05888826772571 1.5997146926820276 5.1388840936124325 1.0277915224432934 0.91609473153948784 15.874811820685862
leaf_count=29 18 29 10 15 25 14 19 11 17 28 17 22 9 12 20 34 29 290 838 19 16 98 21 19651 19619 34 117 22 19 354
internal_value=-3.53574e-06 0.0310872 -0.0311177 -0.0312079 0.0312841 0.00976888 -0.0312686 -0.0219099 -0.0313557 -0.0296029 0.031415 0.0289989 -0.0314504 0.0317029 -0.0319093 0.0328145 0.031469 0.0315262 -0.0314754 -0.0316383 -0.0314454 -0.0314867 0.0314885 0.0314678 -0.031445 -0.031529 -0.0314642 0.031478 0.0315669 0.0314677
internal_weight=1840.5 920.596 919.903 918.706 917.709 5.54867 917.818 8.4616 909.356 46.5758 912.16 19.9225 862.781 18.0108 7.08724 2.98394 892.238 17.0115 43.5243 6.77754 861.689 5.1996 15.8119 890.835 860.854 2.88646 6.06847 13.942 1.86988 889.477
internal_count=41456 20602 20854 20844 20539 73 20826 163 20663 1002 20466 403 19661 386 148 48 20063 374 983 145 19652 117 352 20034 19636 63 137 312 40 20005
is_linear=0
shrinkage=0.03


Tree=80
num_leaves=31
num_cat=0
split_feature=45 48 26 8 17 2 8 1 8 24 11 15 28 11 0 42 25 22 11 8 51 4 46 2 8 36 15 4 24 8
split_gain=1916.74 12.2218 6.17689 3.77902 2.84976 3.76074 1.3796 1.53852 0.353269 3.16746 0.13669 1.52199 0.0165915 0.00399692 0.00351856 0.0021577 0.000194112 0.000178915 0.00010939 0.00118855 5.56966e-05 1.38051e-05 1.3415e-05 1.20114e-05 1.07787e-05 1.07401e-05 4.76573e-06 4.69963e-06 3.87116e-06 2.80439e-06
threshold=389.50000000000006 25.500000000000004 59.500000000000007 221.26923080000003 139.50000000000003 10.795094760000003 242.10410160000004 17.500000000000004 250.72016100000005 0.055844639500000008 3145.5000000000005 104.50000000000001 124.50000000000001 3239.5000000000005 46.500000000000007 0.061146010000000008 0.035159978000000008 134.50000000000003 3118.5000000000005 216.48074325000002 121.50000000000001 213.79772725000004 221.50000000000003 16.235841275000002 215.64990570000003 4.5000000000000009 107.50000000000001 229.15909090000005 0.044495522000000003 234.56818180000002
decision_type=2 2 2 2 2 2 2 2 2 2 2 2 2 2 2 2 2 2 2 2 2 2 2 2 2 2 2 2 2 2
left_child=1 4 3 -2 10 15 7 -5 9 -8 18 -12 17 20 -15 -6 -11 22 25 24 -13 26 -10 29 -20 -1 -22 -24 -27 -3
right_child=2 23 -4 6 5 -7 8 -9 12 16 11 13 -14 14 -16 -17 -18 -19 19 -21 21 -23 27 -25 -26 28 -28 -29 -30 -31
leaf_value=0.031507723657851476 0.031597063045220225 -0.031401126118388197 0.03780702507232582 -0.033197314647820698 0.031672503375093891 -0.017562007588805502 0.00049643231802877421 0.0070865918866808535 -0.031492049857848439 -0.031833900258842175 0.0034260339159689975 0.031678082253317787 -0.035147595458735581 0.031607046436338951 0.033750347462878603 0.033294526166138622 -0.03140119053283482 -0.03184598453866809 0.031421466058349772 0.032597808338996906 0.031487179955212517 0.031520868467868945 -0.031466109122346139 -0.031569536113424855 0.031529312333608443 0.031457696209021904 0.03142212049869253 -0.031400215042010758 0.031421970377258808 -0.03147455705977114
leaf_weight=1.3200230188667763 0.86273876577615638 0.93781899288296633 1.1703098788857449 1.6370704770088189 1.6072193644940846 2.4902581498026848 3.1243562102317837 1.7821271419525144 1.4363450407981861 0.96788902953267353 1.9068064540624643 0.93708454072475689 1.0650326907634724 1.3537346683442586 1.40461128950119 1.3649605028331278 25.91647120565176 0.81194502115249534 10.019939530640835 0.84569248929619867 1.1155489571392525 1.6372227557003487 0.9752335399389257 0.93297484144568432 0.90979025512933809 2.7385030575096598 11.058905601501463 854.33000343665481 851.269073266536 0.93451593071222305
leaf_count=29 18 22 10 26 33 20 18 22 32 20 17 19 9 30 20 20 608 16 232 17 25 36 22 20 20 62 256 20053 19703 21
internal_value=-3.52976e-06 0.031038 -0.0310695 -0.0311598 0.0312346 0.00963241 -0.0312205 -0.0122009 -0.0312937 -0.0280941 0.0313677 0.0288782 -0.0314055 0.0316503 0.0326985 0.0324174 -0.0314168 -0.0314009 0.0314235 0.0315143 0.0314543 0.0314391 -0.0314004 -0.0314816 0.0314304 0.0314222 0.0314281 -0.0314003 0.0314221 -0.0314378
internal_weight=1788.86 894.785 894.08 892.909 891.979 5.46244 892.046 3.4192 888.627 30.0087 886.517 19.4139 858.619 17.5071 2.75835 2.97218 26.8844 857.554 867.103 11.7754 14.7488 13.8117 856.742 2.80531 10.9297 855.328 12.1745 855.305 854.008 1.87233
internal_count=41456 20602 20854 20844 20539 73 20826 48 20778 646 20466 403 20132 386 50 53 628 20123 20063 269 336 317 20107 63 252 19794 281 20075 19765 43
is_linear=0
shrinkage=0.03


Tree=81
num_leaves=31
num_cat=0
split_feature=45 48 26 4 14 12 4 32 4 52 11 15 23 28 18 12 2 5 51 20 26 14 13 14 13 4 2 28 36 13
split_gain=1857.18 11.8421 5.98116 3.30123 2.85152 3.53101 0.835899 4.63832 0.176426 6.24441 0.164171 1.49488 0.0342912 0.0150629 0.00782166 0.00495636 0.00050298 0.000421063 0.000296378 0.000163314 9.51094e-05 0.000193233 4.73091e-05 3.24052e-05 2.21273e-05 1.13114e-05 1.09378e-05 9.03072e-06 8.61911e-06 8.45263e-06
threshold=389.50000000000006 25.500000000000004 59.500000000000007 213.01190475000001 947.50000000000011 50.500000000000007 241.90757860000002 1.5000000000000002 250.15070310000002 87.500000000000014 3145.5000000000005 104.50000000000001 0.033613805500000003 124.50000000000001 259.50000000000006 56.500000000000007 11.461884285000002 2074.5000000000005 121.50000000000001 134.50000000000003 93.500000000000014 835.50000000000011 807.50000000000011 1055.5000000000002 687.50000000000011 213.79772725000004 16.235841275000002 10.500000000000002 4.5000000000000009 780.50000000000011
decision_type=2 2 2 2 2 2 2 2 2 2 2 2 2 2 2 2 2 2 2 2 2 2 2 2 2 2 2 2 2 2
left_child=1 4 3 -2 10 -6 7 -5 9 12 20 -12 -8 19 -9 -7 22 23 -13 27 28 24 -14 -18 -22 29 -3 -10 -1 -20
right_child=2 26 -4 6 5 15 8 14 13 -11 11 18 16 -15 -16 -17 17 -19 25 -21 21 -23 -24 -25 -26 -27 -28 -29 -30 -31
leaf_value=0.031457502279994873 0.025412107875695478 -0.031393286757998747 0.037535122219892435 0.029434471668083891 -0.017266635798313223 0.034362770253252788 -0.036134925637336078 -0.03428788774684291 -0.031460982904843532 0.030152837861504141 0.0033316358330204411 0.031899262390561754 -0.031566854302219415 -0.034972471999996327 -0.031372771201702461 0.031740934562976809 -0.031344783944559806 -0.032188919182662978 0.03138025887023356 -0.031788700100305017 0.031549017008640053 0.03188834269742722 -0.031358131478766954 -0.031598385567173218 0.03138198028085646 0.03146706419903917 -0.031520825752213565 -0.03135687698203217 0.031378225649437486 0.031470211963520317
leaf_weight=1.2361047491431225 0.92894476279616256 1.8195352219045156 1.1438243873417366 1.3386998921632756 2.4368342757225028 1.2279527299106123 1.4199505373835553 0.97100218012928952 0.7506115585565557 1.5289951860904683 1.9020813032984758 1.1342414319515253 1.0037410929799069 1.0386533737182606 5.639800775796175 1.3761847242712972 0.90322135016322069 1.2428767085075376 12.395277734845875 0.78934689983725448 0.91547710448503394 0.97360822185873974 37.163191735744476 0.91070696711540222 3.239177830517292 1.8055787906050671 0.90677928924560536 812.21187967061996 837.27125674858689 1.0173232220113266
leaf_count=28 20 43 10 15 16 13 11 11 17 7 17 22 23 9 135 29 22 22 295 16 20 19 897 20 77 41 20 19619 19939 23
internal_value=-3.52737e-06 0.0309903 -0.0310213 -0.0311117 0.0311866 0.00868906 -0.0311723 -0.0214889 -0.0312619 -0.0294153 0.0313182 0.0285035 -0.0315512 -0.031362 -0.0318009 0.0329772 -0.0313933 -0.0317636 0.0314314 -0.0313574 0.0313791 0.0315079 -0.0313636 -0.0314721 0.0314188 0.0313966 -0.0314357 -0.031357 0.0313783 0.0313871
internal_weight=1738.64 869.657 868.985 867.842 866.931 5.04097 866.913 7.9495 858.963 44.1727 861.89 18.2545 42.6437 814.79 6.6108 2.60414 41.2237 3.05681 16.3524 813.752 843.636 5.12826 38.1669 1.81393 4.15465 15.2182 2.72631 812.962 838.507 13.4126
internal_count=41456 20602 20854 20844 20539 58 20824 161 20663 1002 20481 398 995 19661 146 42 984 64 381 19652 20083 116 920 42 97 359 63 19636 19967 318
is_linear=0
shrinkage=0.03


Tree=82
num_leaves=31
num_cat=0
split_feature=45 26 23 8 45 5 12 8 24 4 8 52 20 16 19 23 28 2 2 13 18 5 12 42 23 15 20 2 13 19
split_gain=1799.64 5.79256 4.87838 3.56908 3.1535 2.74639 4.44235 1.34905 1.46872 1.27806 0.358911 6.79604 0.250751 0.0614279 1.9526 0.0329002 0.0136765 0.00401229 0.00323825 0.000835053 0.00152261 0.00145718 0.000720717 0.000513034 0.000162623 0.000149516 0.000148833 0.000131264 0.00437109 8.4859e-05
threshold=389.50000000000006 59.500000000000007 0.021258515000000002 221.26923080000003 387.50000000000006 1829.5000000000002 50.500000000000007 242.10410160000004 0.056490032000000003 247.53168870000005 250.72016100000005 87.500000000000014 20.500000000000004 668.50000000000011 267.50000000000006 0.033613805500000003 124.50000000000001 11.100464350000001 9.7158385090000028 767.50000000000011 187.50000000000003 1620.5000000000002 49.500000000000007 0.092231049500000009 0.035159978000000008 120.50000000000001 134.50000000000003 11.619007685000001 604.50000000000011 297.50000000000006
decision_type=2 2 2 2 2 2 2 2 2 2 2 2 2 2 2 2 2 2 2 2 2 2 2 2 2 2 2 2 2 2
left_child=2 3 4 -2 -1 12 -7 8 -5 -6 11 15 -4 19 -15 -9 26 25 23 22 21 -21 27 -8 -17 -16 -12 29 -29 -14
right_child=1 -3 5 7 9 6 18 10 -10 -11 16 -13 13 14 17 24 -18 -19 -20 20 -22 -23 -24 -25 -26 -27 -28 28 -30 -31
leaf_value=0.031477932469710077 0.031508573623145152 0.03727392607016481 0.019493556852900933 0.0078951480494367267 -0.031330781516055242 -0.023188834276166359 0.031319546030855287 -0.036078275237717963 -0.032188924923052607 0.011933322725736667 -0.031315266621354587 0.030443816607292611 0.031336330426688513 -0.00017817529635157209 0.031340661870149306 -0.031723304284047057 -0.034804064046453913 0.033324826666973867 0.033744491798118267 0.031584925014061141 0.031352003042888148 0.033171904694783372 0.032037583145494444 0.03228597979541592 -0.031315922308096843 0.031752336486124619 -0.031733274463587306 0.031338027329299162 0.03360024087082443 0.031624684221456527
leaf_weight=1.849287949502467 0.81951450929045577 1.1176798790693272 1.6286807805299748 1.6609736122190946 2.0725805237889294 2.1866058483719817 1.1265147440135486 1.3853354752063811 1.6300830729305742 0.87352856993675221 809.01480365544558 1.6905443221330632 745.49444779753685 1.827968630939721 48.716417979449034 0.91487469896674412 1.0127599239349354 0.94101537019014259 1.1422130987048147 1.0798616185784333 4.0383778065443039 1.005701247602701 1.3316114246845234 0.88096438720822323 24.472028471529484 0.80715633928775687 0.76733591035008331 26.483909353613857 0.79169455543160339 0.91965357959270377
leaf_count=42 18 10 38 19 51 17 28 10 29 20 20107 8 18266 38 1191 20 9 17 15 25 98 15 28 16 608 18 16 648 10 21
internal_value=-3.53243e-06 -0.0309773 0.0309441 -0.0310677 0.000771634 0.0311163 0.00966275 -0.0311286 -0.0119588 -0.0185029 -0.0312038 -0.0278926 0.0312534 0.0312764 0.0302809 -0.0315763 -0.03132 0.0313842 0.0324692 0.031343 0.0316919 0.0323502 0.0313402 0.0317437 -0.0313306 0.0313474 -0.0313157 0.031339 0.0314037 0.0313367
internal_weight=1689.68 844.486 845.198 843.368 4.7954 840.403 5.3363 842.549 3.29106 2.94611 839.258 28.4628 835.066 833.438 52.2926 26.7722 810.795 50.4646 3.14969 781.145 6.12394 2.08556 775.021 2.00748 25.3869 49.5236 809.782 773.69 27.2756 746.414
internal_count=41456 20854 20602 20844 113 20489 76 20826 48 71 20778 646 20413 20375 1264 638 20132 1226 59 19111 138 40 18973 44 628 1209 20123 18945 658 18287
is_linear=0
shrinkage=0.03


Tree=83
num_leaves=31
num_cat=0
split_feature=49 48 28 17 7 11 15 1 52 6 14 28 15 14 16 13 11 14 20 10 1 10 39 51 11 19 24 41 10 36
split_gain=1739.03 16.684 5.61877 2.97252 3.61692 0.416391 2.81507 0.386464 12.9977 0.0350935 0.0144169 0.0120502 0.00347972 0.00337793 0.00186763 0.0137054 0.00141072 0.000760121 0.000129167 8.81352e-05 7.20695e-05 6.55314e-05 0.00119097 3.5209e-05 1.66524e-05 1.09866e-05 8.91178e-06 7.00738e-06 4.42423e-06 4.23757e-06
threshold=116.50000000000001 24.500000000000004 357.00000000000006 138.50000000000003 10124.000000000002 3145.5000000000005 104.50000000000001 17.500000000000004 87.500000000000014 40.053418805000007 757.50000000000011 124.50000000000001 136.50000000000003 923.50000000000011 653.50000000000011 791.50000000000011 3761.5000000000005 888.50000000000011 134.50000000000003 843.50000000000011 18.500000000000004 804.50000000000011 0.052638030500000009 121.50000000000001 3782.5000000000005 269.50000000000006 0.043277414000000007 0.18108108750000004 864.50000000000011 4.5000000000000009
decision_type=2 2 2 2 2 2 2 2 2 2 2 2 2 2 2 2 2 2 2 2 2 2 2 2 2 2 2 2 2 2
left_child=1 3 7 5 -5 17 -7 14 11 13 27 16 -6 23 15 -2 -9 26 19 20 -18 22 -16 -8 -22 -25 -1 -3 -27 -28
right_child=2 10 -4 4 12 6 9 8 -10 -11 -12 -13 -14 -15 21 -17 18 -19 -20 -21 24 -23 -24 25 -26 28 29 -29 -30 -31
leaf_value=0.031374673517912746 -0.0312765393188199 -0.031323103421398601 0.037022937911180151 -0.017427763311878234 0.033857212332603789 -0.0045279023733466881 0.031511283583832303 -0.032321280470338117 0.038505662445890196 0.025295567299816808 -0.035512444691135132 -0.034642065556577485 0.03166365963015072 0.032923385251252289 -0.032352978453108354 -0.034316477759013288 -0.031288167406580379 0.032032210083493738 -0.031679645737581752 -0.031274898066306428 -0.031653803548713062 -0.031274543549533233 -0.031274100807414974 0.031391048500995077 -0.03147059733307208 0.031296600326120153 0.031364167225464937 -0.03142073315312259 0.031357574461548569 0.031294625392431108
leaf_weight=1.2558611221611489 10.9945992231369 1.4906127899885173 1.0918891206383694 2.513875935226678 1.0886592194437983 2.2725942730903652 0.85222971811890502 1.2075482532382 2.480315074324607 0.87883188948035318 1.0507448799908159 0.98735484480857749 1.6184973642230032 1.2992016226053245 0.97361497581005352 1.5192034691572178 1.6576395295560351 1.2601420432329167 0.7458992712199678 65.10297941789031 0.89928555861115456 712.60713211074471 16.998743586242199 1.4228986650705326 0.88686935603618622 10.560068961232899 0.78940442949533363 1.1897853277623653 1.191879741847514 793.2192260697484
leaf_count=30 281 37 10 26 13 20 19 23 20 15 18 9 35 24 19 21 42 29 16 1665 20 18229 435 34 21 266 19 28 29 20003
internal_value=-3.54155e-06 0.0307602 -0.0309855 0.0310482 0.00848401 0.0311927 0.0267406 -0.0310763 -0.0290084 0.0311256 -0.032534 -0.0313508 0.0325458 0.03146 -0.0312822 -0.0316456 -0.0313047 0.031296 -0.031287 -0.0312827 -0.0314306 -0.031276 -0.0313325 0.0313244 -0.0315628 0.0313123 0.0312948 -0.0313664 0.0313028 0.0312947
internal_weight=1642.11 823.955 818.153 820.223 5.22103 815.002 18.4777 817.061 73.9679 16.2051 3.73114 71.4876 2.70716 15.3263 743.093 12.5138 70.5002 796.525 69.2927 68.5468 3.44379 730.579 17.9724 14.0271 1.78615 13.1748 795.264 2.6804 11.7519 794.009
internal_count=41456 20645 20811 20562 74 20488 407 20801 1816 387 83 1796 48 372 18985 302 1787 20081 1764 1748 83 18683 454 348 41 329 20052 65 295 20022
is_linear=0
shrinkage=0.03


Tree=84
num_leaves=31
num_cat=0
split_feature=45 48 27 8 14 52 8 1 8 52 14 8 15 14 23 20 13 18 14 20 23 27 2 18 4 46 24 7 6 10
split_gain=1690.05 10.884 5.43434 3.3526 2.79754 3.34193 1.28763 1.4136 0.351778 6.3815 0.163443 0.845529 0.20935 0.688829 0.0271725 0.0112474 0.000742599 0.00145158 0.00129334 0.000455206 0.000135864 4.82778e-05 1.20641e-05 1.14896e-05 1.65624e-05 8.53802e-06 7.9787e-06 5.76299e-06 9.37987e-05 1.45916e-05
threshold=389.50000000000006 25.500000000000004 1092.5000000000002 221.26923080000003 947.50000000000011 86.500000000000014 242.10410160000004 17.500000000000004 250.72016100000005 87.500000000000014 866.50000000000011 219.92403845000004 104.50000000000001 879.50000000000011 0.033613805500000003 140.50000000000003 767.50000000000011 187.50000000000003 735.50000000000011 135.50000000000003 0.035159978000000008 18697.000000000004 16.235841275000002 192.50000000000003 210.34118625000005 221.50000000000003 0.043277414000000007 8920.5000000000018 39.772115385000006 664.50000000000011
decision_type=2 2 2 2 2 2 2 2 2 2 2 2 2 2 2 2 2 2 2 2 2 2 2 2 2 2 2 2 2 2
left_child=1 4 3 -2 10 -6 7 -5 9 14 16 12 13 -12 -8 19 26 18 -18 25 -16 23 -3 -14 -25 -10 -1 -28 29 -29
right_child=2 22 -4 6 5 -7 8 -9 15 -11 11 -13 21 -15 20 -17 17 -19 -20 -21 -22 -23 -24 24 -26 -27 27 28 -30 -31
leaf_value=0.031332216509613431 0.031416755026256245 -0.031278845637861097 0.036781694478642039 -0.033009831582407917 0.033553209126061322 -0.016713143587816767 -0.035668625562164998 0.0071366467263411669 -0.0313129278278233 0.029426237997844659 0.031250737692693313 -8.4174836317108391e-05 0.03125611595540103 0.00029521223516612853 -0.03161905060720361 -0.034798003773287116 0.031490507593368446 0.031277375665564003 0.032957676775256975 -0.031964415679351245 -0.031235961486275794 0.031511660145013033 -0.031417769154152786 0.031281789658237663 0.031426261329688947 -0.03123533918250547 0.031254636215774748 0.031324265394672375 0.031596037458047607 0.031256979301305138
leaf_weight=1.2203713543713082 0.77413474395871062 1.6797058731317513 1.0664635188877571 1.5046530365943902 2.3532620705664149 2.4089065194129944 1.3214880749583304 1.6604597046971319 1.2785881236195553 1.6491831690073002 2.4204337559640474 0.88939791545271774 10.950500942766661 0.88297078013420094 0.86436847224831836 0.79874888062477012 1.0998389571905129 4.8486553281545639 1.063760709017515 0.77178768441080947 23.10280828922987 0.7967434227466591 0.84589885175228108 3.0496267303824438 0.93255897611379612 762.65435557439923 695.5883915387094 3.0395600125193587 0.75633620098233123 63.471464406698942
leaf_count=30 18 43 10 26 35 23 10 22 32 8 63 14 284 10 20 7 27 124 17 15 608 18 20 78 22 20078 18054 77 18 1645
internal_value=-3.53588e-06 0.0308537 -0.0308937 -0.0309844 0.0310511 0.00812636 -0.0310451 -0.0119485 -0.0311213 -0.0277519 0.0311891 0.0285062 0.0298422 0.0229766 -0.0314807 -0.0312399 0.0312584 0.0315657 0.0322119 -0.0312362 -0.0312498 0.0312841 -0.0313254 0.031272 0.0313156 -0.0312355 0.0312556 0.0312554 0.0312638 0.0312601
internal_weight=1595.75 798.298 797.447 796.381 795.773 4.76217 795.606 3.16511 792.441 26.9378 791.011 19.9222 19.0328 3.3034 25.2887 765.503 771.088 7.01225 2.1636 764.705 23.9672 15.7294 2.5256 14.9327 3.98219 763.933 764.076 762.856 67.2674 66.511
internal_count=41456 20602 20854 20844 20539 58 20826 48 20778 646 20481 489 475 73 638 20132 19992 168 44 20125 628 402 63 384 100 20110 19824 19794 1740 1722
is_linear=0
shrinkage=0.03


Tree=85
num_leaves=31
num_cat=0
split_feature=45 48 26 8 14 42 24 8 24 11 15 28 17 8 23 20 8 46 24 10 18 17 26 19 14 17 18 18 36 6
split_gain=1637.84 10.5474 5.26397 3.28712 2.77604 3.26126 2.32982 0.348902 2.8938 0.183847 1.53969 0.0102502 0.000431981 0.000279816 0.000124216 0.000112719 1.01313e-05 7.77847e-06 7.41709e-06 6.82816e-06 6.09326e-06 9.62518e-06 4.80161e-06 3.01319e-06 2.96323e-06 7.1851e-06 1.0804e-05 4.46033e-06 3.56792e-06 2.53789e-06
threshold=389.50000000000006 25.500000000000004 59.500000000000007 242.10410160000004 947.50000000000011 0.090909091500000011 0.055692562500000008 250.72016100000005 0.055844639500000008 3145.5000000000005 104.50000000000001 124.50000000000001 142.50000000000003 219.16228895000003 0.035159978000000008 134.50000000000003 234.56818180000002 221.50000000000003 0.043277414000000007 470.50000000000006 192.50000000000003 128.50000000000003 61.500000000000007 269.50000000000006 858.50000000000011 125.50000000000001 185.50000000000003 180.50000000000003 4.5000000000000009 41.957503270000011
decision_type=2 2 2 2 2 2 2 2 2 2 2 2 2 2 2 2 2 2 2 2 2 2 2 2 2 2 2 2 2 2
left_child=1 4 3 6 9 -6 -2 8 -5 12 -11 15 18 20 -10 17 -3 -9 -1 -18 23 -22 -23 -12 28 26 -26 -27 -20 -19
right_child=2 16 -4 7 5 -7 -8 11 14 10 13 -13 -14 -15 -16 -17 19 29 24 -21 21 22 -24 -25 25 27 -28 -29 -30 -31
leaf_value=0.031291124428582714 0.022703984991009309 -0.03119787501766829 0.036549746106273727 0.00045912583584634267 0.033406599594353166 -0.016616259730069388 -0.024126130043527084 -0.031272473770619653 -0.031569503045640102 0.0021647223328559602 0.031261871663757712 -0.034335606570614824 0.031820411794039612 0.031783178135463948 -0.031197952825240322 -0.031577105620940127 -0.03138778719283096 -0.031236108454561682 0.031281373379881572 -0.031265417625612531 0.031324123043599113 0.03121890604982204 0.031300129982632166 0.031212210140264214 0.031231654315719195 0.031270258958191625 0.031365286731299118 0.031213270738343464 0.031215706132849325 -0.031197265746423047
leaf_weight=1.1858357116579998 1.7165028452873223 0.81225747987627928 1.0414131022989739 2.922441408038142 2.3099220879375926 2.3831398412585258 2.1583871468901634 1.2423809990286816 0.84011916816234844 1.8420607596635843 1.3078478649258558 0.9381682425737371 1.066302616149186 0.8977696821093567 22.446919549256563 0.70456156507134338 0.83175829797983147 1.5170009471476067 0.7454192116856565 0.81009725108742714 1.5553292073309428 3.1134468466043477 0.82955817505717266 6.9052516743540764 1.6275751255452626 1.3997066132724274 0.81825163587927807 10.572333719581364 734.75419135019183 739.37154287844896
leaf_count=30 30 22 10 18 38 20 36 32 20 17 34 9 21 19 608 16 20 40 19 21 39 83 21 185 43 36 20 283 19631 20035
internal_value=-3.5387e-06 0.0308109 -0.0308525 -0.0309432 0.0310079 0.00800496 -0.00338128 -0.0310819 -0.02768 0.0311484 0.0280111 -0.0312018 0.031217 0.0312701 -0.0312114 -0.0311978 -0.0312845 -0.0311975 0.0312162 -0.0313274 0.0312365 0.0312609 0.031236 0.0312201 0.031216 0.0312295 0.0312764 0.0312199 0.0312158 -0.0311973
internal_weight=1550.67 775.768 774.899 773.858 773.314 4.69306 3.87489 769.983 26.2095 768.621 16.4513 743.774 752.17 14.6092 23.287 742.835 2.45411 742.131 751.103 1.64186 13.7114 5.49833 3.94301 8.2131 749.917 14.4179 2.44583 11.972 735.5 740.889
internal_count=41456 20602 20854 20844 20539 58 66 20778 646 20481 398 20132 20083 381 628 20123 63 20107 20062 41 362 143 104 219 20032 382 63 319 19650 20075
is_linear=0
shrinkage=0.03


Tree=86
num_leaves=31
num_cat=0
split_feature=45 48 26 8 14 7 51 51 8 23 14 51 20 12 5 13 29 20 8 21 17 23 8 2 46 8 5 23 4 8
split_gain=1587.24 10.2217 5.09894 3.23964 2.75407 3.1912 2.48814 0.566382 0.356883 2.77333 0.172434 2.4446 0.00928307 0.00338561 0.00214011 0.000703752 0.00101866 0.000376942 0.000280123 0.000751652 6.86763e-05 2.02907e-05 1.12493e-05 1.00171e-05 7.08559e-06 6.83758e-06 9.555e-05 3.98722e-06 3.55526e-06 2.83208e-06
threshold=389.50000000000006 25.500000000000004 59.500000000000007 242.10410160000004 947.50000000000011 10449.500000000002 120.50000000000001 122.50000000000001 250.72016100000005 0.033978040500000008 866.50000000000011 121.50000000000001 140.50000000000003 56.500000000000007 1631.5000000000002 767.50000000000011 1.5944331850000004 135.50000000000003 216.48074325000002 90.500000000000014 136.50000000000003 0.035468696500000008 219.43746090000002 16.235841275000002 221.50000000000003 221.26923080000003 1641.5000000000002 0.024023346000000004 229.15909090000005 234.56818180000002
decision_type=2 2 2 2 2 2 2 2 2 2 2 2 2 2 2 2 2 2 2 2 2 2 2 2 2 2 2 2 2 2
left_child=1 4 3 6 10 -6 -2 -8 9 -5 15 -12 17 -7 -13 20 18 24 -17 -20 25 -11 -16 29 -10 -1 27 -27 -26 -3
right_child=2 23 -4 8 5 13 7 -9 12 21 11 14 -14 -15 22 16 -18 -19 19 -21 -22 -23 -24 -25 28 26 -28 -29 -30 -31
leaf_value=0.03117863462464086 0.031990474219978443 -0.031161081534282278 0.036326677100713113 -0.00049410727243993143 -0.017203429471209578 0.033841541294330604 -0.033591037738777398 -0.0055537307893702035 -0.031233315044160801 -0.031302884120722352 -0.010723401997215951 0.032655817442076129 -0.034480336427300071 0.031550571687148199 0.03118138791363622 0.031178373504681684 0.032462073796517471 -0.031843028510452516 0.031199512674876417 0.032329506875252809 0.031442270887825842 -0.03116109834885649 0.031295200902910721 -0.031331635783934865 -0.03122279791296266 0.031217425153978066 0.031524544685332938 0.031180903015305121 -0.031160500476273556 -0.031241266259371292
leaf_weight=690.24279342964292 1.2207619436085217 0.78916831314563685 1.0167467072606076 3.0068711936473873 2.2966716662049285 1.1065558120608332 1.3321394473314287 1.2634923011064527 1.2071518674492825 0.9482878483831908 1.3434525616467023 0.94357256591320293 0.75925619900226493 1.2213059179484842 15.77364394068718 3.4907252863049498 0.84627708047628392 0.72939281538128753 1.4779092222452166 0.82583478838205326 0.89452723041176696 21.592796109616756 0.82234480604529459 0.79880042746663082 0.82541460171341796 2.9953565523028436 0.76356377452611823 26.416085615754128 719.11272203177214 0.79658223316073418
leaf_count=18979 24 22 10 19 16 13 16 26 32 25 19 16 7 29 433 96 15 15 40 17 21 602 21 20 22 80 19 725 20056 21
internal_value=-3.52984e-06 0.0307693 -0.0308103 -0.030901 0.0309661 0.00788616 -0.00333097 -0.0199431 -0.0310417 -0.027557 0.031109 0.0282787 -0.0311649 0.0326396 0.031266 0.0311824 0.0314898 -0.0311614 0.0313478 0.0316046 0.0311796 -0.0311671 0.031187 -0.031245 -0.0311607 0.0311792 0.0311932 0.0311846 -0.0311606 -0.0312014
internal_weight=1506.86 753.845 753.015 751.998 751.461 4.62453 3.81639 2.59563 748.182 25.548 746.836 18.883 722.634 2.32786 17.5396 727.953 6.64075 721.875 5.79447 2.30374 721.312 22.5411 16.596 2.38455 721.145 720.418 30.175 29.4114 719.938 1.58575
internal_count=41456 20602 20854 20844 20539 58 66 42 20778 646 20481 489 20132 42 470 19992 168 20125 153 57 19824 627 454 63 20110 19803 824 805 20078 43
is_linear=0
shrinkage=0.03


Tree=87
num_leaves=31
num_cat=0
split_feature=49 48 26 17 2 8 20 11 15 8 52 8 23 14 28 14 42 14 23 20 51 4 24 16 14 17 18 18 4 36
split_gain=1533.7 14.9167 4.94705 2.89148 3.39735 1.77741 0.463098 0.441692 2.76345 0.40486 7.82788 0.0350989 0.0253988 0.0151964 0.00846572 0.0057399 0.00120212 0.000661301 0.000112704 9.36605e-05 3.29605e-05 8.50508e-06 6.12399e-06 4.46872e-06 3.39486e-06 7.20486e-06 1.22566e-05 3.53075e-06 3.2343e-06 2.95086e-06
threshold=116.50000000000001 24.500000000000004 59.500000000000007 138.50000000000003 10.795094760000003 242.10410160000004 67.500000000000014 3145.5000000000005 104.50000000000001 250.72016100000005 87.500000000000014 219.64483710000005 0.033613805500000003 757.50000000000011 124.50000000000001 933.50000000000011 0.061146010000000008 888.50000000000011 0.035159978000000008 134.50000000000003 121.50000000000001 237.16120720000001 0.043277414000000007 701.50000000000011 858.50000000000011 125.50000000000001 185.50000000000003 180.50000000000003 229.15909090000005 4.5000000000000009
decision_type=2 2 2 2 2 2 2 2 2 2 2 2 2 2 2 2 2 2 2 2 2 2 2 2 2 2 2 2 2 2
left_child=1 3 5 7 16 6 -2 17 -9 10 12 15 -7 21 19 20 -5 22 -14 28 -10 -3 -1 -22 29 26 -26 -27 -11 -24
right_child=2 13 -4 4 -6 9 -8 8 11 14 -12 -13 18 -15 -16 -17 -18 -19 -20 -21 23 -23 24 -25 25 27 -28 -29 -30 -31
leaf_value=0.031212893189002472 0.0079858107233533003 -0.031140293964843135 0.036112088197143052 0.031389003520343926 -0.018182991423308752 -0.035626340425512631 -0.018614015925101389 -0.0051187841272448955 0.031355202342037723 -0.031185218758757745 0.04171429503264644 0.024785935696236047 -0.031489194936795945 -0.035659134292214206 -0.034051592272468199 0.033886395948426233 0.032702771482206974 0.031868601364000708 -0.031125530905333258 -0.031481102038137213 0.031145962741938669 -0.031254690354081439 0.031203792723039397 0.03120234429284488 0.031155648056013084 0.031193373452377621 0.031302898782665858 0.031140885257506367 -0.03112493763789688 0.031142331563083648
leaf_weight=1.1195712909102429 1.2150059044361108 1.0224209874868391 0.99247178435325523 1.3493069447576993 2.3431447073817253 1.1968559622764647 1.1433992870151994 2.200396507978442 0.76778050884603999 0.80197061225771804 1.3985431790351857 0.78441540151834566 0.79578354954719799 0.96938161551952351 0.89091473072767158 0.73680387437343675 1.1706849317997692 1.1315689012408245 21.188130043447018 0.66539441049098869 10.801636915653942 1.3669313937425611 0.70376884192228217 1.4330253303050984 1.4632116146385663 1.3214602880179871 0.77990667894482602 9.0702684931457025 699.11637331917882 694.28910805284977
leaf_count=30 21 29 10 33 21 9 20 20 19 22 7 13 20 18 9 11 20 29 608 16 305 36 19 39 41 36 20 257 20069 19649
internal_value=-3.51503e-06 0.0305865 -0.0308208 0.0308761 0.0078206 -0.030912 -0.00491029 0.0310304 0.0262114 -0.0309965 -0.0272119 0.0309581 -0.0313704 -0.0324911 -0.0311291 0.0313105 0.0319993 0.0311439 -0.0311387 -0.0311253 0.0311645 -0.0312057 0.0311428 0.0311526 0.0311427 0.0311581 0.0312068 0.0311476 -0.031125 0.0311424
internal_weight=1464.23 734.825 729.405 731.466 4.86314 728.412 2.35841 726.603 16.7241 726.054 24.5793 14.5237 23.1808 3.35873 701.475 13.7392 2.51999 709.879 21.9839 700.584 13.0024 2.38935 708.747 12.2347 707.628 12.6348 2.24312 10.3917 699.918 694.993
internal_count=41456 20645 20811 20562 74 20801 41 20488 407 20760 644 387 637 83 20116 374 53 20081 628 20107 363 65 20052 344 20022 354 61 293 20091 19668
is_linear=0
shrinkage=0.03


Tree=88
num_leaves=31
num_cat=0
split_feature=45 48 26 8 52 14 52 8 52 11 15 23 20 17 20 8 23 2 24 46 18 17 26 4 14 17 18 18 8 19
split_gain=1490.96 9.60124 4.78553 3.12279 4.28919 2.70178 3.06008 0.359157 5.94392 0.198716 1.54736 0.0230133 0.00766771 0.000383325 0.000312307 0.000255571 0.000103059 8.3325e-06 5.60498e-06 5.47619e-06 5.47375e-06 9.61309e-06 3.57383e-06 2.95032e-06 2.66413e-06 7.03888e-06 1.11457e-05 3.39396e-06 2.34949e-06 2.27951e-06
threshold=389.50000000000006 25.500000000000004 59.500000000000007 242.10410160000004 87.500000000000014 947.50000000000011 86.500000000000014 250.72016100000005 87.500000000000014 3145.5000000000005 104.50000000000001 0.033613805500000003 140.50000000000003 142.50000000000003 135.50000000000003 219.16228895000003 0.035159978000000008 16.235841275000002 0.043277414000000007 221.50000000000003 192.50000000000003 128.50000000000003 61.500000000000007 229.15909090000005 858.50000000000011 125.50000000000001 185.50000000000003 180.50000000000003 234.56818180000002 269.50000000000006
decision_type=2 2 2 2 2 2 2 2 2 2 2 2 2 2 2 2 2 2 2 2 2 2 2 2 2 2 2 2 2 2
left_child=1 5 3 4 -2 9 -7 8 11 13 -11 -5 14 18 19 20 -13 28 -1 -9 29 -22 -23 -21 -20 26 -26 -27 -3 -12
right_child=2 17 -4 7 -6 6 -8 12 -10 10 15 16 -14 -15 -16 -17 -18 -19 24 23 21 22 -24 -25 25 27 -28 -29 -30 -31
leaf_value=0.031175621257621682 -0.032683171213031173 -0.031090952169234059 0.035905603301934277 -0.035279451783767235 0.03213311450416776 0.033250534804140044 -0.016356836448584371 -0.031156371903716961 0.02841146787532527 0.0016454568416189733 0.031149047776015383 -0.031443798676506166 -0.034186046194530507 0.031697103899715875 -0.031729551454353563 0.031669660092640745 -0.031091037807998982 -0.03125099966066297 0.031107206873058815 -0.031148835481910914 0.031217216177706227 0.031110033264506058 0.031183213743458848 -0.031090425066314265 0.031121562625381165 0.031156729187387697 0.031262834106937927 0.031104823223283899 -0.031166124981732126 0.031103943594393078
leaf_weight=1.087762277573346 2.0316420570015898 0.74485118314623766 0.9685947559773912 1.2578447386622489 1.6775940097868445 2.1698637977242461 2.3111317381262779 1.137474801391362 1.6049109697341908 1.8148132935166348 1.1994580999016724 0.77336269244551914 0.7212783694267263 0.9940936379134645 0.68917816877365012 0.83386258780956346 20.5843938998878 0.75423141196370114 674.50535563752055 0.77916411310434242 1.4341882914304731 2.8552296347916131 0.76059154421091069 678.73820393532515 1.4925960637629025 1.2838907241821278 0.75781225785613049 9.6945596337318403 0.75195256993174553 6.332360815256834
leaf_count=30 35 22 10 10 31 35 23 32 8 17 34 20 7 21 15 19 608 20 19650 22 39 83 21 20056 43 36 20 283 21 185
internal_value=-3.50642e-06 0.0306897 -0.0307319 -0.0308229 -0.0033684 0.030886 0.00766489 -0.030967 -0.027377 0.0310336 0.0276441 -0.0313361 -0.0310945 0.0311084 -0.0310912 0.031161 -0.0311038 -0.0311697 0.0311076 -0.0310906 0.0311273 0.0311515 0.0311254 -0.0310905 0.0311075 0.0311208 0.0311691 0.0311109 -0.0311287 0.0311111
internal_weight=1422.74 711.779 710.964 709.995 3.70924 709.528 4.481 706.286 24.2205 705.047 15.2305 22.6156 682.065 689.816 681.344 13.4157 21.3578 2.25104 688.822 680.655 12.5818 5.05001 3.61582 679.517 687.734 13.2289 2.25041 10.9785 1.4968 7.53182
internal_count=41456 20602 20854 20844 66 20539 58 20778 646 20481 398 638 20132 20083 20125 381 628 63 20062 20110 362 143 104 20078 20032 382 63 319 43 219
is_linear=0
shrinkage=0.03


Tree=89
num_leaves=31
num_cat=0
split_feature=45 48 27 8 52 5 12 8 52 11 39 6 24 15 28 15 4 37 25 11 8 20 51 28 13 2 8 25 24 46
split_gain=1445.14 9.30564 4.63687 3.03143 4.15266 2.41275 4.07094 0.356183 5.7576 0.199097 1.62386 2.51604 0.0208722 0.00902949 0.0069963 0.00226647 0.000700747 0.000228203 9.42383e-05 8.40025e-05 0.000820384 7.77914e-05 4.1198e-05 3.52693e-05 0.000105076 7.59502e-06 7.29615e-06 8.03482e-06 5.11744e-06 4.99165e-06
threshold=389.50000000000006 25.500000000000004 1092.5000000000002 242.10410160000004 87.500000000000014 1829.5000000000002 50.500000000000007 250.72016100000005 87.500000000000014 3145.5000000000005 0.063821647500000009 38.126329785000003 0.055844639500000008 104.50000000000001 124.50000000000001 122.50000000000001 217.93589740000002 0.060023012500000007 0.035159978000000008 3118.5000000000005 216.48074325000002 134.50000000000003 121.50000000000001 561.00000000000011 684.50000000000011 16.235841275000002 211.41244525000005 0.029763789500000002 0.043277414000000007 221.50000000000003
decision_type=2 2 2 2 2 2 2 2 2 2 2 2 2 2 2 2 2 2 2 2 2 2 2 2 2 2 2 2 2 2
left_child=1 5 3 4 -2 9 -7 8 12 19 13 -12 -5 -11 21 -8 22 -17 -14 23 26 29 -15 28 -25 -3 -21 -28 -1 -9
right_child=2 25 -4 7 -6 6 15 14 -10 10 11 -13 18 16 -16 17 -18 -19 -20 20 -22 -23 -24 24 -26 -27 27 -29 -30 -31
leaf_value=0.031139539822005624 -0.032601154811010002 -0.031094131374917018 0.03570686609353909 -0.035096943794499146 0.032066811042376429 -0.022878081221343556 0.033223473713927004 -0.031120914878780988 0.027844274481069679 0.033751311502096315 0.032349427565034068 -0.036868454473225357 -0.031399830576294439 0.031306696550375719 -0.033788100143953899 0.031265684280431361 0.0320639933256869 0.031941914761160352 -0.031057638597474117 0.031072869236393838 0.03217499869186137 -0.031391181297827073 0.031080090757480458 0.031472645691772598 0.031080753931125235 -0.031212572330798445 0.031217339582446813 0.031076670135164828 0.031073470935952575 -0.031057102275787216
leaf_weight=1.056818738579749 1.9764831513166419 1.4541577994823449 0.94512088969349761 1.226921334862715 1.6313289627432823 2.0145680755376807 1.0080667305737736 1.1050960049033154 1.5887223035097111 1.354800559580325 1.0708702877163876 0.84603384137153614 0.75154142081737774 0.77984367311000546 0.84558563679456611 1.3810256198048594 0.72044650837779123 0.66559571772813786 19.997190974652767 7.0000942759215796 0.67150643467903215 0.62829812243580718 9.7458934839814884 0.79331589862704222 2.7512349188327789 0.73282805085182179 0.72627275809645631 0.73555681109428406 656.08988746628165 660.03153472021222
leaf_count=30 35 43 10 10 31 17 17 32 8 14 24 17 20 20 9 37 16 13 608 210 17 16 291 20 82 20 20 22 19672 20075
internal_value=-3.50434e-06 0.0306513 -0.0306969 -0.0307879 -0.00336052 0.0308473 0.0102266 -0.0309321 -0.0273077 0.031 0.0275243 0.00179982 -0.0312949 0.0314376 -0.031061 0.0320591 0.0311588 0.0314856 -0.03107 0.0310753 0.0311657 -0.0310575 0.0310969 0.0310741 0.0311685 -0.0311338 0.0310856 0.0311466 0.0310736 -0.0310572
internal_weight=1382.33 691.599 690.728 689.783 3.60781 689.412 5.06926 686.175 23.5644 684.343 14.5179 1.9169 21.9757 12.601 662.611 3.05469 11.2462 2.04662 20.7487 669.825 9.13343 661.765 10.5257 660.691 3.54455 2.18699 8.46192 1.46183 657.147 661.137
internal_count=41456 20602 20854 20844 66 20539 84 20778 646 20455 382 41 638 341 20132 67 327 50 628 20073 269 20123 311 19804 102 63 252 42 19702 20107
is_linear=0
shrinkage=0.03


Tree=90
num_leaves=31
num_cat=0
split_feature=45 48 26 8 52 17 2 8 52 11 19 23 14 28 37 8 14 15 23 20 2 8 46 36 14 14 17 14 23 8
split_gain=1400.79 9.01959 4.49309 2.94271 4.02076 2.6589 3.06588 0.353225 5.57821 0.183372 1.59945 0.0189351 0.00636624 0.00636245 0.000870488 0.000620773 0.000520555 0.000101738 8.61723e-05 7.09891e-05 6.92301e-06 4.65061e-06 4.54918e-06 4.20527e-06 3.27266e-06 2.61534e-06 5.46482e-06 7.68424e-06 1.98193e-06 1.95541e-06
threshold=389.50000000000006 25.500000000000004 59.500000000000007 242.10410160000004 87.500000000000014 139.50000000000003 10.795094760000003 250.72016100000005 87.500000000000014 3145.5000000000005 267.50000000000006 0.033613805500000003 933.50000000000011 124.50000000000001 0.020050639000000006 219.43746090000002 888.50000000000011 105.50000000000001 0.035159978000000008 134.50000000000003 16.235841275000002 212.50609755000002 221.50000000000003 4.5000000000000009 888.50000000000011 858.50000000000011 125.50000000000001 866.50000000000011 0.024023346000000004 234.56818180000002
decision_type=2 2 2 2 2 2 2 2 2 2 2 2 2 2 2 2 2 2 2 2 2 2 2 2 2 2 2 2 2 2
left_child=1 5 3 4 -2 9 14 8 11 16 -11 -5 15 19 -7 17 23 -12 -13 22 29 -19 -9 -1 -23 28 27 -27 -25 -3
right_child=2 20 -4 7 -6 6 -8 13 -10 10 12 18 -14 -15 -16 -17 -18 21 -20 -21 -22 24 -24 25 -26 26 -28 -29 -30 -31
leaf_value=0.031102578785786244 -0.032521739922639431 -0.031025175714566658 0.035515541628390594 -0.034921621506813938 0.032002666634701964 0.031274452840672505 -0.017562261346423309 -0.031086583252659922 0.027290032721247914 0.0012351791325398126 0.031421806108357743 -0.031357240945760236 0.033869914931240461 -0.033663693535516612 0.032433960698799703 0.031983112169507534 0.031712485967855086 0.03104984860333709 -0.031025295654175961 -0.031348522047391233 -0.031175366308770214 0.031138570879260623 -0.031024777390492777 0.031068130263879497 0.031058708485606198 0.031037782201823325 0.031045272775372182 0.031153939672446038 0.031040362099023857 -0.031095767476685163
leaf_weight=0.99061010405421157 1.9226822424679986 0.70291428640484743 0.92205452546477218 1.1965474635362685 1.586241103708744 1.20902238972485 2.1939878836274147 1.0736020132899273 1.5726045668125141 1.8093134053051461 0.74114861339330218 0.73030564934015529 0.81584521755576211 0.82358153909444709 1.12487999163568 0.73024628683924753 1.0401375927031029 9.1279553417116386 19.42610964179039 0.61054632626473804 0.71200563013553608 1.0057146251201619 641.18196825124323 2.3217877820134154 0.85389999672770489 0.96953667327761595 9.5279099904000741 1.0874887481331823 634.28441957011819 0.70976515486836433
leaf_count=29 35 22 10 10 31 32 20 32 8 21 20 20 12 9 21 15 29 280 608 16 20 29 20075 70 26 30 293 31 19581 21
internal_value=-3.48461e-06 0.0306143 -0.0306629 -0.030754 -0.00335289 0.0308101 0.0078987 -0.0308982 -0.027239 0.030966 0.027696 -0.031255 0.0313026 -0.0310286 0.0318333 0.0311344 0.0310419 0.0310816 -0.0310373 -0.0310252 -0.0310991 0.0310587 -0.0310249 0.0310408 0.0311019 0.0310407 0.0310548 0.0310992 0.0310405 -0.0310606
internal_weight=1343 671.959 671.046 670.124 3.50892 669.834 4.52789 666.615 22.9256 665.306 15.0841 21.353 13.2748 643.69 2.3339 12.459 650.222 11.7287 20.1564 642.866 2.12469 10.9876 642.256 649.182 1.85961 648.191 11.5849 2.05703 636.606 1.41268
internal_count=41456 20602 20854 20844 66 20539 73 20778 646 20466 403 638 382 20132 53 370 20063 355 628 20123 63 335 20107 20034 55 20005 354 61 19651 43
is_linear=0
shrinkage=0.03


Tree=91
num_leaves=31
num_cat=0
split_feature=49 48 26 5 2 8 20 11 39 23 8 52 14 23 19 28 2 14 37 7 23 20 26 26 51 51 4 8 24 14
split_gain=1353.5 13.3719 4.36061 2.63394 3.84266 1.63393 0.44714 0.445742 2.82869 4.31167 0.393247 7.0554 0.0179591 0.0171923 0.00769713 0.00578722 0.00112259 0.000479915 0.000329878 0.000296185 7.87964e-05 6.48089e-05 4.00016e-05 0.000138927 2.92802e-05 2.48845e-05 5.88363e-06 5.53643e-06 4.21942e-06 2.36219e-06
threshold=116.50000000000001 24.500000000000004 59.500000000000007 1821.5000000000002 10.795094760000003 242.10410160000004 66.500000000000014 3145.5000000000005 0.063821647500000009 0.029763789500000002 250.72016100000005 87.500000000000014 757.50000000000011 0.033613805500000003 267.50000000000006 124.50000000000001 9.8255434785000002 888.50000000000011 0.10204148050000002 8990.5000000000018 0.035159978000000008 134.50000000000003 93.500000000000014 102.50000000000001 120.50000000000001 121.50000000000001 237.16120720000001 218.16025645000005 0.043277414000000007 858.50000000000011
decision_type=2 2 2 2 2 2 2 2 2 2 2 2 2 2 2 2 2 2 2 2 2 2 2 2 2 2 2 2 2 2
left_child=1 3 5 7 16 6 -2 17 14 -10 11 13 26 -7 -9 21 18 22 24 -16 -15 -12 28 -24 -5 -21 -3 -27 -1 -30
right_child=2 12 -4 4 -6 10 -8 8 9 -11 15 -13 -14 20 19 -17 -18 -19 -20 25 -22 -23 23 -25 -26 27 -28 -29 29 -31
leaf_value=0.03107080164153191 0.0088785471493757536 -0.031006891073661707 0.035331309982874745 0.03131614760261834 -0.020277442398505305 -0.034886790680049906 -0.018447180793146323 0.033306999746187373 0.031722435440569983 -0.053345639995483737 -0.030993513440213168 0.040343292146703617 -0.036138741368203567 -0.031315985019695416 0.03164804195473675 -0.033543769367620088 0.032763567110991265 0.031663880719040305 0.031949608241573953 0.031206246587558353 -0.03099397379195732 -0.03130721623680139 0.031485523060422155 0.031014883747867074 0.031044367708920908 0.031006884199496834 -0.03110770031241826 0.031089600078454939 0.031008802577136417 0.031022709923370289
leaf_weight=0.99746697023510833 1.0847724787890904 0.91059425845742215 0.89939898252487083 0.68806556984782197 2.2324582599103451 1.0840758606791556 1.071085814386606 1.6053323633968819 1.2141507584601634 0.96039774827659119 623.36575355194509 1.3194570392370213 0.89034089073538769 0.70964144356549042 0.74687908589839835 0.80205526947975059 0.78903598524630059 1.0109229702502478 0.75755655393004406 0.65328790247440238 18.870745250955224 0.5932718850672235 0.71009380742907469 2.7528214156627655 0.74094858579337597 8.0418794322758878 1.2180521450936792 0.80079370923340398 616.05986440367997 11.191474253311751
leaf_count=30 20 29 10 18 20 9 21 21 32 10 20091 7 18 20 19 9 14 29 17 18 608 16 18 87 23 256 36 24 19574 352
internal_value=-3.48473e-06 0.0304307 -0.0306799 0.0307224 0.00947311 -0.0307714 -0.00469758 0.0308935 0.0256031 -0.00584821 -0.0308583 -0.0269147 -0.032561 -0.0312093 0.0313755 -0.0309971 0.0317936 0.0310108 0.0314435 0.0310728 -0.0310056 -0.0309938 0.0310097 0.0311114 0.0311752 0.0310276 -0.0310646 0.0310144 0.0310091 0.0310091
internal_weight=1304.77 654.972 649.8 651.953 5.20806 648.901 2.15586 646.745 14.0227 2.17455 646.745 21.9839 3.01899 20.6645 11.8482 624.761 2.97561 632.723 2.18657 10.2428 19.5804 623.959 631.712 3.46292 1.42901 9.49596 2.12865 8.84267 628.249 627.251
internal_count=41456 20645 20811 20562 92 20801 41 20470 380 42 20760 644 83 637 338 20116 72 20090 58 317 628 20107 20061 105 41 298 65 280 19956 19926
is_linear=0
shrinkage=0.03


Tree=92
num_leaves=31
num_cat=0
split_feature=45 48 26 17 7 4 4 39 11 15 4 52 23 14 28 49 15 14 2 5 18 20 20 10 14 4 2 0 36 18
split_gain=1316.2 8.47423 4.2192 2.60638 2.98284 2.2545 0.764151 4.014 0.193547 1.60657 0.171331 4.66619 0.0147977 0.00594466 0.00526475 0.00480374 0.00172328 0.000444234 0.000250179 0.00022299 0.000213765 5.91793e-05 4.97792e-05 2.50711e-05 1.19522e-05 7.65222e-06 5.76138e-06 4.6964e-06 3.49583e-06 3.2228e-06
threshold=389.50000000000006 25.500000000000004 59.500000000000007 139.50000000000003 10124.000000000002 213.79772725000004 241.90757860000002 0.032923663500000012 3145.5000000000005 104.50000000000001 250.15070310000002 87.500000000000014 0.033613805500000003 933.50000000000011 124.50000000000001 116.50000000000001 138.50000000000003 888.50000000000011 11.461884285000002 2074.5000000000005 229.50000000000003 134.50000000000003 70.500000000000014 786.50000000000011 1055.5000000000002 213.79772725000004 16.235841275000002 42.500000000000007 4.5000000000000009 192.50000000000003
decision_type=2 2 2 2 2 2 2 2 2 2 2 2 2 2 2 2 2 2 2 2 2 2 2 2 2 2 2 2 2 2
left_child=1 3 5 8 -5 -2 7 -7 17 -10 11 12 -8 20 21 -9 -6 28 23 24 25 -12 -17 -14 -20 29 -3 -27 -1 -11
right_child=2 26 -4 4 16 6 10 15 9 13 14 -13 18 -15 -16 22 -18 -19 19 -21 -22 -23 -24 -25 -26 27 -28 -29 -30 -31
leaf_value=0.031036162019718566 0.022413063063115593 -0.030996785420032161 0.035153862339186111 -0.01755647711143888 0.032977873298920476 0.033087943144977844 -0.034484793973216424 -0.033725329424191097 0.00056240501296621565 0.03098002025364564 -0.030963108577950964 0.025261852518691612 -0.031148344541264077 0.033732554286773644 -0.033428138107963544 -0.031247459275244378 0.031294152443001523 0.031616622381644449 -0.030953491639331705 -0.031647594649532283 0.031551735015841985 -0.031267219268152749 -0.03096867321351101 -0.030963809844410287 -0.031133975014451136 0.031013148682655308 -0.031104511509964183 0.031122748555649934 0.030978106899296101 0.031015323353958856
leaf_weight=0.93492229282855888 0.71878734044730563 1.3330853506922715 0.8771568201482286 2.1481855958700171 0.97926539182662997 1.0531886592507351 1.1335139796137834 0.68107659183442582 1.7548365369439114 5.8462937567382998 591.77253672294319 1.3795059025287617 0.67921487241984024 0.78416196815669614 0.78100261837243934 0.68614862114191044 1.239653645083308 0.98248996958136459 0.65668621845543318 0.94623613543808449 0.67931819707155305 0.57646341621875663 3.604912431910634 27.109686136245728 0.66427183896303177 0.69160044565796741 0.67207577265799034 0.71633009985089302 611.65833307057619 3.866437453776598
leaf_count=29 21 43 10 25 14 14 11 8 17 191 19636 7 21 12 9 19 34 29 22 22 17 16 119 899 20 22 20 21 20005 123
internal_value=-3.45409e-06 0.0305428 -0.0305963 0.0307381 0.007642 -0.0306875 -0.0307479 -0.0201153 0.0308987 0.0274533 -0.0308503 -0.0287318 -0.0311199 0.0312032 -0.0309666 -0.0313847 0.0320372 0.0309792 -0.030993 -0.0312961 0.0310351 -0.0309634 -0.0310133 -0.0309683 -0.0310443 0.0310035 -0.0310329 0.0310689 0.0309782 0.0309941
internal_weight=1267.61 634.287 633.32 632.282 4.3671 632.443 631.724 6.02533 627.915 14.339 625.699 32.5691 31.1896 12.5841 593.13 4.97214 2.21892 613.576 30.0561 2.26719 11.8 592.349 4.29106 27.7889 1.32096 11.1207 2.00516 1.40793 612.593 9.71273
internal_count=41456 20602 20854 20539 73 20844 20823 160 20466 403 20663 1002 995 386 19661 146 48 20063 984 64 374 19652 138 920 42 357 63 43 20034 314
is_linear=0
shrinkage=0.03


Tree=93
num_leaves=31
num_cat=0
split_feature=45 36 26 8 52 45 14 42 8 52 11 19 24 28 8 17 0 25 20 18 4 8 46 17 4 24 14 17 18 18
split_gain=1275.89 5.56836 4.08894 2.75845 3.71184 2.64603 2.59186 2.81068 0.341017 5.07037 0.225059 1.57295 0.0141558 0.00478961 0.000494298 0.000331581 8.53496e-05 6.59891e-05 5.39608e-05 5.44579e-06 5.16799e-06 4.99225e-06 3.12745e-06 2.63824e-06 2.6357e-06 1.73291e-06 1.66489e-06 4.47736e-06 7.09635e-06 2.16836e-06
threshold=389.50000000000006 4.5000000000000009 59.500000000000007 242.10410160000004 87.500000000000014 387.50000000000006 947.50000000000011 0.090909091500000011 250.72016100000005 87.500000000000014 3145.5000000000005 267.50000000000006 0.055844639500000008 124.50000000000001 219.43746090000002 142.50000000000003 42.500000000000007 0.035159978000000008 134.50000000000003 192.50000000000003 237.16120720000001 210.41661940000003 221.50000000000003 130.50000000000003 229.15909090000005 0.044495522000000003 858.50000000000011 125.50000000000001 185.50000000000003 180.50000000000003
decision_type=2 2 2 2 2 2 2 2 2 2 2 2 2 2 2 2 2 2 2 2 2 2 2 2 2 2 2 2 2 2
left_child=1 5 3 4 -2 -1 10 -8 9 12 15 -12 -5 18 16 25 -13 -14 22 -18 -7 -21 -10 -23 -24 -3 -27 28 -28 -29
right_child=2 6 -4 8 -6 20 7 -9 13 -11 11 14 17 -15 -16 -17 19 -19 -20 21 -22 23 24 -25 -26 26 27 29 -30 -31
leaf_value=0.031004499108538613 -0.032284115932939665 0.030976924261541059 0.034982916216425013 -0.03443531512487772 0.031873121145554663 -0.030946347776948414 0.032861404890935406 -0.016858241595739586 -0.030987382937328525 0.025865230685733018 0.00074171022817196485 0.031304421726560651 -0.031237496833246042 -0.033316626250756834 0.031824113892066588 0.031526977292947844 0.030946070056756259 -0.030934238974663873 -0.031228487432985216 0.030968946506149349 -0.0310447645801636 0.031081496383386288 -0.030992861075835723 0.030997151469023019 -0.030933731229291734 0.030947944354397235 0.030960108050453811 0.030990383211335862 0.031081263879304568 0.030945782735633056
leaf_weight=0.90820369869470541 1.7900867071002713 1.8919716123491515 0.85532955080270667 1.1087112501263678 1.4847653768956661 0.859191009774804 1.9621612969785918 2.1385841518640518 0.98197036609053512 1.5125875622034062 1.778309978544711 0.7125172019004794 0.67009266465902584 0.76041895896196265 0.67373038642108518 0.89237699285149474 5.8961738161742669 17.805219933390617 0.56010972149670024 3.020504504442215 1.0886584557592867 0.65629872865974881 0.679245725274085 0.67914697341620922 587.01949603110552 581.63319320231676 1.2910874504595984 1.1110605802386988 0.6562613509595393 8.3845011927187425
leaf_count=29 35 62 10 10 31 29 38 20 32 8 21 21 20 9 15 21 199 608 16 100 34 20 22 22 20053 19589 43 36 20 283
internal_value=-3.45449e-06 0.030508 -0.0305648 -0.0306561 -0.00319625 -0.011284 0.0307026 0.00693206 -0.0308032 -0.0270555 0.0308626 0.0270201 -0.0311428 -0.0309372 0.0310354 0.0309491 0.0309869 -0.0309452 -0.0309342 0.0309649 -0.0310014 0.0309903 -0.0309339 0.0310386 -0.0309338 0.0309483 0.0309482 0.0309595 0.0310009 0.030951
internal_weight=1231.46 616.234 615.228 614.373 3.27485 2.85605 613.378 4.10075 611.098 21.0966 609.277 13.4167 19.584 590.001 11.6384 595.86 10.9646 18.4753 589.241 10.2521 1.94785 4.35595 588.681 1.33545 587.699 594.968 593.076 11.4429 1.94735 9.49556
internal_count=41456 20602 20854 20844 66 92 20510 58 20778 646 20452 398 638 20132 377 20054 362 628 20123 341 63 142 20107 42 20075 20033 19971 382 63 319
is_linear=0
shrinkage=0.03


Tree=94
num_leaves=31
num_cat=0
split_feature=45 48 26 8 52 14 12 8 52 11 39 23 23 12 16 12 51 17 27 23 8 6 24 2 24 46 27 2 36 14
split_gain=1236.87 7.96254 3.96293 2.67763 3.59481 2.56795 2.74251 0.338179 4.91591 0.230931 1.51745 2.93909 0.0128541 0.00564837 0.00438099 0.00205621 0.00177733 0.000302552 0.000279881 6.03393e-05 9.0278e-06 6.15559e-06 8.0844e-06 4.79546e-06 3.21593e-06 2.85282e-06 2.00987e-06 1.71812e-06 1.54063e-06 1.50942e-06
threshold=389.50000000000006 25.500000000000004 59.500000000000007 242.10410160000004 87.500000000000014 947.50000000000011 50.500000000000007 250.72016100000005 87.500000000000014 3145.5000000000005 0.063821647500000009 0.029723885500000002 0.033613805500000003 44.500000000000007 1027.5000000000002 56.500000000000007 119.50000000000001 142.50000000000003 85.500000000000014 0.035159978000000008 212.50609755000002 39.564578715000003 0.053224883500000007 16.235841275000002 0.043277414000000007 221.50000000000003 18585.500000000004 9.8642506145000013 4.5000000000000009 858.50000000000011
decision_type=2 2 2 2 2 2 2 2 2 2 2 2 2 2 2 2 2 2 2 2 2 2 2 2 2 2 2 2 2 2
left_child=1 5 3 4 -2 9 -7 8 12 17 13 26 -5 -11 18 -8 -15 24 25 -14 -18 22 -22 -3 -1 -9 -12 -27 -26 -30
right_child=2 23 -4 7 -6 6 15 14 -10 10 11 -13 19 16 -16 -17 20 -19 -20 -21 21 -23 -24 -25 28 27 -28 -29 29 -31
leaf_value=0.030975658477011669 -0.032214473892347072 -0.030936890762709994 0.034818197539116851 -0.034285535064271629 0.031815284504907261 -0.017233097156434 0.033202142987594767 -0.030957267241504684 0.025354701066033491 0.033512432713478001 0.031001125590384569 -0.043982508455938756 -0.031199976829751452 0.032625866470062492 -0.033571796794210747 0.031261511893328355 0.030925882983310352 0.03148019243950214 -0.031556211293750545 -0.030905781635302481 0.030953530060325824 0.030934319462013832 0.031099112095867579 -0.031038061492696334 0.030968444032371305 -0.030945162333715092 0.030925293515288312 -0.030905274054128077 0.030919090129089864 0.030930253416591336
leaf_weight=0.91442755050957103 1.7408804576843968 1.2578218989074219 0.83391820266842742 1.0805731415748656 1.443463746458292 2.0740140154957762 0.97166563570499398 0.95386181771755119 1.4969912767410267 0.90707950294017692 0.62120474502444201 0.75257212854921807 0.65105864591896789 0.59980320930480857 0.5554131530225267 0.99414064362645149 7.242496067658065 0.86727088689803977 0.59538176283240218 17.29466643370688 0.62170951068401359 0.934302782639861 0.76661934517323971 0.63429618813097466 0.57480629533529182 0.97352289035916229 0.63724228553473949 570.00677269138396 566.19353643991053 11.115063128992913
leaf_count=30 35 43 10 10 31 16 13 32 8 10 20 10 20 10 6 29 250 21 14 608 21 32 23 20 19 33 22 20047 19631 382
internal_value=-3.45262e-06 0.030474 -0.0305347 -0.030626 -0.00318977 0.0306689 0.0068315 -0.0307732 -0.0269894 0.0308313 0.0268898 0.0029164 -0.0311078 0.0312441 -0.0309087 0.0322207 0.0310417 0.0309203 -0.0309061 -0.0309165 0.0309424 0.0309939 0.0310339 -0.0309708 0.0309194 -0.0309054 0.0309627 -0.0309053 0.0309194 0.0309193
internal_weight=1196.31 598.68 597.627 596.793 3.18434 596.788 4.03982 593.608 20.5233 592.748 13.083 2.01102 19.0263 11.072 573.085 1.96581 10.1649 579.665 572.53 17.9457 9.56513 2.32263 1.38833 1.89212 578.798 571.934 1.25845 570.98 577.883 577.309
internal_count=41456 20602 20854 20844 66 20539 58 20778 646 20481 398 52 638 346 20132 42 336 20083 20126 628 326 76 44 63 20062 20112 42 20080 20032 20013
is_linear=0
shrinkage=0.03


Tree=95
num_leaves=31
num_cat=0
split_feature=45 48 27 8 52 14 42 8 52 11 15 24 16 27 18 25 12 14 16 8 19 6 4 24 46 4 40 39 41 13
split_gain=1199.08 7.71879 3.84098 2.59914 3.48168 2.54025 2.68325 0.335387 4.76706 0.235952 1.5831 0.0116745 0.00398338 0.000255256 0.000197432 5.51728e-05 2.99632e-05 9.43873e-06 6.33577e-05 6.41975e-06 9.4746e-06 4.55411e-06 4.30154e-06 2.91785e-06 2.60106e-06 2.193e-06 1.48064e-06 1.44684e-06 7.54347e-07 6.0045e-07
threshold=389.50000000000006 25.500000000000004 1092.5000000000002 242.10410160000004 87.500000000000014 947.50000000000011 0.090909091500000011 250.72016100000005 87.500000000000014 3145.5000000000005 104.50000000000001 0.055844639500000008 1027.5000000000002 85.500000000000014 229.50000000000003 0.035159978000000008 52.500000000000007 866.50000000000011 661.50000000000011 210.11766335000002 273.50000000000006 39.675337840000005 237.16120720000001 0.043277414000000007 221.50000000000003 229.15909090000005 0.022716978500000002 0.043430035000000006 0.088806070500000014 744.50000000000011
decision_type=2 2 2 2 2 2 2 2 2 2 2 2 2 2 2 2 2 2 2 2 2 2 2 2 2 2 2 2 2 2
left_child=1 5 3 4 -2 9 -7 8 11 16 -11 -5 13 24 19 -13 17 23 -19 26 -21 -20 -3 -1 -9 -26 28 29 -12 -22
right_child=2 22 -4 7 -6 6 -8 12 -10 10 14 15 -14 -15 -16 -17 -18 18 21 20 27 -23 -24 -25 25 -27 -28 -29 -30 -31
leaf_value=0.030945902118350757 -0.032147025593067195 -0.030889551795694723 0.034659439346609248 -0.034141422958751388 0.031759309130926665 0.032776608290672658 -0.016587910053639424 -0.03092809777442113 0.024854078490705946 5.017751680144109e-05 0.030922720929458733 -0.031163623294120986 -0.033454348759578922 -0.0315082902734172 0.031462169691529478 -0.030878215927584614 0.03110506063544884 0.031196699811645114 0.030891237016659648 0.031027407141479328 0.030919626220864263 0.030979533132434345 -0.030981987578447171 0.030891485101141956 -0.030933251799511379 -0.030877726565605095 0.030931658127615148 0.030956956024008119 0.03088993692477841 0.030883856463826628
leaf_weight=0.88824255950748821 1.6929207835346451 0.810597138479351 0.81292299553751846 1.0529967322945655 1.4032345712184906 1.8788227699697011 2.0971695818006992 0.92653080821037193 1.4815657138824452 1.7261004596948613 0.71736950613557926 0.63254287838936107 0.54086187481880088 0.578651063144206 0.63127586990594942 16.798288708552718 0.59489269368350406 0.70161702670156856 6.6953896209597588 1.0007617156952622 0.88732657395303272 0.57052870653569687 1.0273297186940906 553.58526016958058 0.64091666787862678 553.95133219845593 1.1037878282368181 0.59578450210392464 5.2874644584953785 0.80603379942476749
leaf_count=30 35 29 10 10 31 38 20 32 8 17 25 20 6 14 17 608 18 22 239 32 31 19 34 19755 22 20058 38 20 189 29
internal_value=-3.42622e-06 0.0304413 -0.0305054 -0.0305968 -0.0031835 0.0306358 0.00673889 -0.030744 -0.0269237 0.0308009 0.0267661 -0.0310739 -0.030881 -0.0308785 0.030947 -0.0308886 0.0308923 0.030892 0.0309245 0.0309158 0.0309504 0.0308982 -0.0309412 0.0308916 -0.0308779 -0.0308778 0.0308997 0.0309167 0.0308939 0.0309026
internal_weight=1162.12 581.606 580.513 579.7 3.09616 579.768 3.97599 576.604 19.9654 575.792 12.7559 18.4838 556.638 556.097 11.0298 17.4308 563.036 562.441 7.96754 10.3985 3.28991 7.26592 1.83793 554.474 555.519 554.592 7.10862 2.28914 6.00483 1.69336
internal_count=41456 20602 20854 20844 66 20539 58 20778 646 20481 398 638 20132 20126 381 628 20083 20065 280 364 112 258 63 19785 20112 20080 252 80 214 60
is_linear=0
shrinkage=0.03


Tree=96
num_leaves=31
num_cat=0
split_feature=49 48 27 17 7 4 34 11 15 19 4 52 6 14 23 15 16 14 15 14 27 2 5 23 10 51 14 41 4 24
split_gain=1158.51 11.7171 3.72855 2.6645 2.83895 0.803352 3.43727 0.473189 3.13041 1.28527 0.192317 5.75379 0.0319725 0.0225293 0.0100818 0.00467269 0.00362285 0.00353914 0.00126464 0.000384757 0.000232946 0.000172212 0.000152867 3.80588e-05 1.76245e-05 1.41443e-05 8.30135e-06 4.44078e-06 3.7166e-06 2.6577e-06
threshold=116.50000000000001 24.500000000000004 1092.5000000000002 138.50000000000003 10124.000000000002 241.90757860000002 5.5000000000000009 3145.5000000000005 101.50000000000001 264.50000000000006 250.15070310000002 87.500000000000014 40.158004155000008 757.50000000000011 0.033613805500000003 104.50000000000001 1027.5000000000002 933.50000000000011 136.50000000000003 888.50000000000011 85.500000000000014 11.461884285000002 2074.5000000000005 0.0365737135 786.50000000000011 121.50000000000001 1055.5000000000002 0.11627255750000001 237.16120720000001 0.043277414000000007
decision_type=2 2 2 2 2 2 2 2 2 2 2 2 2 2 2 2 2 2 2 2 2 2 2 2 2 2 2 2 2 2
left_child=1 3 5 7 -5 6 -2 19 -9 -10 11 14 15 28 -7 -11 20 25 -6 29 -12 24 26 -8 -16 -17 -23 -27 -3 -1
right_child=2 13 -4 4 18 10 23 8 9 12 16 -13 -14 -15 21 17 -18 -19 -20 -21 -22 22 -24 -25 -26 27 -28 -29 -30 -31
leaf_value=0.030917080236761426 0.032750634288992192 -0.030862494930048896 0.034506403199292095 -0.017978185104476758 0.032745005551691873 -0.033912939706438973 -0.031113004728958608 -0.035445090997722146 -0.012968169266110949 0.033411009173124631 -0.030851001610770208 0.039362617302998414 0.024276189484585219 -0.036932139328604167 -0.031015618277863685 0.031035069065995801 -0.033341140283533396 0.033234140742026394 0.031223827601981443 0.031491717216068478 -0.031461903281004115 -0.030842481587529929 -0.031451813871344582 -0.030856863862603636 -0.030851679013793064 0.030868473464129 -0.031001896782003126 0.030915605554783294 -0.030948651015039186 0.030864385523750287
leaf_weight=0.86278248205780883 0.94881436973810096 0.7873195949941868 0.79234336316585441 2.0941453836858264 0.84515671245753798 1.0223683714866698 0.62048131413757834 0.72556798160076041 0.63495670258998771 0.7944300100207301 526.40340624563396 1.0872281938791264 0.63520808331668455 0.80362950265407551 0.6049898099154295 0.56560920178889773 0.52663225680589576 0.61505600064992982 1.1766893360763786 0.8815577607601871 0.56236479245126147 0.5844107344746583 0.84406817518174637 3.2921681366860867 24.13014186732471 6.9895651899278164 0.59159086458384991 2.4227943699806929 1.0537412445992229 544.98621380701661
leaf_count=30 14 29 10 26 13 11 19 6 8 9 19625 6 14 18 21 18 6 11 35 29 14 22 22 122 899 256 20 85 36 20022
internal_value=-3.42365e-06 0.030257 -0.0305257 0.0305523 0.00650304 -0.0306176 -0.0184752 0.0307291 0.0251558 0.0286296 -0.0307237 -0.0283393 0.0308265 -0.0327412 -0.0309892 0.0311919 -0.0308541 0.0310255 0.0318597 0.0308655 -0.0308517 -0.0308774 -0.0311438 -0.0308975 -0.0308557 0.0308894 -0.0309227 0.0308806 -0.0309118 0.0308645
internal_weight=1128.89 566.874 562.011 564.23 4.11599 561.219 4.86146 560.114 13.3832 12.6576 556.357 28.8648 12.0227 2.64469 27.7776 11.3875 527.492 10.593 2.02185 546.731 526.966 26.7552 2.02007 3.91265 24.7351 9.97797 1.176 9.41236 1.84106 545.849
internal_count=41456 20645 20811 20562 74 20801 155 20488 407 401 20646 1001 393 83 995 379 19645 370 48 20081 19639 984 64 141 920 359 42 341 65 20052
is_linear=0
shrinkage=0.03


Tree=97
num_leaves=31
num_cat=0
split_feature=45 48 26 14 52 8 52 8 52 11 39 7 23 7 16 17 22 8 23 23 8 6 24 2 24 49 4 36 14 17
split_gain=1127.03 7.25386 3.60878 2.50935 2.57236 2.44384 3.27031 0.326278 4.47495 0.247001 1.55154 3.04487 0.00963564 0.00657081 0.00329479 0.000289301 0.000187007 0.000161033 4.6193e-05 4.6075e-05 4.42723e-06 4.71766e-06 4.54707e-06 3.64519e-06 2.43517e-06 1.9207e-06 1.81814e-06 1.17058e-06 1.13702e-06 3.11167e-06
threshold=389.50000000000006 25.500000000000004 59.500000000000007 947.50000000000011 86.500000000000014 242.10410160000004 87.500000000000014 250.72016100000005 87.500000000000014 3145.5000000000005 0.063821647500000009 9237.5000000000018 0.033613805500000003 8951.5000000000018 1027.5000000000002 142.50000000000003 135.50000000000003 219.16228895000003 0.035159978000000008 0.027828752500000001 210.41661940000003 39.415650410000005 0.053572034000000004 16.235841275000002 0.043277414000000007 117.50000000000001 229.15909090000005 4.5000000000000009 858.50000000000011 125.50000000000001
decision_type=2 2 2 2 2 2 2 2 2 2 2 2 2 2 2 2 2 2 2 2 2 2 2 2 2 2 2 2 2 2
left_child=1 3 5 9 -5 6 -2 8 12 15 13 -12 -7 -11 16 24 25 20 -14 -13 -15 22 -22 -3 -1 -9 -27 -26 -29 -30
right_child=2 23 -4 4 -6 7 -8 14 -10 10 11 19 18 17 -16 -17 -18 -19 -20 -21 21 -23 -24 -25 27 26 -28 28 29 -31
leaf_value=0.030889162067474541 -0.032024536699066006 -0.03085390856081207 0.034358846464368084 0.032639899613039682 -0.016605210034505168 -0.033869286153892342 0.031651215409401634 -0.030869825803771234 0.024033513662002997 0.033280977403269907 -0.04696051088986495 0.030861662243294272 -0.031094419681496129 0.03084251666066716 -0.033231994946310323 0.031401546012379024 -0.031360174607106814 0.031368506990056305 -0.030825628997330171 0.031233603676299918 0.030871273169325097 0.030848902741307804 0.03098561238478292 -0.030946042670310727 0.030882678965333796 -0.030877250319601621 -0.030825198327626535 0.030837742696402378 0.030884476431042245 0.030840353972255128
leaf_weight=0.83802874200045963 1.6045896764844647 1.1525676324963559 0.77217834815382858 1.7910034041851752 2.0443675015121698 0.99941590428352967 1.3256104215979576 0.87175155803561111 1.4389880895614613 1.1682295966893423 0.72083208709955116 0.62220221012830712 0.5971104577183749 5.9408879354596102 0.51272105798125167 0.82130186259746452 0.5890284851193418 0.59186950698494989 15.846326829865573 0.57839593477547169 0.59758765250444434 1.2546953335404394 0.65737350843846798 0.58144399896264065 0.52681192383170028 0.60464121215045352 522.52500202506781 518.80592942051589 1.733614183962344 8.4510382544249278
leaf_count=30 35 43 10 35 23 10 31 32 8 14 11 23 20 224 6 21 16 17 608 18 22 47 22 20 19 22 20056 19631 63 319
internal_value=-3.40401e-06 0.0303774 -0.0304503 0.0305716 0.00639078 -0.0305418 -0.00321789 -0.030689 -0.0268144 0.0307423 0.0265097 0.00177833 -0.0310092 0.0311637 -0.0308283 0.0308389 -0.0308259 0.0308901 -0.0308354 0.0310408 0.0308566 0.03089 0.0309312 -0.0308848 0.0308381 -0.0308253 -0.0308253 0.030838 0.0308379 0.0308479
internal_weight=1096.57 548.878 547.687 547.144 3.83537 546.915 2.9302 543.985 18.8818 543.309 12.1321 1.92143 17.4429 10.2106 525.103 531.177 524.59 9.04241 16.4434 1.2006 8.45054 2.50966 1.25496 1.73401 530.355 524.001 523.13 529.517 528.991 10.1847
internal_count=41456 20602 20854 20539 58 20844 66 20778 646 20481 398 52 638 346 20132 20083 20126 332 628 41 315 91 44 63 20062 20110 20078 20032 20013 382
is_linear=0
shrinkage=0.03


Tree=98
num_leaves=31
num_cat=0
split_feature=45 48 26 14 12 8 52 8 52 11 15 23 16 12 28 51 26 26 23 52 8 6 14 4 37 24 46 4 14 6
split_gain=1092.67 7.03226 3.49816 2.48542 2.54179 2.37214 3.16792 0.323646 4.34166 0.252021 1.57336 0.0087566 0.0029972 0.00155568 0.000214963 0.00015615 6.01423e-05 0.000102915 4.22368e-05 1.99236e-05 6.8508e-06 3.94221e-06 8.16803e-06 3.26655e-06 2.86602e-06 2.21704e-06 1.75302e-06 1.65903e-06 1.05511e-06 2.76712e-06
threshold=389.50000000000006 25.500000000000004 59.500000000000007 947.50000000000011 50.500000000000007 242.10410160000004 87.500000000000014 250.72016100000005 87.500000000000014 3145.5000000000005 104.50000000000001 0.033613805500000003 1027.5000000000002 56.500000000000007 118.50000000000001 121.50000000000001 93.500000000000014 102.50000000000001 0.035159978000000008 87.500000000000014 212.50609755000002 39.564578715000003 888.50000000000011 237.16120720000001 0.044339629000000005 0.043277414000000007 221.50000000000003 229.15909090000005 858.50000000000011 39.675337840000005
decision_type=2 2 2 2 2 2 2 2 2 2 2 2 2 2 2 2 2 2 2 2 2 2 2 2 2 2 2 2 2 2
left_child=1 3 5 9 -5 6 -2 8 11 16 -11 -7 14 -6 26 -12 25 -18 -13 -19 24 22 -22 -3 -17 -1 -9 -28 -27 -30
right_child=2 23 -4 4 13 7 -8 12 -10 10 15 18 -14 -15 -16 20 17 19 -20 -21 21 -23 -24 -25 -26 28 27 -29 29 -31
leaf_value=0.030862116860610633 -0.031963030086116589 -0.030810867534249761 0.034216550388750988 -0.017215722330505581 0.03293083063723317 -0.033740701506514523 0.03160049042747478 -0.030843392947047799 0.023558519989031513 -0.00032502813108370931 0.031285018518675753 -0.031061338171028116 -0.03312673906619553 0.031168744976627305 -0.031434411149363982 0.030811534905022777 0.031283481537169387 0.030816460843093467 -0.03080056663740002 0.031024043166350341 0.030982984231358392 0.030828502802555238 0.03083679710101592 -0.030895016121512773 0.030868897133962434 0.030812375900429279 -0.030850584062076369 -0.030800131897573708 0.030818144354776627 0.030883238687210643
leaf_weight=0.81396316550671954 1.560118129476904 0.74267345294356235 0.75242622941732307 1.9750894829630845 0.89509694650769211 0.97351897507906571 1.2884665299206972 0.84670147486030956 1.424187660217284 1.6996760219335545 0.74237953126430412 0.58007101900875468 0.4991249144077291 0.90872996114194393 0.48154185339808364 6.2557983528822643 0.63917971588671152 2.0630061328411107 15.390321455895899 0.521277505904436 0.69258545711636565 0.86012199334800232 0.68342169746756554 0.94153480418026447 0.89622239768505085 502.07009419985116 0.58727089501917262 507.57905551418662 9.1623045187443459 0.62802511639893133
leaf_count=30 35 29 10 16 13 10 31 32 8 17 22 20 6 29 12 244 19 80 608 17 23 33 26 34 33 19559 22 20060 355 23
internal_value=-3.3736e-06 0.0303466 -0.0304235 0.0305406 0.00629748 -0.030515 -0.0032121 -0.0306622 -0.0267498 0.0307142 0.0263849 -0.0309784 -0.0308031 0.0320431 -0.0308009 0.0308662 0.0308135 0.0309426 -0.03081 0.0308583 0.0308331 0.0308789 0.0309104 -0.0308579 0.0308187 0.0308126 -0.0308003 -0.0308002 0.0308126 0.0308223
internal_weight=1065.15 533.191 531.963 531.507 3.77892 531.21 2.84858 528.362 18.3681 527.728 11.8302 16.9439 509.994 1.80383 509.495 10.1305 515.898 3.22346 15.9704 2.58428 9.38815 2.23613 1.37601 1.68421 7.15202 512.674 509.013 508.166 511.86 9.79033
internal_count=41456 20602 20854 20539 58 20844 66 20778 646 20481 398 638 20132 42 20126 381 20083 116 628 97 359 82 49 63 277 19967 20114 20082 19937 378
is_linear=0
shrinkage=0.03


Tree=99
num_leaves=31
num_cat=0
split_feature=45 48 27 17 7 8 52 8 52 11 15 23 14 16 42 14 27 18 23 8 16 2 24 40 49 4 40 23 14 17
split_gain=1059.39 6.81757 3.39105 2.47357 2.58773 2.30252 3.06891 0.321076 4.21313 0.230454 1.59207 0.00795922 0.00574131 0.00272689 0.00103489 0.000361963 0.000176758 0.000140841 3.86191e-05 4.91692e-06 4.49565e-06 3.03557e-06 2.02291e-06 2.00366e-06 1.59853e-06 1.51269e-06 1.47012e-06 1.26846e-06 1.14795e-06 2.40954e-06
threshold=389.50000000000006 25.500000000000004 1092.5000000000002 139.50000000000003 10124.000000000002 242.10410160000004 87.500000000000014 250.72016100000005 87.500000000000014 3145.5000000000005 104.50000000000001 0.033613805500000003 942.50000000000011 1027.5000000000002 0.061146010000000008 888.50000000000011 85.500000000000014 229.50000000000003 0.035159978000000008 212.50609755000002 672.50000000000011 16.235841275000002 0.043277414000000007 0.022716978500000002 117.50000000000001 229.15909090000005 0.022716978500000002 0.027952284000000004 858.50000000000011 125.50000000000001
decision_type=2 2 2 2 2 2 2 2 2 2 2 2 2 2 2 2 2 2 2 2 2 2 2 2 2 2 2 2 2 2
left_child=1 3 5 9 -5 6 -2 8 11 15 -11 -7 17 16 -6 22 24 19 -13 23 -21 -3 -1 -12 -9 -26 -22 -25 -24 -30
right_child=2 21 -4 4 14 7 -8 13 -10 10 12 18 -14 -15 -16 -17 -18 -19 -20 20 26 -23 28 27 25 -27 -28 -29 29 -31
leaf_value=0.030835917451889679 -0.031903446781766938 -0.030802825541745221 0.034079298322052927 -0.017493802013563143 0.031050693388988516 -0.03361684708066244 0.031551381786700597 -0.030817784952738552 0.023091816309598855 -0.00031520269470761315 0.030792791244285824 -0.031029279563506904 0.033996600368360386 -0.033025221413589281 0.032460006934426779 0.031421217573949792 -0.031331456944254661 0.031300269448699611 -0.030776284985946555 0.0309178379864684 0.03079361742921809 -0.030889387294331067 0.030787696446570218 0.030807432634820133 -0.030824750637387557 -0.0307758669618718 0.030852622710345515 0.030869366357662749 0.030832112590082266 0.03079130993614496
leaf_weight=0.79056793078780074 1.5167945865541688 1.0872020330280054 0.73308499529957671 1.9683278221637004 0.98032793961465337 0.94817526638508454 1.2523033805191517 0.82235014252364536 1.4096053987741459 1.7000779509544361 5.8814689330756611 0.56350016221403976 0.5475641433149584 0.48583998903632064 0.89897852391004562 0.81369509547948737 0.51613624393939872 0.56435344181954938 14.94707474298775 0.64750684984028373 0.75178063474595525 0.54859067685902108 489.87272266671062 0.66170841827988602 0.57038484327494998 492.91219386830926 0.76850619725883007 0.540914636105299 1.5839513819664697 7.3323838301002979
leaf_count=30 35 43 10 25 32 10 31 32 8 17 235 20 6 6 16 29 14 17 608 23 30 20 19650 26 22 20058 29 20 61 293
internal_value=-3.37076e-06 0.0303166 -0.0303974 0.0305103 0.00654615 -0.030489 -0.00320649 -0.0306363 -0.0266854 0.0306902 0.0265929 -0.0309486 0.0310069 -0.0307788 0.0317248 0.030789 -0.0307766 0.0308402 -0.0307855 0.0308121 0.0308516 -0.0308319 0.030788 0.0308 -0.030776 -0.0307759 0.0308234 0.0308353 0.0307879 0.0307986
internal_weight=1034.62 517.941 516.677 516.305 3.84763 515.944 2.7691 513.175 17.8684 512.457 12.0639 16.4588 10.3638 495.307 1.87931 500.393 494.821 9.81624 15.5106 9.25189 2.16779 1.63579 499.58 7.08409 494.305 493.483 1.52029 1.20262 498.789 8.91634
internal_count=41456 20602 20854 20539 73 20844 66 20778 646 20466 403 638 386 20132 48 20063 20126 380 628 363 82 63 20034 281 20112 20080 59 46 20004 354
is_linear=0
shrinkage=0.03


Tree=100
num_leaves=31
num_cat=0
split_feature=45 48 26 17 17 4 52 11 19 10 4 52 24 16 51 11 36 40 5 28 2 5 11 2 25 19 27 4 26 2
split_gain=1027.13 6.60954 3.28734 2.44676 2.53517 1.38396 4.21217 0.237046 1.59171 0.222446 0.160758 3.64683 0.006889 0.0024815 0.00235685 0.00173242 0.0013869 0.000418024 0.000271634 0.000178917 0.000118705 0.000104986 4.50633e-05 0.00051215 2.22387e-05 1.23948e-05 5.4558e-06 3.54866e-06 2.87399e-06 2.80589e-06
threshold=389.50000000000006 25.500000000000004 59.500000000000007 139.50000000000003 142.50000000000003 241.90757860000002 87.500000000000014 3145.5000000000005 267.50000000000006 758.50000000000011 250.15070310000002 87.500000000000014 0.055635851500000007 1027.5000000000002 122.50000000000001 3239.5000000000005 8.5000000000000018 0.018808339500000004 1663.5000000000002 118.50000000000001 11.461884285000002 2074.5000000000005 3118.5000000000005 11.254611840000001 0.036900996000000012 320.50000000000006 63.500000000000007 212.37835420000002 4.5000000000000009 11.026967105000002
decision_type=2 2 2 2 2 2 2 2 2 2 2 2 2 2 2 2 2 2 2 2 2 2 2 2 2 2 2 2 2 2
left_child=1 3 5 7 -5 6 14 22 -9 -6 11 12 -7 19 -2 18 -17 -11 -10 -12 25 26 -1 29 -16 -14 -22 -20 -29 -24
right_child=2 -3 -4 4 9 10 -8 8 15 17 13 -13 20 -15 24 16 -18 -19 27 -21 21 -23 23 -25 -26 -27 -28 28 -30 -31
leaf_value=0.030764006665350306 -0.032898425846391376 -0.030806613894616291 0.03394689139172638 -0.025607954789856474 0.01173049211624691 -0.033421090020431324 0.029381740651996065 -0.0002878461634390639 0.031481247019428935 0.031006833718871054 -0.030752357305067389 0.021329939928384965 -0.030902273771494779 -0.032927284555413681 -0.030962816884545934 0.031198513607487353 0.032947059699275132 0.031968653495184907 0.030774892158296853 -0.031347699152634322 -0.030883862550659159 -0.031280231194273436 0.03076307946184037 0.031787985791746201 -0.030757309872009801 -0.030753003536430443 -0.030746864279105095 0.030776445909302414 0.03086727427044083 0.030836071874649519
leaf_weight=479.34430287778378 0.55525275506079141 1.5887288134545077 0.71415195427834888 1.3991898745298379 0.75108911097049746 0.92016828060150757 1.4021002184599636 1.7115842420607794 0.53737249039113333 0.88216720707714535 468.80313844792545 1.2660040408372868 0.51258854568005219 0.47286240011453529 0.5681748874485496 1.056616848334669 0.6653270162642001 0.75452183187007904 6.5074804667383432 0.45476013049483199 0.52515358850359806 0.75239966250956047 5.6358068250119677 0.47865507192909706 2.8565739504992962 21.495185542851686 0.52133965864777565 0.53809313103556611 0.75129511393606663 0.51749886013567437
leaf_count=19794 8 63 10 12 15 11 34 21 16 30 19643 7 20 6 20 38 12 16 266 12 20 22 233 16 119 900 22 22 28 20
internal_value=-3.36726e-06 0.0302869 -0.0303721 0.0304804 0.00645754 -0.0304638 -0.015333 0.0306632 0.026456 0.0252473 -0.030628 -0.0283314 -0.0308741 -0.0307551 -0.0310854 0.0310078 0.0318741 0.0314502 0.0308289 -0.0307529 -0.0307756 -0.0310099 0.0307651 0.0308427 -0.0307914 -0.0307565 -0.0308156 0.0307839 0.0308294 0.0307692
internal_weight=1004.94 503.12 501.82 501.531 3.78697 501.106 5.3821 497.744 11.7678 2.38778 495.724 25.9928 24.7268 469.731 3.98 10.0562 1.72194 1.63669 8.33424 469.258 23.8067 1.79889 485.976 6.63196 3.42475 22.0078 1.04649 7.79687 1.28939 6.15331
internal_count=41456 20602 20854 20539 73 20844 181 20466 403 61 20663 1002 995 19661 147 382 50 46 332 19655 984 64 20063 269 139 920 42 316 50 253
is_linear=0
shrinkage=0.03


Tree=101
num_leaves=31
num_cat=0
split_feature=45 26 23 17 2 8 45 51 11 29 8 24 11 19 24 14 28 37 8 14 15 23 22 43 13 4 46 27 17 14
split_gain=995.889 3.18688 2.68401 2.60173 2.29641 2.17598 1.75834 1.55912 0.711487 0.412923 0.316363 2.10931 0.241167 1.58126 0.180458 0.00466387 0.00225473 0.000417184 0.00030796 0.0003079 7.17577e-05 3.23248e-05 2.56028e-05 1.23643e-05 2.69528e-06 1.62035e-06 1.31988e-06 1.11262e-06 4.19553e-06 9.56766e-07
threshold=389.50000000000006 59.500000000000007 0.021258515000000002 139.50000000000003 10.795094760000003 242.10410160000004 387.50000000000006 120.50000000000001 2026.5000000000002 1.3879765235000001 250.72016100000005 0.055844639500000008 3145.5000000000005 267.50000000000006 0.044495522000000003 942.50000000000011 124.50000000000001 0.020050639000000006 219.43746090000002 888.50000000000011 105.50000000000001 0.035159978000000008 134.50000000000003 0.19043480950000002 780.50000000000011 229.15909090000005 221.50000000000003 18.500000000000004 127.50000000000001 858.50000000000011
decision_type=2 2 2 2 2 2 2 2 2 2 2 2 2 2 2 2 2 2 2 2 2 2 2 2 2 2 2 2 2 2
left_child=2 5 6 12 17 7 23 -2 -8 -9 11 -7 14 -14 -4 18 22 -5 20 29 -15 -13 25 -1 27 -12 -27 -22 -29 -16
right_child=1 -3 3 4 -6 10 8 9 -10 -11 16 21 13 15 19 -17 -18 -19 -20 -21 24 -23 -24 -25 -26 26 -28 28 -30 -31
leaf_value=0.03094417271165428 0.03129530810121476 0.033819130256157057 0.016611000449909753 0.030914112534425237 -0.017714339969240208 0.00028121277898020958 -0.030737533267542062 -0.031897433051254913 0.011384039818460777 -0.0030939623786196318 -0.030781585015115562 -0.030968216409221608 -0.00027915038274881613 0.0311070591657608 0.030740643447227305 0.033741677153242958 -0.032551291317899231 0.031904534841424963 0.031510873956006082 0.031341782579191624 0.030741249991527022 -0.03072995183487132 -0.030957648531582463 0.030741492385033903 0.030810728715615934 -0.03076874753509452 -0.030729578345946498 0.030836378825648637 0.030746742499997967 0.030750854289710156
leaf_weight=0.54230302944779329 0.81419277936220114 0.69562415219843288 0.81477263383567233 0.67940061911940508 1.8942070193588731 2.2804329767823246 1.1933763548731802 0.97870162874460198 0.51738217845559109 0.82598983682692051 0.54116174392402072 0.53179027885198493 1.7119487039744843 0.56006165780126593 460.9868178088218 0.52013303712010461 0.61250634863972564 0.8766560684889555 0.54952639341354448 0.76855953596532245 4.5162025745958072 14.097356086596845 0.44390005245804687 0.54124967008829117 0.7364063225686549 0.77555413730442424 464.78707952052355 0.59097314067184958 2.2950710132718086 8.4096236340701562
leaf_count=19 24 10 32 25 20 18 51 25 20 17 22 20 21 20 19606 6 9 20 15 29 192 608 16 23 29 32 20053 23 97 354
internal_value=-3.37304e-06 -0.0303471 0.0302584 0.030427 0.00446857 -0.0304388 0.000940624 -0.00316671 -0.0179988 -0.0187144 -0.0305864 -0.0265553 0.0306126 0.0263166 0.0307174 0.0309776 -0.0307323 0.0314721 0.0308221 0.0307418 0.0307786 -0.0307386 -0.0307299 0.0308429 0.030756 -0.0307297 -0.0307296 0.0307505 0.0307651 0.0307408
internal_weight=976.089 487.384 488.705 485.91 3.45026 486.689 2.79431 2.61888 1.71076 1.80469 484.07 16.9096 482.46 11.4803 470.98 9.76837 467.16 1.55606 9.24824 470.165 8.69871 14.6291 466.548 1.08355 8.13865 466.104 465.563 7.40225 2.88604 469.396
internal_count=41456 20854 20602 20489 65 20844 113 66 71 42 20778 646 20424 403 20021 382 20132 45 376 19989 361 628 20123 42 341 20107 20085 312 120 19960
is_linear=0
shrinkage=0.03


Tree=102
num_leaves=31
num_cat=0
split_feature=49 48 26 17 2 8 11 12 19 8 52 20 42 8 23 12 14 16 42 14 28 7 23 51 37 19 18 24 4 14
split_gain=961.896 10.1128 3.09374 2.49566 2.46253 1.24689 0.498357 3.68926 0.996464 0.37951 5.55669 0.315894 0.0334361 0.0291152 0.00669557 0.00383335 0.0023629 0.00205747 0.000405708 0.00028371 0.000148441 3.82028e-05 2.95552e-05 1.01995e-05 4.27109e-06 3.46935e-06 3.00841e-06 2.1466e-06 1.48091e-06 8.47089e-07
threshold=116.50000000000001 24.500000000000004 59.500000000000007 138.50000000000003 10.795094760000003 242.10410160000004 3145.5000000000005 43.500000000000007 261.50000000000006 250.72016100000005 87.500000000000014 66.500000000000014 0.06976794900000001 219.64483710000005 0.033613805500000003 44.500000000000007 933.50000000000011 1027.5000000000002 0.061146010000000008 888.50000000000011 118.50000000000001 5951.5000000000009 0.035159978000000008 121.50000000000001 0.022716978500000002 272.50000000000006 70.500000000000014 0.043277414000000007 229.15909090000005 858.50000000000011
decision_type=2 2 2 2 2 2 2 2 2 2 2 2 2 2 2 2 2 2 2 2 2 2 2 2 2 2 2 2 2 2
left_child=1 3 5 6 18 11 19 -8 -9 10 14 -2 -3 15 -7 -10 23 20 -5 27 28 26 -16 -17 -25 -26 -14 -1 -11 -29
right_child=2 12 -4 4 -6 9 7 8 13 17 -12 -13 21 -15 22 16 -18 -19 -20 -21 -22 -23 -24 24 25 -27 -28 29 -30 -31
leaf_value=0.030769991138060098 0.0087910722746976974 -0.039128807599085949 0.033695836112806375 0.030938058737389626 -0.017601098520215304 -0.033476491156194305 -0.05131962735005742 -0.005283292257029417 0.033220124742891183 -0.03075790184878897 0.03787786924475757 -0.017562166827692058 -0.03080259852255696 0.023978794310277711 -0.030939027153604307 0.030872464273037786 0.032797938638504991 -0.03274235077134352 0.031846581520789785 0.031303861030476776 -0.031265686902770498 -0.031073408195385607 -0.030707861523504291 0.030721499187578959 0.030831824849795887 0.030745162640593262 -0.030704368046229381 0.030718371499384913 -0.030707514258705319 0.030728120641426715
leaf_weight=0.73112365603446861 0.82252192124724277 0.59601754508912508 0.67749809101223846 0.91977680660784178 1.9306042231619356 0.83756551891565401 0.55133385211229224 0.7453911304473867 0.66744282841682157 0.52556627616286178 1.1381881386041648 0.81499070860445499 0.69481071457266785 0.55796639062464315 0.51655303686857124 0.50783866271376243 0.53487666882574636 0.44791758060455222 0.85227175243198872 0.74673505872487922 0.42930083908140559 0.51395786553621281 13.690409302711485 6.0707419198006392 0.61197955533862103 1.2965816538780925 0.47068766504526138 449.17924887500703 451.89280600659549 8.16702853143215
leaf_count=30 20 16 10 33 21 9 5 7 8 22 7 21 28 13 20 19 11 6 20 29 12 18 608 265 24 55 21 19668 20076 354
internal_value=-3.36662e-06 0.0300687 -0.0303657 0.0303716 0.00583833 -0.0304578 0.0305647 0.0244085 0.0282065 -0.030549 -0.0260347 -0.00432495 -0.0330243 0.0306426 -0.0308699 0.0310263 0.030864 -0.0307101 0.031375 0.0307196 -0.0307081 -0.0308579 -0.0307163 0.0307421 0.0307338 0.030773 -0.0307629 0.0307186 -0.0307076 0.0307185
internal_weight=948.14 476.346 471.793 474.071 3.70265 471.116 470.368 11.5442 10.9928 469.478 16.1827 1.63751 2.27547 10.2474 15.0445 9.68946 9.02202 453.296 1.77205 458.824 452.848 1.67946 14.207 8.48714 7.9793 1.90856 1.1655 458.077 452.418 457.346
internal_count=41456 20645 20811 20562 74 20801 20488 407 402 20760 644 41 83 395 637 382 374 20116 53 20081 20110 67 628 363 344 79 49 20052 20098 20022
is_linear=0
shrinkage=0.03


Tree=103
num_leaves=31
num_cat=0
split_feature=45 48 26 14 42 14 27 19 14 51 49 45 16 2 13 18 27 18 14 27 7 0 16 6 17 19 24 7 24 16
split_gain=936.165 6.08444 2.99493 2.37545 2.32941 1.71323 0.375174 8.37299 0.267223 2.87555 0.0559884 0.00206377 0.00181793 0.00166793 0.0010159 0.00181373 0.00127838 0.000494332 0.0050986 0.000114422 0.00010333 0.000158569 8.5037e-05 6.20452e-05 4.75581e-05 3.9068e-05 7.07675e-06 5.29447e-06 1.94923e-06 1.79991e-06
threshold=389.50000000000006 25.500000000000004 59.500000000000007 947.50000000000011 0.090909091500000011 697.50000000000011 36.500000000000007 356.50000000000006 866.50000000000011 121.50000000000001 115.50000000000001 390.50000000000006 1027.5000000000002 11.619007685000001 767.50000000000011 187.50000000000003 6.5000000000000009 279.50000000000006 899.50000000000011 85.500000000000014 11388.500000000002 46.500000000000007 650.50000000000011 43.400085480000008 136.50000000000003 297.50000000000006 0.056385697000000005 5304.0000000000009 0.043277414000000007 681.50000000000011
decision_type=2 2 2 2 2 2 2 2 2 2 2 2 2 2 2 2 2 2 2 2 2 2 2 2 2 2 2 2 2 2
left_child=1 3 5 8 -5 -2 10 -8 14 -10 -7 -12 19 22 24 16 -16 18 23 20 21 -9 -11 -13 25 28 -22 -3 -1 -17
right_child=2 27 -4 4 -6 6 7 12 9 13 11 17 -14 -15 15 29 -18 -19 -20 -21 26 -23 -24 -25 -26 -27 -28 -29 -30 -31
leaf_value=0.030746660248109577 0.02540802274427718 -0.030833803598540332 0.033576831729893231 0.032340742636129183 -0.017085049573135086 -0.041226257055720347 0.035378244269082197 -0.030706486246742239 -0.020530812441271005 0.031126343037473109 -0.032778615974141813 -0.030964843392372599 -0.032654293414065456 0.032614983720025914 0.031210836877526377 0.030703155820742772 0.032983793284253153 -0.030686088980461896 -0.03293425108644555 -0.031175232121776975 -0.030802409521871691 -0.031333021753847029 0.030704016008701252 -0.030686678307219734 0.030963945107105557 0.030908392420078916 -0.030686417767224139 -0.030709298595740047 0.030696913834290702 0.030766945571148702
leaf_weight=0.7100459523499002 0.49477620422840018 0.43785433657467265 0.65977003425359626 1.587165987119078 1.8684752658009527 0.45475217513739963 1.8099329993128765 0.98543708585202583 1.0800169128924597 0.44839382357895097 0.4270191416144361 0.77018314599990567 0.43583410978317161 0.43655815534293729 0.80930782109498867 2.3262342568486933 0.66824908554553986 406.23327505774796 0.99799745529890138 0.45994412712752719 0.48017017729580302 0.57608704082667828 9.9694305434823018 11.459808630868791 0.60316415876150031 0.78820935450494189 33.543180322274566 1.0316524673253296 437.87038518674672 0.48029382154345501
leaf_count=30 20 17 10 38 20 10 20 44 19 17 6 29 6 7 31 104 13 18585 16 14 20 16 446 524 21 33 1534 46 19740 20
internal_value=-3.34645e-06 0.0302007 -0.0302945 0.0303955 0.00561607 -0.0303863 -0.0304465 -0.0276036 0.0305832 0.0261532 -0.0307055 -0.0306941 -0.0307284 0.0307983 0.0307022 0.031162 0.0320127 -0.030692 -0.0308724 -0.0307051 -0.030699 -0.0309376 0.0307222 -0.0307042 0.0306977 0.0306974 -0.0306881 -0.0307464 0.030697 0.0307141
internal_weight=920.904 461.115 459.788 459.646 3.45564 459.128 458.634 38.2906 456.19 11.9344 420.343 419.888 36.4807 10.8544 444.256 4.28408 1.47756 419.461 13.228 36.0448 35.5849 1.56152 10.4178 12.23 439.972 439.369 34.0234 1.46951 438.58 2.80653
internal_count=41456 20602 20854 20539 58 20844 20824 1654 20481 489 19170 19160 1634 470 19992 168 44 19154 569 1628 1614 60 463 553 19824 19803 1554 63 19770 124
is_linear=0
shrinkage=0.03


Tree=104
num_leaves=31
num_cat=0
split_feature=45 48 26 14 7 14 27 19 11 39 7 49 7 45 16 7 18 14 17 27 11 19 19 23 14 18 24 7 19 24
split_gain=907.75 5.89922 2.90377 2.3499 2.27731 1.7433 0.365316 8.11516 0.291021 1.70038 3.31167 0.0518049 0.00569165 0.0018802 0.00165498 0.00107317 0.000450855 0.00464551 0.000260493 0.000104406 0.000102145 0.000127938 7.89761e-05 3.26566e-05 3.0169e-05 5.48842e-05 6.44287e-06 4.82953e-06 3.73883e-06 1.79204e-06
threshold=389.50000000000006 25.500000000000004 59.500000000000007 947.50000000000011 10449.500000000002 691.50000000000011 36.500000000000007 356.50000000000006 3145.5000000000005 0.063821647500000009 9155.5000000000018 115.50000000000001 8951.5000000000018 390.50000000000006 1027.5000000000002 12430.500000000002 279.50000000000006 899.50000000000011 142.50000000000003 85.500000000000014 3770.5000000000005 394.50000000000006 297.50000000000006 0.028098118500000002 849.50000000000011 266.50000000000006 0.056385697000000005 5304.0000000000009 269.50000000000006 0.043277414000000007
decision_type=2 2 2 2 2 2 2 2 2 2 2 2 2 2 2 2 2 2 2 2 2 2 2 2 2 2 2 2 2 2
left_child=1 3 5 8 -5 -2 11 -8 18 12 -11 -7 -10 -13 19 -6 17 24 29 20 21 -9 28 -12 -15 -26 -22 -3 -14 -1
right_child=2 27 -4 4 15 6 7 14 9 10 23 13 22 16 -16 -17 -18 -19 -20 -21 26 -23 -24 -25 25 -27 -28 -29 -30 -31
leaf_value=0.030724053946779628 0.027826052280808648 -0.030808517368280327 0.033461948243108088 -0.01737969263687849 0.032550245296551733 -0.040919552899838743 0.035205256408935855 -0.03068125014289616 0.033052407768644404 -0.055571820045241742 0.03069622216458864 -0.032690153185956097 0.030755594145686779 -0.030666246381036686 -0.032569280629958008 0.030986765912155496 -0.030665354991662671 -0.032840785310253584 0.031247738814168879 -0.031139399686887653 -0.030778162023929214 -0.031269363696588039 0.03103119589881034 0.031031583989251883 -0.031071044465016961 -0.030668087941583346 -0.030665861563081615 -0.030687854205760482 0.030687916343756224 0.030675652839810861
leaf_weight=0.68956028670072456 0.4628695659339418 0.42525728791952033 0.64243588410317798 1.8181321546435349 0.83788203634321667 0.44457003474235435 1.7649415135383595 0.77867570891976245 1.0875127017497996 0.64228885434567828 0.57451281324028947 0.41550327837467094 0.83996424265205849 10.602073639631266 0.42404056712984939 0.74771645106375217 394.48980015330017 0.97121694125235158 0.71771947480738063 0.44685658998787303 0.46634056605398555 0.58152107894420624 0.7004261091351508 0.47938583791255951 0.48740086890757151 0.80938578210771084 32.730068499222398 1.0018515996634958 5.8600163254886866 431.46668305061758
leaf_count=30 19 17 10 16 14 10 20 36 14 8 26 6 36 499 6 28 18585 16 21 14 20 17 27 18 17 38 1541 46 269 20032
internal_value=-3.32279e-06 0.0301733 -0.0302726 0.030368 0.00553628 -0.0303645 -0.0304249 -0.0275786 0.0305587 0.025546 -0.00187579 -0.0306843 0.0310259 -0.0306731 -0.0307063 0.031813 -0.0306711 -0.0308458 0.0306767 -0.0306838 -0.0306779 -0.0309327 0.0307281 0.0308488 -0.030683 -0.0308195 -0.0306674 -0.0307238 0.0306964 0.0306757
internal_weight=894.407 447.889 446.518 446.462 3.40373 445.875 445.412 37.1924 443.058 10.1841 1.69619 408.22 8.48792 407.775 35.4275 1.5856 407.36 12.8701 432.874 35.0035 34.5566 1.3602 7.40041 1.0539 11.8989 1.29679 33.1964 1.42711 6.69998 432.156
internal_count=41456 20602 20854 20539 58 20844 20825 1654 20481 398 52 19171 346 19161 1634 42 19155 570 20083 1628 1614 53 332 44 554 55 1561 63 305 20062
is_linear=0
shrinkage=0.03


Tree=105
num_leaves=31
num_cat=0
split_feature=45 48 26 14 52 8 52 8 52 14 51 23 16 2 13 18 27 27 8 17 23 8 21 4 16 24 4 13 8 5
split_gain=880.226 5.71986 2.8155 2.32191 2.22566 1.98651 2.60867 0.306462 3.61075 0.277468 2.78877 0.0050455 0.00155258 0.00138051 0.000946889 0.00168356 0.00124211 0.000101661 7.98126e-05 3.95212e-05 2.26166e-05 2.93642e-06 5.75246e-05 2.77166e-06 1.49168e-06 1.4111e-06 1.12624e-06 8.79037e-07 6.4516e-06 1.06294e-05
threshold=389.50000000000006 25.500000000000004 59.500000000000007 947.50000000000011 86.500000000000014 242.10410160000004 87.500000000000014 250.72016100000005 87.500000000000014 866.50000000000011 121.50000000000001 0.033613805500000003 1027.5000000000002 11.619007685000001 767.50000000000011 187.50000000000003 6.5000000000000009 85.500000000000014 219.64483710000005 136.50000000000003 0.035159978000000008 221.26923080000003 90.500000000000014 237.16120720000001 681.50000000000011 0.043277414000000007 229.15909090000005 737.50000000000011 216.94665715000002 1631.5000000000002
decision_type=2 2 2 2 2 2 2 2 2 2 2 2 2 2 2 2 2 2 2 2 2 2 2 2 2 2 2 2 2 2
left_child=1 3 5 9 -5 6 -2 8 11 14 -11 -7 17 18 19 16 -16 26 -12 21 -13 27 25 -3 -17 -23 -9 -1 -29 -30
right_child=2 23 -4 4 -6 7 -8 12 -10 10 13 20 -14 -15 15 24 -18 -19 -20 -21 -22 22 -24 -25 -26 -27 -28 28 29 -31
leaf_value=0.030655069458327917 -0.031591202340801677 -0.030653715774467377 0.03335102268403814 0.03226309251294418 -0.016848854810165972 -0.033065003221660623 0.031340516266715808 -0.030691229816280842 0.021434562856221067 -0.019784181834049473 0.030660303518128384 -0.030856820887742824 -0.032487195081810437 0.032450299527787066 0.0311393114761471 0.030661287885066352 0.032930233800887013 -0.031104692612823257 0.031051795411483746 0.030906064742307934 -0.03064559547386974 0.030702147500604005 0.031019323204612412 -0.030739259800137156 0.030721088702214079 0.030657713521413735 -0.030645317015803888 0.030657070534329312 0.03065454667843482 0.030850664920820815
leaf_weight=382.42936955951154 1.3086072206497184 0.60489330627024063 0.62549126707017322 1.5218147225677958 1.8280837088823318 0.83055437356233319 1.0837962124496698 0.48140412569045921 1.3032815530896193 1.0870823301374901 9.3376033883541769 0.47345270216464896 0.41253235191106696 0.41308579593896944 0.76389633491635212 2.1936993785202508 0.64100363291800022 0.43412655778229137 0.49343762546777803 0.56901383772492309 12.536925740540026 0.66965097002685681 0.40943597257137199 0.78101052716374397 0.45291759446263302 16.307068541646004 414.12898236885667 13.494245668873189 0.60599548742174991 0.42187269404530525
leaf_count=18288 35 29 10 35 23 10 31 22 8 19 444 20 6 7 31 104 13 14 19 21 608 30 17 34 20 777 20090 644 29 18
internal_value=-3.2747e-06 0.0301472 -0.0302515 0.0303417 0.00546206 -0.0303434 -0.00308215 -0.0304949 -0.026303 0.0305354 0.0259031 -0.030798 -0.0306477 0.0307513 0.0306607 0.0311171 0.0319564 -0.0306459 0.03068 0.0306562 -0.0306533 0.0306559 0.0306679 -0.0307019 0.0306715 0.0306595 -0.0306454 0.0306553 0.0306626 0.030735
internal_weight=868.644 435.025 433.619 433.639 3.3499 432.994 2.3924 430.601 15.1442 430.289 11.3312 13.8409 415.457 10.2441 418.958 4.05152 1.4049 415.045 9.83104 414.907 13.0104 414.338 17.3862 1.3859 2.64662 16.9767 414.61 396.951 14.5221 1.02787
internal_count=41456 20602 20854 20539 58 20844 66 20778 646 20481 489 638 20132 470 19992 168 44 20126 463 19824 628 19803 824 63 124 807 20112 18979 691 47
is_linear=0
shrinkage=0.03


Tree=106
num_leaves=31
num_cat=0
split_feature=45 48 27 14 12 8 52 8 52 11 39 51 15 23 28 7 17 51 23 20 7 8 10 6 24 4 18 14 6 46
split_gain=853.529 5.54591 2.7299 2.297 2.17139 1.92811 2.52791 0.304229 3.50694 0.303104 1.69493 3.28719 0.00527919 0.00459066 0.00141367 0.0010166 0.000232117 3.66115e-05 2.06783e-05 1.6125e-05 4.02431e-06 3.28833e-06 2.65607e-06 2.04327e-06 1.48932e-06 1.02711e-06 9.20655e-07 7.75964e-07 2.62346e-06 5.73021e-07
threshold=389.50000000000006 25.500000000000004 1092.5000000000002 947.50000000000011 50.500000000000007 242.10410160000004 87.500000000000014 250.72016100000005 87.500000000000014 3145.5000000000005 0.063821647500000009 121.50000000000001 104.50000000000001 0.033613805500000003 124.50000000000001 12303.500000000002 142.50000000000003 121.50000000000001 0.035159978000000008 134.50000000000003 5304.0000000000009 212.50609755000002 707.50000000000011 39.564578715000003 0.043277414000000007 229.15909090000005 87.500000000000014 858.50000000000011 39.675337840000005 221.50000000000003
decision_type=2 2 2 2 2 2 2 2 2 2 2 2 2 2 2 2 2 2 2 2 2 2 2 2 2 2 2 2 2 2
left_child=1 3 5 9 -5 6 -2 8 13 16 12 -12 -11 -7 19 -6 24 -14 -15 25 -3 -19 -13 -23 -1 -9 -22 -26 -29 -27
right_child=2 20 -4 4 15 7 -8 14 -10 10 11 22 17 18 -16 -17 -18 21 -20 -21 26 23 -24 -25 27 29 -28 28 -30 -31
leaf_value=0.03068091812465552 -0.031543027066278671 -0.030760325016181211 0.033243907923512318 -0.017081274669098635 0.03255109854096206 -0.032965484905782744 0.031299656315754022 -0.030670344897919682 0.021004298958262821 0.032915318449037216 -0.056349810756225867 0.030743314572976604 0.030910291510557283 -0.030831051087751662 -0.032171371217465321 0.030997460382504213 0.031187527292748804 0.030635855966415756 -0.030626110996257342 -0.030820514478894688 -0.030619897461693437 0.03071738523691097 0.030646899181479142 0.030646925794961446 0.03063529803907427 -0.030653683263345461 -0.030679378955581805 0.030640174867459735 0.030709547498188255 -0.030625805407347832
leaf_weight=0.65030266158282657 1.2718423176556817 0.40113831497728714 0.60893147438764472 1.7816074118018144 0.73085028678178765 0.80840424448251447 1.0531174950301647 0.4674898125231256 1.2902783900499351 1.0876156240701655 0.62937922030687232 0.51365832053124882 0.51646289043128479 0.45983830839395423 0.53351712599396606 0.78744622133672237 0.68682387657463451 4.9137140903621912 12.174027116969226 0.38354823552071948 0.51568075455725193 0.84611239098012425 0.51495175063610077 0.65885014273226261 399.03395127877593 0.66467992775142093 0.42904081009328365 7.3102774098515502 0.52590931020677079 401.38263034820557
leaf_count=30 35 17 10 16 12 10 31 22 8 14 5 22 20 20 9 30 21 242 608 16 26 38 25 32 19650 32 20 358 24 20053
internal_value=-3.25563e-06 0.0301209 -0.0302301 0.0303152 0.005384 -0.030322 -0.00307771 -0.0304735 -0.0262391 0.0305121 0.0252655 -0.00234752 0.030972 -0.0307738 -0.0306281 0.0317453 0.0306365 0.0306673 -0.0306336 -0.0306261 -0.0306807 0.0306477 0.030695 0.0306865 0.0306356 -0.0306259 -0.0306469 0.0306355 0.0306448 -0.0306259
internal_weight=843.632 422.534 421.098 421.188 3.2999 420.489 2.32496 418.164 14.7325 417.888 9.68074 1.65799 8.02276 13.4423 403.432 1.5183 408.207 6.93514 12.6339 402.898 1.34586 6.41868 1.02861 1.50496 407.52 402.515 0.944722 406.87 7.83619 402.047
internal_count=41456 20602 20854 20539 58 20844 66 20778 646 20481 398 52 346 638 20132 42 20083 332 628 20123 63 312 47 70 20062 20107 46 20032 382 20085
is_linear=0
shrinkage=0.03


Tree=107
num_leaves=31
num_cat=0
split_feature=46 48 26 17 42 8 14 15 51 8 52 24 43 14 24 13 37 13 5 16 2 8 28 25 25 25 8 8 20 24
split_gain=822.267 10.1024 2.65051 2.51933 2.4006 1.31795 0.411638 3.85549 0.827084 0.355798 4.87053 0.0418232 0.028816 0.00450176 0.00418063 0.00146287 0.00320027 0.00135098 0.00132278 0.00128879 0.00117183 0.00117048 9.36957e-05 3.11858e-05 3.00293e-05 1.89246e-05 3.11003e-06 2.3074e-06 4.80506e-05 1.19437e-06
threshold=221.50000000000003 24.500000000000004 59.500000000000007 135.50000000000003 0.090909091500000011 242.10410160000004 858.50000000000011 101.50000000000001 121.50000000000001 250.72016100000005 87.500000000000014 0.05807647350000001 0.14893639300000003 959.50000000000011 0.055844639500000008 814.50000000000011 0.067818609000000016 767.50000000000011 1652.5000000000002 1027.5000000000002 11.619007685000001 220.24358975000004 118.50000000000001 0.029271689500000003 0.021258515000000002 0.035159978000000008 219.64483710000005 221.26923080000003 54.500000000000007 0.043277414000000007
decision_type=2 2 2 2 2 2 2 2 2 2 2 2 2 2 2 2 2 2 2 2 2 2 2 2 2 2 2 2 2 2
left_child=1 3 5 6 21 -2 15 -8 -9 10 14 13 -3 20 -7 17 -17 27 -19 22 26 23 -11 -5 -14 -16 -10 -1 29 -29
right_child=2 12 -4 4 -6 9 7 8 11 19 -12 -13 24 -15 25 16 -18 18 -20 -21 -22 -23 -24 -25 -26 -27 -28 28 -30 -31
leaf_value=0.030616395810638915 -0.00027644041456621694 -0.038409095110524143 0.033140458321895369 0.03096389173296989 -0.016055752599707429 -0.032946865716003075 -0.056614190878066101 0.0010705221543404299 0.030621633524509265 -0.030606967330520589 0.036779410853976992 0.020936062414305345 -0.03062589864686683 0.033663508113188689 -0.030806068140233074 0.030629673436060326 0.027391211164985316 0.032016881799265692 0.030629079997553758 -0.032331897575333925 0.032296585138899603 0.032382932029194011 -0.031083544681470201 0.030641296191103524 -0.030889894265060995 -0.030607119811414476 0.030704926800934972 0.030660345630460106 0.030958616488664704 0.030618246862431874
leaf_weight=372.34257073514163 1.3078290224075306 0.58741973713040296 0.59275161102414031 0.58338442072272234 2.0573772825300694 0.7329753786325427 0.49799573607742686 0.92549757100641628 10.594069560989729 390.33984119445086 1.0382523387670524 0.39978363551199514 1.1363581884652374 0.47478002309799272 0.44660446792840858 0.86382645927369484 0.40264218114316463 1.2315944693982595 1.2409307230263946 0.39043177291750808 0.3907404839992531 0.70783011429011811 0.37162823043763538 0.50158627703785896 0.58867618441581715 11.800147697329519 0.41941960901022035 0.63150037266314107 0.38608209975063879 15.331000477075575
leaf_count=18879 36 18 10 20 30 9 6 23 534 20082 7 20 57 5 20 43 20 39 62 6 7 14 12 25 24 607 19 30 17 775
internal_value=-3.21415e-06 0.0298579 -0.0302513 0.0302106 0.00605738 -0.0303438 0.0304396 0.0253283 0.0284187 -0.0304408 -0.0257448 0.03048 -0.0326702 0.0308012 -0.0307461 0.030618 0.0296001 0.0306213 0.0313204 -0.0306091 0.0306821 0.0314339 -0.0306074 0.0308148 -0.030716 -0.0306144 0.0306248 0.0306169 0.0306279 0.0306199
internal_weight=819.316 412.295 407.02 409.983 3.85018 406.428 406.132 13.7023 13.2043 405.12 14.018 12.2788 2.31245 11.879 12.9797 392.43 1.26647 391.164 2.47253 391.102 11.4042 1.7928 390.711 1.08497 1.72503 12.2468 11.0135 388.691 16.3486 15.9625
internal_count=41456 20667 20789 20568 89 20779 20479 614 608 20743 643 585 99 565 636 19865 63 19802 101 20100 560 59 20094 45 81 627 553 19701 822 805
is_linear=0
shrinkage=0.03


Tree=108
num_leaves=31
num_cat=0
split_feature=45 48 26 14 52 14 27 19 11 39 19 7 15 45 28 18 14 11 19 26 29 6 6 51 21 20 24 7 19 24
split_gain=802.575 5.21096 2.56649 2.25477 2.0865 1.35358 0.345458 7.35674 0.31362 1.67726 3.23608 0.0889095 0.00447315 0.00117793 0.00113482 0.000313889 0.00319152 8.08312e-05 0.000101631 5.1537e-05 9.63438e-05 4.35306e-05 4.1541e-05 3.51504e-05 1.75516e-05 1.3003e-05 4.47243e-06 3.38466e-06 2.28127e-06 1.23443e-06
threshold=389.50000000000006 25.500000000000004 59.500000000000007 947.50000000000011 86.500000000000014 717.50000000000011 36.500000000000007 356.50000000000006 3145.5000000000005 0.063821647500000009 272.50000000000006 7374.0000000000009 104.50000000000001 390.50000000000006 124.50000000000001 279.50000000000006 899.50000000000011 3770.5000000000005 394.50000000000006 93.500000000000014 14.500000000000002 43.400085480000008 37.602325580000006 121.50000000000001 94.500000000000014 134.50000000000003 0.056385697000000005 5304.0000000000009 269.50000000000006 0.043277414000000007
decision_type=2 2 2 2 2 2 2 2 2 2 2 2 2 2 2 2 2 2 2 2 2 2 2 2 2 2 2 2 2 2
left_child=1 3 5 8 -5 -2 11 -8 19 12 -11 -7 -10 -13 17 16 21 18 -9 29 -21 -15 -12 -14 -22 26 -19 -3 -25 -1
right_child=2 27 -4 4 -6 6 7 14 9 10 22 13 23 15 -16 -17 -18 25 -20 20 24 -23 -24 28 -26 -27 -28 -29 -30 -31
leaf_value=0.030640406834378513 0.020513352290886192 -0.030714995787783465 0.03304052691297852 0.032138612709075032 -0.016634829276538841 -0.048964537824244404 0.034673076626479386 -0.03060264034362108 0.032753192541884871 -0.05631675945305431 0.030627711958845456 -0.032238351252387359 0.030873047029465677 -0.030837948514307371 -0.032036855209317164 -0.030588617356496643 -0.03249417333791603 -0.030688387186605701 -0.03115501517186834 0.031121693284921193 0.030600199797001477 -0.030589507862962113 0.031017593837244138 0.030659597742909064 0.030824858306813484 -0.030771545127018653 -0.030589178797099485 -0.030607877947583552 0.03060265954528979 0.030597808690925644
leaf_weight=0.61322949454188247 0.47163953073322673 0.37832702882587799 0.57694664597511192 1.4270470496267071 1.7666465025395155 0.23730134963989158 1.6332941278815258 0.69234567880631093 1.0332760773599128 0.62351022660732247 0.55864963494241238 0.3923538587987413 0.49218994751572598 0.67769003473221978 0.50456306710839172 350.74548180028796 0.87058536335825998 0.41481549479067936 0.52870386466383934 0.47058036178350393 1.595768269151449 10.013835018500684 0.43940993212163448 0.71859985962510098 0.38933850452303875 0.36173511855304141 29.012058988213539 0.89005040749907494 5.3353879898786545 381.85633537173271
leaf_count=30 22 17 10 35 23 1 20 36 14 6 28 7 20 29 9 18585 16 20 17 17 83 530 18 35 16 16 1536 46 277 19937
internal_value=-3.19831e-06 0.0300707 -0.0301873 0.0302645 0.00515874 -0.0302792 -0.0303397 -0.0274081 0.0304679 0.0249943 -0.00269768 -0.0306075 0.0309188 -0.0305955 -0.0306255 -0.0305937 -0.0307475 -0.0306026 -0.0308418 0.0305988 0.0307358 -0.0306053 0.0307994 0.0306292 0.0306443 -0.0305928 -0.0305906 -0.0306398 0.0306094 0.0305979
internal_weight=795.722 398.588 397.133 397.32 3.19369 396.556 396.085 33.1475 394.126 9.20102 1.62157 362.937 7.57945 362.7 31.5142 362.308 11.5621 31.0097 1.22105 384.925 2.45569 10.6915 0.99806 6.54618 1.98511 29.7886 29.4269 1.26838 6.05399 382.47
internal_count=41456 20602 20854 20539 58 20844 20822 1654 20481 398 52 19168 346 19167 1634 19160 575 1625 53 20083 116 559 46 332 99 1572 1556 63 312 19967
is_linear=0
shrinkage=0.03


Tree=109
num_leaves=31
num_cat=0
split_feature=49 48 27 17 7 8 14 15 51 8 52 20 23 42 14 23 16 42 4 0 8 28 16 17 17 6 7 23 4 4
split_gain=775.289 8.26863 2.49247 2.3343 2.21069 1.06079 0.391121 3.55045 0.732408 0.339293 4.57821 0.257408 0.0420647 0.02561 0.00398441 0.00346581 0.00107015 0.000586317 0.000431645 0.000176771 0.00139895 7.78446e-05 3.40289e-05 0.000411561 0.00116217 4.4074e-05 1.97857e-05 1.58006e-05 1.89177e-06 1.09585e-05
threshold=116.50000000000001 24.500000000000004 1092.5000000000002 138.50000000000003 10124.000000000002 242.10410160000004 858.50000000000011 101.50000000000001 121.50000000000001 250.72016100000005 87.500000000000014 66.500000000000014 0.033314418500000005 0.06976794900000001 959.50000000000011 0.033613805500000003 1027.5000000000002 0.061146010000000008 216.74084245000003 48.500000000000007 217.56955130000003 118.50000000000001 654.50000000000011 121.50000000000001 120.50000000000001 40.053418805000007 5951.5000000000009 0.035159978000000008 212.37835420000002 212.70593130000003
decision_type=2 2 2 2 2 2 2 2 2 2 2 2 2 2 2 2 2 2 2 2 2 2 2 2 2 2 2 2 2 2
left_child=1 3 5 6 -5 11 19 -8 -9 10 15 -2 14 -3 18 -7 21 -6 -10 22 -21 -11 -1 24 -24 28 -15 -17 -25 -30
right_child=2 13 -4 4 17 9 7 8 12 16 -12 -13 -14 26 -16 27 -18 -19 -20 20 -22 -23 23 25 -26 -27 -28 -29 29 -31
leaf_value=0.030579755766797705 0.0085115492535521638 -0.038539370560086258 0.032943989823254194 -0.018030677028708572 0.03083376281706908 -0.032760195219805839 -0.055902814179342702 0.0037033240657721655 0.030587306989355204 -0.030570969935530077 0.036313917808776533 -0.017175900087516145 0.020618819153253972 -0.030615432372818288 0.033499271364341908 -0.030758418213941801 -0.03218691043252675 0.032011967303203111 0.031295157027142674 0.030579682387992847 0.032514721294111808 -0.031018167549999989 0.030579966441824563 0.030580182302435036 0.032169833317661947 0.030910548463801639 -0.030863136832183301 -0.030571253100422482 0.030736858641762049 0.030582247131967014
leaf_weight=329.40907037071884 0.70489563792943843 0.51522830314934154 0.56151121482252975 1.7506260219961398 0.77378958836197831 0.69439083337783536 0.46717279590666194 1.002306506037711 9.983381425961845 368.3432183843106 0.99165271222591478 0.69949943386018276 0.38066776469349939 0.94914562441408612 0.45791321992874223 0.42128713242709537 0.36940208822488685 0.74719952885061502 0.8406136594712742 2.9000696763396259 0.38035299256443966 0.35065911896526714 1.4883910063654178 31.580526616424322 0.57314747385680664 0.37250226736068626 0.41804318502545357 11.146970095112918 0.47826274111866895 3.0041737332940102
leaf_count=17712 20 16 10 26 32 9 5 24 532 20098 7 21 18 49 5 20 6 16 31 156 14 12 80 1697 13 17 18 608 23 161
internal_value=-3.14916e-06 0.0298835 -0.0302156 0.0301889 0.00495572 -0.030308 0.0304043 0.0253164 0.0283123 -0.0304036 -0.0256877 -0.00428283 0.0304273 -0.0328393 0.0307582 -0.0307016 -0.030573 0.0314126 0.0306423 0.0305848 0.030804 -0.0305714 0.0305828 0.0306099 0.031022 0.0305859 -0.0306912 -0.0305781 0.0305825 0.0306035
internal_weight=772.756 388.473 384.283 386.59 3.27162 383.722 383.319 13.1321 12.6649 382.318 13.2543 1.4044 11.6626 1.88242 11.2819 12.2626 369.063 1.52099 10.824 370.186 3.28042 368.694 366.906 37.497 2.06154 35.4355 1.36719 11.5683 35.063 3.48244
internal_count=41456 20645 20811 20562 74 20801 20488 615 610 20760 644 41 586 83 568 637 20116 48 563 19873 170 20110 19703 1991 93 1898 67 628 1881 184
is_linear=0
shrinkage=0.03


Tree=110
num_leaves=31
num_cat=0
split_feature=49 48 26 17 17 4 32 11 12 19 7 4 24 6 42 0 28 11 6 37 24 7 11 39 20 7 4 20 4 28
split_gain=751.814 8.01713 2.41686 2.30471 2.13727 0.621263 2.4122 0.514487 2.96586 1.02971 0.211057 0.170468 2.04528 0.0274448 0.0237695 0.0021461 0.000975146 0.000684947 0.000788766 0.000273984 4.23472e-05 0.000105992 2.99786e-05 0.000179558 1.94644e-05 1.80896e-05 1.22265e-05 1.11853e-05 6.97901e-06 3.012e-06
threshold=116.50000000000001 24.500000000000004 59.500000000000007 138.50000000000003 142.50000000000003 241.90757860000002 1.5000000000000002 3145.5000000000005 43.500000000000007 261.50000000000006 10124.000000000002 250.15070310000002 0.055635851500000007 40.158004155000008 0.06976794900000001 41.500000000000007 124.50000000000001 3239.5000000000005 38.644957980000008 0.018808339500000004 0.057824715000000006 11388.500000000002 3118.5000000000005 0.086556375000000005 69.500000000000014 5951.5000000000009 212.37835420000002 134.50000000000003 214.13335700000002 61.500000000000007
decision_type=2 2 2 2 2 2 2 2 2 2 2 2 2 2 2 2 2 2 2 2 2 2 2 2 2 2 2 2 2 2
left_child=1 3 5 7 -5 6 -2 22 -9 -10 -6 12 -7 15 -3 -11 27 26 -19 -12 21 -14 -1 -24 -8 -16 -17 -13 -28 -23
right_child=2 14 -4 4 10 11 24 8 9 13 19 16 20 -15 25 17 -18 18 -20 -21 -22 29 23 -25 -26 -27 28 -29 -30 -31
leaf_value=0.030562387506412696 0.031935549961233149 -0.03832996145775059 0.032850711269993851 -0.025806175573920773 0.010289051124706926 0.0049984572449235229 -0.030784121499330516 -0.047181408301422964 -0.0075875116717478612 0.032751000542217593 0.030799930360080933 -0.030553697199470927 -0.030985148551885538 0.023410222344026253 -0.030596892052908459 0.030578915761557048 -0.03191113781755632 0.032184188426975735 0.030584957814380895 0.031663999263450732 -0.030553999427681611 -0.030645106142866804 0.030569386410647915 0.031120561525196717 -0.030560741686683421 -0.03083723047941616 0.030768898403783423 -0.03072556516142599 0.03061527346134137 -0.030552532787117781
leaf_weight=357.82279813103378 0.70378373190760557 0.50269152969121833 0.54643994383513828 1.2492195703089231 0.6454973742365836 1.5842603594064737 0.41727969981730018 0.50607013702392478 0.6953950971364965 0.50141390040516665 0.69645463675260522 349.1084195561707 0.75417971052229704 0.4730640947818755 0.9216438792645929 5.0989724434912205 0.47705685719847579 0.57145743444561936 0.53971895575523376 0.62815375253558159 14.953660232946275 0.38933601975441012 4.3631160408258429 0.60580705665051926 2.2126315236091614 0.40602381713688374 0.52270880527794339 0.34113319218158622 0.54221568629145622 1.6866514477878807
leaf_count=19812 14 16 10 13 15 17 18 5 7 7 30 19620 29 14 49 277 9 16 29 16 840 20 240 29 123 18 24 16 28 95
internal_value=-3.13167e-06 0.0298595 -0.0301952 0.0301648 0.00489065 -0.0302877 -0.017395 0.0303834 0.0234733 0.0274707 0.0243551 -0.0304041 -0.0276644 0.0304259 -0.032774 0.0308527 -0.0305557 0.0307218 0.0314074 0.0312097 -0.0305741 -0.0306806 0.0305634 0.0306366 -0.0305962 -0.0306704 0.0305982 -0.0305539 0.0306907 -0.0305699
internal_weight=750.467 377.292 373.175 375.462 3.21933 372.628 3.33369 372.243 9.45102 8.94495 1.97011 369.295 19.3681 8.24955 1.83036 7.77649 349.927 7.27507 1.11118 1.32461 17.7838 2.83017 362.792 4.96892 2.62991 1.32767 6.1639 349.45 1.06492 2.07599
internal_count=41456 20645 20811 20562 74 20801 155 20488 407 402 61 20646 1001 395 83 381 19645 374 45 46 984 144 20081 269 141 67 329 19636 52 115
is_linear=0
shrinkage=0.03


Tree=111
num_leaves=31
num_cat=0
split_feature=46 48 26 5 12 8 14 15 19 8 52 23 43 19 23 2 14 16 13 18 5 15 37 8 27 51 23 19 2 23
split_gain=727.083 8.93785 2.34322 2.31611 2.76876 1.23514 0.447319 3.34621 2.13935 0.335624 4.39683 0.0975744 0.0217872 0.00343288 0.00325295 0.00177393 0.000935971 0.000888972 0.000872576 0.00149491 0.00119707 0.000593496 7.55808e-05 6.85453e-05 5.83559e-05 2.97784e-05 2.17996e-05 1.55553e-05 3.32387e-05 1.3227e-05
threshold=221.50000000000003 24.500000000000004 59.500000000000007 1821.5000000000002 50.500000000000007 242.10410160000004 858.50000000000011 101.50000000000001 259.50000000000006 250.72016100000005 87.500000000000014 0.033549332500000008 0.14770662950000002 302.50000000000006 0.033613805500000003 11.619007685000001 923.50000000000011 1027.5000000000002 767.50000000000011 187.50000000000003 1631.5000000000002 120.50000000000001 0.060023012500000007 219.64483710000005 85.500000000000014 121.50000000000001 0.021258515000000002 292.50000000000006 9.7763888890000015 0.035159978000000008
decision_type=2 2 2 2 2 2 2 2 2 2 2 2 2 2 2 2 2 2 2 2 2 2 2 2 2 2 2 2 2 2
left_child=1 3 5 6 -5 -2 13 -8 -9 10 14 15 -3 18 -7 16 23 24 27 20 -20 -6 -23 25 -11 -10 -14 -1 -29 -16
right_child=2 12 -4 4 21 9 7 8 11 17 -12 -13 26 -15 29 -17 -18 -19 19 -21 -22 22 -24 -25 -26 -27 -28 28 -30 -31
leaf_value=0.030545931081218843 -0.00019726914731467291 -0.037742765462097115 0.032760572823505606 -0.021646062266426007 0.032036413456202339 -0.032684621887741981 -0.053242252713654931 -0.042234666388699341 0.030796956405706264 -0.030537091737434276 0.036052603839326014 0.014920413586462192 -0.030552644457991197 0.0279990674518369 -0.030713550375273031 0.032550100307243125 0.031889984556671802 -0.032051466328295065 0.030990259022125325 0.030550085093078942 0.032921544822516385 0.030726858624584592 0.031215951059557885 0.030941895292724498 -0.030916818976309393 0.030550098156665779 -0.030790115693334258 0.030546961025519296 0.030901225599882048 -0.030537209606562546
leaf_weight=344.30601927824318 1.225585676729678 0.51718101091682855 0.53172720968723197 1.6997373551130288 0.60670860670506943 0.67850529402494153 0.47635605372488399 0.37907721102237601 0.46217039786278391 346.94927973672748 0.96289459615945894 0.36330659687519151 1.0258363280445335 0.47513074427842994 0.39732584729790588 0.45828625001013357 0.51545917801559049 0.34940518811345 0.61007341183721953 1.9971784912049768 0.54858088679611683 0.82904570270329692 0.43281910382211208 0.44761888496577817 0.36461956426501174 9.0836353786289674 0.5264600533992051 0.75545678660273441 0.34823108837008476 10.489208467304705
leaf_count=19626 36 17 10 23 17 9 6 4 19 20080 7 19 58 26 20 8 18 6 29 113 12 39 14 20 14 515 24 43 17 607
internal_value=-3.1181e-06 0.0297598 -0.0301703 0.0301125 0.00606141 -0.0302629 0.0303501 0.0247001 0.0278709 -0.0303652 -0.025541 0.0302163 -0.0324099 0.0305474 -0.0306693 0.030723 0.0306434 -0.030539 0.0305508 0.0310474 0.0319047 0.0312653 0.0308946 0.0305791 -0.0305375 0.0305621 -0.0306332 0.0305463 0.0306587 -0.0305436
internal_weight=728.813 366.864 361.949 364.795 3.56831 361.417 361.227 12.1859 11.7096 360.191 12.5279 11.3305 2.06948 349.041 11.565 10.9672 10.5089 347.663 348.566 3.15583 1.15865 1.86857 1.26186 9.99342 347.314 9.54581 1.5523 345.41 1.10369 10.8865
internal_count=41456 20667 20789 20568 93 20779 20475 609 603 20743 643 599 99 19866 636 580 572 20100 19840 154 41 70 53 554 20094 534 82 19686 60 627
is_linear=0
shrinkage=0.03


Tree=112
num_leaves=31
num_cat=0
split_feature=45 48 26 14 42 4 39 11 39 30 4 23 15 30 28 13 17 2 19 51 20 20 41 4 4 14 6 23 16 6
split_gain=709.749 4.60417 2.26902 2.15351 1.93651 1.1097 3.2729 0.333477 1.65975 3.3503 0.146076 1.43979 0.00335281 0.000989911 0.000810284 0.000682274 0.000200474 6.87711e-05 5.2294e-05 3.16533e-05 9.7571e-06 9.31448e-06 1.61456e-06 1.47374e-06 1.07478e-06 8.65332e-07 2.5352e-06 8.05979e-07 8.04382e-07 1.74318e-06
threshold=389.50000000000006 25.500000000000004 59.500000000000007 947.50000000000011 0.090909091500000011 241.90757860000002 0.032923663500000012 3145.5000000000005 0.063821647500000009 2.5000000000000004 250.15070310000002 0.033978040500000008 104.50000000000001 4.5000000000000009 124.50000000000001 808.50000000000011 142.50000000000003 11.461884285000002 394.50000000000006 121.50000000000001 76.500000000000014 134.50000000000003 0.11627255750000001 237.16120720000001 213.79772725000004 858.50000000000011 39.675337840000005 0.024023346000000004 654.50000000000011 39.387429640000008
decision_type=2 2 2 2 2 2 2 2 2 2 2 2 2 2 2 2 2 2 2 2 2 2 2 2 2 2 2 2 2 2
left_child=1 3 5 7 -5 6 -2 16 12 -10 11 -7 -9 -11 21 -8 25 -13 -19 -14 -17 -12 24 -3 -21 27 28 -1 29 -27
right_child=2 23 -4 4 -6 10 15 8 9 13 14 17 19 -15 -16 20 -18 18 -20 22 -22 -23 -24 -25 -26 26 -28 -29 -30 -31
leaf_value=0.030551013790099866 0.03142656334500548 -0.030526737340555454 0.032673458512172571 0.031979013320228136 -0.016834906981156025 -0.0024071564610786138 -0.031841984878765286 0.032486535332859875 -0.059540871263436143 0.032516444350778703 -0.030520890279663673 -0.030521513805074594 0.030803797986378074 0.030562186822963924 -0.031793598017712268 -0.030680623965743184 0.031072266245456556 -0.030568071665555085 -0.030948563614335275 0.030529366040301438 -0.030524783840791048 -0.030682400540895629 0.030579868122007407 -0.030595919663407783 0.030581820709574777 0.030600097165977155 0.030608541675506543 0.030528735064206756 0.030529708331738886 0.030524069672014872
leaf_weight=1.4678869284689415 1.0354662258177989 0.49144524708390125 0.51736730895936389 1.3096388913691037 1.6566996760666368 1.8149100877344633 0.43508207611739669 0.94534932821988871 0.59352038800716378 0.4228580966591835 329.39731828216463 15.431813068687918 0.44524931348860253 0.52032989263534546 0.45094501972198386 0.44091995432972941 0.61252490803599258 0.68592176213860401 0.61797714419662952 4.2060253042727709 2.0094351191073656 0.32168062310665746 0.80271284654736508 0.63544704020023346 0.38361804280430067 0.49066830426454433 0.44999321736395348 333.52346837706864 5.0453476253896952 0.6074334979057312
leaf_count=83 32 29 10 38 20 19 9 14 10 13 19636 919 20 29 9 21 21 39 25 247 119 16 44 34 21 26 24 19597 296 36
internal_value=-3.08291e-06 0.0299773 -0.0301067 0.0301703 0.00471645 -0.0301988 -0.0143278 0.0303857 0.0244512 -0.00370042 -0.0303772 -0.0277869 0.0308291 0.0314383 -0.0305228 -0.0307472 0.03053 -0.0305392 -0.0307484 0.0305607 -0.0305528 -0.030521 0.0305406 -0.0305657 0.0305338 0.030529 0.0305398 0.0305288 0.0305348 0.030558
internal_weight=707.769 354.61 353.159 353.483 2.96634 352.641 3.9209 350.517 8.31966 1.53671 348.721 18.5506 6.78295 0.943188 330.17 2.88544 342.197 16.7357 1.3039 5.83761 2.45036 329.719 5.39236 1.12689 4.58964 341.585 6.59344 334.991 6.14345 1.0981
internal_count=41456 20602 20854 20539 58 20844 181 20481 398 52 20663 1002 346 42 19661 149 20083 983 64 332 140 19652 312 63 268 20062 382 19680 358 62
is_linear=0
shrinkage=0.03


Tree=113
num_leaves=31
num_cat=0
split_feature=49 48 17 26 7 8 11 12 19 8 52 22 6 42 23 0 14 28 42 14 7 23 8 16 22 52 18 14 6 27
split_gain=685.602 7.34884 2.21126 2.20361 2.01682 0.999013 0.515508 2.66597 1.02262 0.3344 4.24648 0.231016 0.032476 0.0205957 0.00297678 0.00161616 0.00147838 0.000738708 0.000513534 0.000161069 1.36735e-05 1.19512e-05 1.0593e-05 1.05513e-05 8.4981e-06 1.34948e-06 1.10339e-06 9.16869e-07 2.23607e-06 8.38624e-07
threshold=116.50000000000001 24.500000000000004 138.50000000000003 59.500000000000007 10124.000000000002 242.10410160000004 3145.5000000000005 43.500000000000007 261.50000000000006 250.72016100000005 87.500000000000014 66.500000000000014 40.33323170500001 0.06976794900000001 0.033613805500000003 41.500000000000007 933.50000000000011 124.50000000000001 0.061146010000000008 888.50000000000011 5951.5000000000009 0.035159978000000008 212.50609755000002 672.50000000000011 134.50000000000003 86.500000000000014 70.500000000000014 858.50000000000011 39.675337840000005 7.5000000000000009
decision_type=2 2 2 2 2 2 2 2 2 2 2 2 2 2 2 2 2 2 2 2 2 2 2 2 2 2 2 2 2 2
left_child=1 2 6 5 -4 11 19 -8 -9 10 14 -2 15 -3 -7 -10 22 24 -6 27 26 -16 29 -24 -11 -25 -15 -1 -29 -17
right_child=3 13 4 -5 18 9 7 8 12 17 -12 -13 -14 20 21 16 -18 -19 -20 -21 -22 -23 23 25 -26 -27 -28 28 -30 -31
leaf_value=0.030513020091501603 0.0083281337293053381 -0.037997415558332595 -0.017718020839423924 0.032589258173908904 0.030736785134639153 -0.032592045359539461 -0.044720277580470515 -0.0079985679268219437 0.032498870143616479 -0.030505314357268554 0.035845901829830135 -0.016789991222786415 0.02175124170231903 -0.030572805918619161 -0.030677971317803858 0.030514826762617509 0.032354717061438575 -0.031737787667381966 0.031891194200703674 0.031026443812957511 -0.030763067169246601 -0.030505619211310203 0.030725994392329845 0.030590447755317982 -0.030661862535113452 0.030522074449858459 -0.030502878597050951 0.030519726516560767 0.030590232142211109 0.030540253041197216
leaf_weight=325.60113966092467 0.66277662850916275 0.47168544121086498 1.6557778567075723 0.50335441343486209 0.68794750981032826 0.65883512049913129 0.49172567576169868 0.6825881451368313 0.46193701401352871 327.27801525779068 0.93885334581136781 0.6554326880723238 0.37709043361246575 0.50322789698839165 0.37582709919661184 2.6679918225854635 0.43587559834122647 0.43837552145123382 0.69938915874809027 0.55129734613001247 0.37124223634600639 9.9083196353167278 0.52199848182499398 0.60881348885595776 0.31237947382032771 0.45318640395998955 0.34049765393137932 5.5081377737224093 0.43695133551955212 2.0757977813482285
leaf_count=19698 20 16 26 10 32 9 5 7 7 20091 7 21 10 28 20 161 11 9 16 29 18 608 25 33 16 27 21 330 24 121
internal_value=-3.02263e-06 0.0297908 0.0300971 -0.0301344 0.00463753 -0.0302269 0.0303244 0.0231481 0.0271761 -0.030328 -0.0253839 -0.00416096 0.0303341 -0.0326769 -0.0306372 0.030782 0.0306648 -0.0305071 0.0313187 0.0305141 -0.0306113 -0.0305119 0.0305484 0.0306156 -0.0305055 0.0305613 -0.0305446 0.0305132 0.0305249 0.030526
internal_weight=687.336 345.604 343.918 341.732 3.04311 341.229 340.875 8.777 8.28528 339.911 11.8818 1.31821 7.60269 1.68665 10.943 7.2256 6.76366 328.029 1.38734 332.098 1.21497 10.2841 6.32779 1.584 327.59 1.062 0.843726 331.546 5.94509 4.74379
internal_count=41456 20645 20562 20811 74 20801 20488 407 402 20760 644 41 395 83 637 385 378 20116 48 20081 67 628 367 85 20107 60 49 20052 354 282
is_linear=0
shrinkage=0.03


Tree=114
num_leaves=31
num_cat=0
split_feature=45 48 26 17 2 8 52 11 19 8 52 23 7 16 43 42 5 2 28 11 2 23 2 41 7 27 17 23 4 7
split_gain=667.479 4.32932 2.13363 2.09731 1.93666 1.64576 2.11633 0.311452 1.57837 0.282971 2.89752 0.00269451 0.00105096 0.000673654 0.00027665 0.000190765 0.000122959 0.000108382 4.90268e-05 2.14508e-05 0.000222271 1.09268e-05 2.31572e-06 2.30637e-06 1.98728e-06 1.17486e-06 2.85429e-06 6.6364e-07 4.97377e-07 3.45988e-07
threshold=389.50000000000006 25.500000000000004 59.500000000000007 139.50000000000003 10.795094760000003 242.10410160000004 87.500000000000014 3145.5000000000005 267.50000000000006 250.72016100000005 87.500000000000014 0.033613805500000003 9832.5000000000018 1027.5000000000002 0.38182435400000009 0.061146010000000008 1661.5000000000002 11.100464350000001 118.50000000000001 3118.5000000000005 11.254611840000001 0.035159978000000008 11.026967105000002 0.14815617400000003 5304.0000000000009 20.500000000000004 128.50000000000003 0.024023346000000004 229.15909090000005 5818.5000000000009
decision_type=2 2 2 2 2 2 2 2 2 2 2 2 2 2 2 2 2 2 2 2 2 2 2 2 2 2 2 2 2 2
left_child=1 3 5 7 15 6 -2 19 -9 10 11 -7 14 18 16 -5 -10 23 28 27 22 -13 -21 25 -3 -18 -27 -1 -11 -26
right_child=2 24 -4 4 -6 9 -8 8 12 13 -12 21 -14 -15 -16 -17 17 -19 -20 20 -22 -23 -24 -25 29 26 -28 -29 -30 -31
leaf_value=0.030518374577276072 -0.031218292287784982 -0.03059507515929474 0.032507859607703783 0.030717093378870203 -0.017585147719448815 -0.032441215993195389 0.031140048740416416 -0.0033486728244611127 0.03113841145873655 -0.030524910809830184 0.019682390273746627 -0.030657666321100788 0.032261931404521424 -0.031864883445436865 0.031481585119141654 0.031424181277297659 0.030498730890196724 0.031005857618776049 -0.030871845771331959 0.030496858339673947 0.031313979028465368 -0.030490429477322605 0.030577105357618359 0.03057113324982012 -0.030485162194532556 0.030585696162329739 0.030502894902859179 0.030497554381296359 -0.030490086457478163 -0.030526050773403597
leaf_weight=1.3838891442865122 1.0770375728607167 0.31730356253683456 0.48968268744647403 0.69242125935852461 1.5870550554245708 0.68526093661784848 0.89839568361639965 1.490647217258809 0.34398584812879551 0.36954452283680339 1.1407134681940085 0.36495764460414548 0.37720985338091839 0.32128867506980796 0.32804776728153218 0.68125338386744261 3.0066494457423687 0.44236408546566952 0.30311163701116939 3.7339134328067294 0.32932540494948614 9.6202028477564436 0.35436177067458619 0.6299030017107724 0.37585007585585117 0.55610511451959599 1.1485222140327094 316.30834527127445 317.75084782671183 0.36921417899429798
leaf_count=83 35 17 10 33 20 10 31 21 14 22 8 20 8 6 13 20 187 23 12 233 16 608 20 35 24 31 71 19711 20092 22
internal_value=-2.99497e-06 0.0299326 -0.0300676 0.0301253 0.00498809 -0.0301598 -0.00285871 0.0303505 0.0246209 -0.0303229 -0.0257631 -0.0306214 0.0307227 -0.0304919 0.0306328 0.0310678 0.0305874 0.0305546 -0.0304905 0.0304986 0.0305642 -0.0304965 0.0305038 0.0305172 -0.0305322 0.03051 0.0305299 0.0304976 -0.0304901 -0.0305054
internal_weight=667.477 334.456 333.021 333.394 2.96073 332.531 1.97543 330.433 8.32343 330.556 11.8111 10.6704 6.83279 318.745 6.45558 1.37367 6.12753 5.78354 318.424 322.11 4.4176 9.98516 4.08828 5.34118 1.06237 4.71128 1.70463 317.692 318.12 0.745064
internal_count=41456 20602 20854 20539 73 20844 66 20466 403 20778 646 638 382 20132 374 53 361 347 20126 20063 269 628 253 324 63 289 102 19794 20114 46
is_linear=0
shrinkage=0.03


Tree=115
num_leaves=31
num_cat=0
split_feature=45 48 14 26 7 8 52 11 41 30 8 52 15 24 8 7 16 17 27 51 24 8 7 2 14 4 16 4 24 4
split_gain=647.321 4.19817 2.0943 2.06919 1.84582 1.59734 2.05139 0.348851 1.65786 3.06497 0.281139 2.81642 0.00301318 0.00245398 0.000944638 0.000738256 0.000614005 0.000201661 4.0354e-05 2.47617e-05 9.10863e-06 1.8793e-06 1.81384e-06 1.08801e-06 6.55049e-07 1.81983e-06 8.00354e-07 1.09012e-06 6.6151e-07 4.53912e-07
threshold=389.50000000000006 25.500000000000004 947.50000000000011 59.500000000000007 10449.500000000002 242.10410160000004 87.500000000000014 3145.5000000000005 0.14815617400000003 2.5000000000000004 250.72016100000005 87.500000000000014 104.50000000000001 0.055844639500000008 208.72147435000002 11388.500000000002 1027.5000000000002 142.50000000000003 85.500000000000014 121.50000000000001 0.056896008500000005 212.50609755000002 5304.0000000000009 10.795094760000003 858.50000000000011 215.94665715000002 654.50000000000011 215.16679540000004 0.043277414000000007 229.15909090000005
decision_type=2 2 2 2 2 2 2 2 2 2 2 2 2 2 2 2 2 2 2 2 2 2 2 2 2 2 2 2 2 2
left_child=1 2 7 5 -4 6 -2 17 12 -10 11 13 -9 -7 -11 -6 18 24 29 -14 -15 -21 -3 -23 28 26 27 -26 -1 -12
right_child=3 22 4 -5 15 10 -8 8 9 14 16 -13 19 20 -16 -17 -18 -19 -20 21 -22 23 -24 -25 25 -27 -28 -29 -30 -31
leaf_value=0.030517082484092573 -0.031181411727828259 -0.03057716130750902 -0.017431627985545383 0.032429163694090976 0.032319956424625741 -0.032363412920793068 0.0311055154193959 0.032381399332793014 -0.056457183100329371 0.030519315552768423 -0.030509132553967217 0.019279050697221609 0.030737072295911608 -0.030624680173908847 0.032503072598887059 0.030844450923036934 -0.031806525668931586 0.0310411948993181 -0.030810180186722606 0.030483901218051179 -0.030475722013882295 0.030560478095942679 -0.030490241510812748 0.030502003218925482 0.030549643589282166 0.030553560256659097 0.03048338139067143 0.030481082513669017 0.030482517989333199 -0.030475370397536044
leaf_weight=0.49914397764950891 1.0464238934218872 0.3081035166978825 1.5611488185822957 0.47634618170559306 0.52705373428761937 0.66658300533890447 0.87279741279780854 0.90852581709623237 0.60472458414733388 0.48092116601765156 0.35880549158900876 1.1298082917928702 0.40900729224085797 0.38472707476466794 0.39223937783390284 0.72499215975403786 0.3123566061258306 0.58309490419924159 0.32440696656703849 3.7757134418934584 9.3099952051416022 0.50767589919269063 0.72339889500290155 0.65696418192237616 0.41560130659490724 0.41017356235533942 4.7897133883088827 0.41929211374372244 306.11745883058757 308.47654760908335
leaf_count=30 35 17 16 10 9 10 31 14 10 29 22 8 20 22 13 33 6 21 14 242 606 29 46 41 24 24 307 27 19650 20090
internal_value=-2.98655e-06 0.02991 0.0301025 -0.0300507 0.00433065 -0.0301428 -0.00285541 0.0303284 0.0240349 -0.00454344 -0.030306 -0.0256983 0.030784 -0.0306027 0.0314105 0.0314656 -0.0304771 0.0304838 -0.0304758 0.0305127 -0.0304816 0.0304942 -0.0305162 0.0305275 0.0304828 0.0304926 0.0304881 0.0305152 0.0304826 -0.0304754
internal_weight=648.174 324.815 323.783 323.359 2.81319 322.882 1.91922 320.97 7.73577 1.47789 320.963 11.4911 6.25789 10.3613 0.873161 1.25205 309.472 313.234 309.16 5.34936 9.69472 4.94035 1.0315 1.16464 312.651 6.03478 5.62461 0.834893 306.617 308.835
internal_count=41456 20602 20539 20854 58 20844 66 20481 398 52 20778 646 346 638 42 42 20132 20083 20126 332 628 312 63 70 20062 382 358 51 19680 20112
is_linear=0
shrinkage=0.03


Tree=116
num_leaves=31
num_cat=0
split_feature=45 48 14 26 52 14 4 52 14 51 4 52 23 13 18 29 5 28 13 2 5 17 19 20 20 19 7 6 16 18
split_gain=627.793 4.0712 2.0672 2.00673 1.78254 1.10919 0.491504 2.02259 0.329223 2.53012 0.145899 2.48281 0.00214456 0.000708812 0.00118089 0.00127631 0.000596398 0.000559998 0.000479374 4.97e-05 4.707e-05 4.47421e-05 2.32705e-05 8.37604e-06 6.46386e-06 3.46404e-06 1.65544e-06 1.65109e-06 1.55226e-06 1.50295e-06
threshold=389.50000000000006 25.500000000000004 947.50000000000011 59.500000000000007 86.500000000000014 705.50000000000011 241.90757860000002 87.500000000000014 866.50000000000011 121.50000000000001 250.15070310000002 87.500000000000014 0.033613805500000003 767.50000000000011 187.50000000000003 1.2498420240000001 1631.5000000000002 124.50000000000001 808.50000000000011 11.461884285000002 2074.5000000000005 142.50000000000003 297.50000000000006 76.500000000000014 134.50000000000003 320.50000000000006 5304.0000000000009 43.953958800000009 681.50000000000011 205.50000000000003
decision_type=2 2 2 2 2 2 2 2 2 2 2 2 2 2 2 2 2 2 2 2 2 2 2 2 2 2 2 2 2 2
left_child=1 2 8 5 -4 -2 7 18 13 -10 11 12 -8 21 15 -15 -11 24 -7 25 27 22 -1 -20 -12 -14 -3 -21 -16 -18
right_child=3 26 4 -5 -6 6 10 -9 9 16 17 -13 19 14 28 -17 29 -19 23 20 -22 -23 -24 -25 -26 -27 -28 -29 -30 -31
leaf_value=0.030468401966249552 0.022254779075692583 -0.030559792949274744 0.031810764792054476 0.032353070224798809 -0.016768300367469229 -0.031632822774393617 -0.032244419973134299 0.028199223796683073 -0.019727276709413641 0.031547881674452626 -0.030461057385759008 0.017589872374471068 -0.030561208017354933 0.030833304275049989 0.030472814653206674 0.032910012646442492 0.030474009257060904 -0.031580749078114229 -0.030622494058603386 -0.030551433839859109 -0.030884226437237022 0.03083094257894381 0.030661484650509798 -0.030464509351628477 -0.030603754470665181 -0.0304616647745217 -0.030475522810194177 -0.030455775096687489 0.030543528755042456 0.03053377742665913
leaf_weight=299.28827316965908 0.36340906750410695 0.29916504211723693 1.1992503814399234 0.4633388239890327 1.569465909153223 0.39132940303534258 0.64680892601609308 0.66224743053317059 1.0244143325835446 0.50222719460725773 292.66327957622707 1.0277537852525718 0.32217845972627301 0.62276128027588062 1.5878700194880364 0.46538945008069277 6.5641644010320306 0.40265800803899665 0.36351604014635119 0.30025299359112867 0.50989985279738903 0.30729790404438873 0.56283063627779384 1.7856806106865404 0.28597504459321399 13.430894424207507 0.70235316455364227 0.35367954988032579 0.33903171680867661 0.40183828119188536
leaf_count=19778 21 17 35 10 23 9 11 16 19 16 19633 7 20 35 104 9 430 9 19 18 22 12 34 119 16 900 46 24 20 24
internal_value=-2.93911e-06 0.0298889 0.0300813 -0.0300341 0.00427339 -0.0301263 -0.0301871 -0.0184951 0.0303105 0.0244849 -0.0303079 -0.027571 -0.0305533 0.0304737 0.0309314 0.0317215 0.0305494 -0.0304627 -0.0306671 -0.0304799 -0.0306682 0.0304691 0.0304688 -0.0304912 -0.0304612 -0.030464 -0.0305007 -0.0304997 0.0304853 0.0304775
internal_weight=629.409 315.436 314.435 313.973 2.76872 313.51 313.146 3.20277 311.666 8.49264 309.943 16.5915 15.5637 303.173 3.01505 1.08815 7.46823 293.352 2.54053 14.9169 1.16383 300.158 299.851 2.1492 292.949 13.7531 1.00152 0.653933 1.9269 6.966
internal_count=41456 20602 20539 20854 58 20844 20823 163 20481 489 20660 1002 995 19992 168 44 470 19658 147 984 64 19824 19812 138 19649 920 63 42 124 454
is_linear=0
shrinkage=0.03


Tree=117
num_leaves=31
num_cat=0
split_feature=45 48 17 26 7 8 52 8 52 7 15 16 24 2 18 28 42 0 25 16 25 7 2 19 4 15 25 20 51 16
split_gain=608.84 3.94796 2.03687 1.94613 1.816 1.51619 1.93294 0.277877 2.66394 0.181483 1.75627 4.57034 0.00203646 0.000680829 0.00124897 0.00051065 0.000376944 0.000217427 0.00102638 0.000171981 0.0001007 7.70547e-05 0.00137597 0.000719678 7.7671e-05 2.11801e-05 8.3583e-06 5.89579e-06 4.03497e-06 6.42921e-06
threshold=389.50000000000006 25.500000000000004 139.50000000000003 59.500000000000007 10124.000000000002 242.10410160000004 87.500000000000014 250.72016100000005 87.500000000000014 9115.5000000000018 104.50000000000001 668.50000000000011 0.055844639500000008 10.854607705000001 205.50000000000003 124.50000000000001 0.061146010000000008 48.500000000000007 0.030006750500000002 719.50000000000011 0.033974663000000009 8814.5000000000018 11.619007685000001 252.50000000000003 217.21506410000003 120.50000000000001 0.035159978000000008 134.50000000000003 121.50000000000001 645.50000000000011
decision_type=2 2 2 2 2 2 2 2 2 2 2 2 2 2 2 2 2 2 2 2 2 2 2 2 2 2 2 2 2 2
left_child=1 2 9 5 -4 6 -2 8 12 17 11 -11 -7 19 -15 27 -6 21 -19 20 25 -1 23 -23 -25 28 -14 -9 29 -12
right_child=3 -3 4 -5 16 7 -8 15 -10 10 13 -13 26 14 -16 -17 -18 18 -20 -21 -22 22 -24 24 -26 -27 -28 -29 -30 -31
leaf_value=0.030454069703671951 -0.031110811015932528 -0.03048566110156696 -0.017313995973277312 0.032279489966355053 0.030679385377854737 -0.032215778542349402 0.031042661930570533 -0.030447321185865985 0.018502706505677948 0.030462218406526218 0.030457430042656827 -0.082692073494419691 -0.030600425322424952 0.030483015079558848 0.032569937892569262 -0.031531852618304997 0.031714371176479524 0.03045429391115986 0.032391060988488971 0.031214912762906815 0.031004545302371751 0.031541355617259535 0.032246981257311534 0.030456985101358407 0.030833012851195846 0.030683696372918828 -0.030447574037548657 -0.030585621472688392 0.030459345470042427 0.030637874925663982
leaf_weight=252.66166557744145 0.98778192326426395 0.97239095438271661 1.5368810556828969 0.45065457560121913 0.62987813074141719 0.63064635917544087 0.82765838876366615 291.05123540293425 1.1087384894490249 1.0753694968298066 0.42887195944785439 0.45810985565185536 0.33419688977301021 0.66971160750836023 0.4199303425848484 0.39135445840656657 0.63697017822414637 1.3662920836359251 0.30040762294083823 0.29920327197760421 0.32856780197471458 0.56651347875594993 0.40205003693699737 31.961328268051147 0.50214791297912498 0.40997351892292577 8.8042992344126088 0.27768525667488475 10.406833046115933 0.30344816669821739
leaf_count=17203 35 63 25 10 32 10 31 20107 8 72 29 2 20 44 9 9 16 93 13 15 16 21 8 2169 28 25 608 16 703 16
internal_value=-2.91953e-06 0.029867 0.0300592 -0.0300171 0.00460666 -0.0301094 -0.00277507 -0.0302734 -0.0255655 0.0302951 0.0270553 -0.00334136 -0.0305669 0.0305688 0.0312873 -0.0304489 0.0311998 0.0304617 0.0308034 0.0305046 0.0304867 0.0304597 0.0305025 0.0304813 0.0304628 0.0304719 -0.0304532 -0.0304475 0.0304641 0.0305322
internal_weight=611.201 306.337 305.364 304.864 2.80373 304.414 1.81544 302.598 10.8779 302.56 14.8 1.53348 9.76914 13.2665 1.08964 291.72 1.26685 287.76 1.6667 12.1769 11.8777 286.094 33.432 33.03 32.4635 11.5491 9.1385 291.329 11.1392 0.73232
internal_count=41456 20602 20539 20854 73 20844 66 20778 646 20466 931 74 638 857 53 20132 48 19535 106 804 789 19429 2226 2218 2197 773 628 20123 748 45
is_linear=0
shrinkage=0.03


Tree=118
num_leaves=31
num_cat=0
split_feature=45 48 5 12 26 8 52 11 41 22 8 52 15 23 28 15 8 37 26 26 11 8 23 22 6 7 23 2 6 24
split_gain=590.495 3.82874 1.89526 2.30574 1.88745 1.47152 1.87381 0.356278 1.71518 2.59313 0.276307 2.5909 0.00223328 0.00185526 0.000465747 0.000438743 0.000289575 4.89995e-05 3.27735e-05 0.000129284 1.90037e-05 0.0001879 7.64171e-06 5.3851e-06 2.26152e-06 1.38074e-06 1.34283e-06 2.06357e-06 2.31618e-06 4.97684e-07
threshold=389.50000000000006 25.500000000000004 1829.5000000000002 50.500000000000007 59.500000000000007 242.10410160000004 87.500000000000014 3145.5000000000005 0.14815617400000003 52.500000000000007 250.72016100000005 87.500000000000014 104.50000000000001 0.033613805500000003 124.50000000000001 121.50000000000001 219.43746090000002 0.060023012500000007 93.500000000000014 101.50000000000001 3118.5000000000005 216.48074325000002 0.035159978000000008 134.50000000000003 39.675337840000005 5304.0000000000009 0.029228966500000005 10.314965740000002 39.564578715000003 0.043277414000000007
decision_type=2 2 2 2 2 2 2 2 2 2 2 2 2 2 2 2 2 2 2 2 2 2 2 2 2 2 2 2 2 2
left_child=1 2 7 -4 5 6 -2 18 12 -10 11 13 -9 -7 23 -5 26 -17 20 -20 29 24 -15 -12 -22 -3 -14 -28 -29 -1
right_child=4 25 3 15 -6 10 -8 8 9 -11 14 -13 16 22 -16 17 -18 -19 19 -21 21 -23 -24 -25 -26 -27 27 28 -30 -31
leaf_value=0.030471899251386967 -0.03107725558994508 -0.030526669642830961 -0.022425426494148352 0.031859871002254306 0.032208327760926109 -0.032145632431354973 0.031011142409079498 0.032192898415444808 0.031635726543379518 -0.052110145930960014 -0.030433907233308095 0.018115533553468559 0.030438552281545107 -0.030582470327226812 -0.031484535705643586 0.030621361351060777 0.031363564498076243 0.031050871742892196 0.0310988717026075 0.030442560549909906 0.030440102805893082 0.031232211402321578 -0.030434151841486755 -0.030568041669590526 0.030527768202519026 -0.030447405931975549 0.030449481850296771 0.030541017732711014 0.030442136192981636 0.030440562738081496
leaf_weight=0.45687892381101747 0.95960797183215507 0.28206000477075477 1.366865431889891 0.48961826227605332 0.43828739412128825 0.61332326382398328 0.80400143750011921 0.84054127708077331 0.7224296713247893 0.61694452725350857 282.57199370674789 1.0986170992255218 2.1154120797291398 0.32450741436332364 0.38035034388303657 0.68045929633080937 0.34005617816001166 0.36850803717970848 0.33793509379029174 1.3462244775146244 3.2768645044416189 0.29729738645255555 8.5478042075410468 0.26963106170296569 0.28812942560762156 0.66203698702156544 1.5066650109365585 0.60585224907845248 0.32895856630057096 280.54748301021755
leaf_count=30 35 17 17 15 10 10 31 14 32 10 20107 8 149 20 9 38 13 14 13 94 230 16 608 16 18 46 104 37 23 19672
internal_value=-2.86942e-06 0.0298475 0.0300395 0.00592876 -0.0300013 -0.0300936 -0.00277214 0.0302781 0.0236284 -0.00693942 -0.0302576 -0.0254985 0.0307643 -0.0305499 -0.0304354 0.0311184 0.0305191 0.0307723 0.0304423 0.0305743 0.0304415 0.0305076 -0.0304396 -0.030434 0.0304472 -0.0304711 0.030456 0.0304712 0.0305062 0.0304406
internal_weight=593.485 297.477 296.533 2.90545 296.008 295.57 1.76361 293.628 7.07686 1.33937 293.806 10.5843 5.73749 9.48563 283.222 1.53859 4.89694 1.04897 286.551 1.68416 284.867 3.86229 8.87231 282.842 3.56499 0.944097 4.55689 2.44148 0.934811 281.004
internal_count=41456 20602 20539 84 20854 20844 66 20455 382 42 20778 646 340 638 20132 67 326 52 20073 107 19966 264 628 20123 248 63 313 164 60 19702
is_linear=0
shrinkage=0.03


Tree=119
num_leaves=31
num_cat=0
split_feature=45 48 14 26 7 8 52 11 39 15 8 52 15 24 7 16 17 25 28 13 25 8 16 7 14 6 16 6 37 24
split_gain=572.71 3.71319 2.00487 1.83057 1.67362 1.42815 1.81656 0.358743 1.56519 2.73721 0.274826 2.52037 0.00215255 0.00169034 0.000536516 0.000424841 0.00017793 4.93218e-05 3.0933e-05 1.30577e-05 6.98645e-06 1.64822e-06 1.86626e-06 1.26035e-06 5.54842e-07 1.79579e-06 4.81297e-07 1.03579e-06 4.60497e-07 4.59944e-07
threshold=389.50000000000006 25.500000000000004 947.50000000000011 59.500000000000007 10449.500000000002 242.10410160000004 87.500000000000014 3145.5000000000005 0.063821647500000009 104.50000000000001 250.72016100000005 87.500000000000014 104.50000000000001 0.055844639500000008 11388.500000000002 1027.5000000000002 142.50000000000003 0.028325266000000005 118.50000000000001 795.50000000000011 0.035159978000000008 210.41661940000003 672.50000000000011 5304.0000000000009 858.50000000000011 39.675337840000005 654.50000000000011 39.387429640000008 0.022716978500000002 0.043277414000000007
decision_type=2 2 2 2 2 2 2 2 2 2 2 2 2 2 2 2 2 2 2 2 2 2 2 2 2 2 2 2 2 2
left_child=1 2 7 5 -4 6 -2 16 12 -10 11 13 -9 -7 -6 18 24 -11 -12 21 -15 -14 -23 -3 29 26 27 -26 -24 -1
right_child=3 23 4 -5 14 10 -8 8 9 17 15 -13 19 20 -16 -17 -18 -19 -20 -21 -22 22 28 -25 25 -27 -28 -29 -30 -31
leaf_value=0.030457737277610624 -0.031044735158348269 -0.030510846966889479 -0.017142852644898 0.032139497819118873 0.032081095655515535 -0.032077849009545668 0.030980595987934269 0.032124070280847239 -0.053885889031354696 0.030457786893762932 -0.030420894003501016 0.017733795465142661 0.030432122627942357 -0.030565058840605373 0.030758610925158105 -0.031592434014099613 0.030970682678993659 0.030928412815488016 -0.03074711524160588 0.030646336227062827 -0.030421138504115788 0.030516447577817279 0.030429291443824787 -0.030433991883341199 0.030488031764209535 0.030500777224222998 0.030427889420385327 0.030423098539993938 0.030473754094400105 0.030427163984079908
leaf_weight=0.4435791652649631 0.93220806494355091 0.27386367879807849 1.4801437146961682 0.42623119987547298 0.47757964208722092 0.59643551334738454 0.78099729493260384 0.81742082163691421 0.59118611365556695 0.48543094098567963 274.42677373439074 1.0887492373585708 3.0237840861082077 0.31509346421807904 0.65437508933246136 0.27901442348956962 0.54361450299620528 0.34134074114263058 0.26185132656246324 0.30903112981468428 8.2986733522266132 0.52147302869707324 0.58321122173219919 0.64274974633008242 0.40044237487018008 0.3694636346772312 4.102847876958549 0.49365545250475407 0.327290128916502 271.98694267589599
leaf_count=30 35 17 16 10 9 10 31 14 3 33 20114 8 217 20 33 6 21 16 12 18 608 33 42 46 26 24 296 36 22 19650
internal_value=-2.82455e-06 0.0298284 0.0300203 -0.0299859 0.00385708 -0.0300782 -0.00276931 0.0302598 0.0235522 -0.00459415 -0.0302422 -0.0254308 0.0307018 -0.0305333 0.0313166 -0.0304224 0.0304285 0.0306521 -0.0304212 0.0304578 -0.0304264 0.0304447 0.0304712 -0.030457 0.0304274 0.030437 0.0304322 0.0304522 0.0304453 0.0304272
internal_weight=576.275 288.869 287.953 287.406 2.6121 286.98 1.71321 285.341 7.00017 1.41796 285.267 10.299 5.58221 9.2102 1.13195 274.968 278.341 0.826772 274.689 4.76479 8.61377 4.45576 1.43197 0.916613 277.797 5.36641 4.99695 0.894098 0.910501 272.431
internal_count=41456 20602 20539 20854 58 20844 66 20481 398 52 20778 646 346 638 42 20132 20083 49 20126 332 628 314 97 63 20062 382 358 62 64 19680
is_linear=0
shrinkage=0.03


Tree=120
num_leaves=31
num_cat=0
split_feature=45 48 14 26 42 8 52 11 39 32 8 52 15 25 8 28 17 13 25 20 8 19 7 14 4 16 4 25 25 4
split_gain=555.462 3.6011 1.97863 1.77542 1.641 1.38605 1.7611 0.35902 1.53209 3.06216 0.273434 2.45226 0.00196211 0.00154024 0.000898034 0.000387447 0.000162615 1.1947e-05 6.38738e-06 4.48702e-06 1.50534e-06 2.71515e-06 1.15054e-06 5.06849e-07 1.55021e-06 5.78094e-07 7.78683e-07 3.8913e-07 3.8702e-07 3.73649e-07
threshold=389.50000000000006 25.500000000000004 947.50000000000011 59.500000000000007 0.090909091500000011 242.10410160000004 87.500000000000014 3145.5000000000005 0.063821647500000009 3.5000000000000004 250.72016100000005 87.500000000000014 104.50000000000001 0.033613805500000003 213.73798625000003 124.50000000000001 142.50000000000003 795.50000000000011 0.035159978000000008 134.50000000000003 210.41661940000003 275.50000000000006 5304.0000000000009 858.50000000000011 215.94665715000002 654.50000000000011 215.16679540000004 0.024023346000000004 0.030261810500000003 229.15909090000005
decision_type=2 2 2 2 2 2 2 2 2 2 2 2 2 2 2 2 2 2 2 2 2 2 2 2 2 2 2 2 2 2
left_child=1 2 7 5 -4 6 -2 16 12 -10 11 13 -9 -7 -11 19 23 20 -15 29 28 -22 -3 27 25 26 -25 -1 -14 -12
right_child=3 22 4 -5 -6 10 -8 8 9 14 15 -13 17 18 -16 -17 -18 -19 -20 -21 21 -23 -24 24 -26 -27 -28 -29 -30 -31
leaf_value=0.030431753003060651 -0.031013217605532047 -0.030495507415863283 0.031674046150671209 0.032072915913043294 -0.016804752108416324 -0.032012344107550217 0.030950992537076227 0.032057526302625108 -0.059391971776121995 0.030456251935006645 -0.030441126267914387 0.017357485010847992 0.030413243548113204 -0.030548173434500312 0.032434560100884302 -0.031394306653651463 0.030941572288900331 0.0306270978261152 -0.030408519696436292 -0.030534393944161544 0.030506063473668358 0.030421194170950783 -0.030420984828572147 0.030475445064831148 0.030484192432075848 0.030415093091811937 0.030413111134856324 0.030414333179224123 0.03043918374616893 -0.030408250182525725
leaf_weight=1.1591957826167334 0.90556264575570711 0.26590145286172528 1.0931725567206734 0.41447986103594203 1.478124778717756 0.57997472211718282 0.75862932857125998 0.79488415271043678 0.55361030995845772 0.49578616861253977 0.31149738654494186 1.0791302770376212 2.2646256042644386 0.30594751331955095 0.3539432929828763 0.35923276096582313 0.52803710289299388 0.30008342117071141 8.0567020392045361 0.25418378040194411 0.58765473216772057 0.80263319425284863 0.62401628866791725 0.35980319418012996 0.35700812377035607 4.1315401969477534 0.36166440229862928 263.32940179668367 0.67102251853793848 266.02559212036431
leaf_count=83 35 17 38 10 20 10 31 14 6 34 22 8 169 20 12 9 21 18 608 16 38 59 46 24 24 307 27 19597 48 20085
internal_value=-2.78223e-06 0.0298091 0.0300009 -0.0299708 0.00380574 -0.0300631 -0.00276656 0.030244 0.0234482 -0.00448945 -0.0302271 -0.0253622 0.0306806 -0.0305173 0.0312803 -0.0304097 0.0304156 0.030444 -0.0304136 -0.0304084 0.0304314 0.0304571 -0.0304433 0.0304146 0.0304239 0.0304194 0.0304442 0.0304144 0.0304192 -0.0304083
internal_weight=559.563 280.512 279.622 279.051 2.5713 278.636 1.66419 277.051 6.82424 1.40334 276.972 10.0218 5.4209 8.94262 0.849729 266.951 270.227 4.62602 8.36265 266.591 4.32594 1.39029 0.889918 269.699 5.21002 4.85301 0.721468 264.489 2.93565 266.337
internal_count=41456 20602 20539 20854 58 20844 66 20481 398 52 20778 646 346 638 46 20132 20083 332 628 20123 314 97 63 20062 382 358 51 19680 217 20107
is_linear=0
shrinkage=0.03


Tree=121
num_leaves=31
num_cat=0
split_feature=45 48 17 26 2 8 52 8 52 7 15 16 23 13 5 7 2 28 42 2 5 15 19 23 10 22 17 27 6 7
split_gain=538.738 3.49243 1.95836 1.72197 1.69446 1.34516 1.70739 0.27213 2.38648 0.181278 1.66733 3.68898 0.00140359 0.00089662 0.000854638 0.000626687 0.000415852 0.000353442 0.000107969 3.83651e-05 0.00100259 3.24326e-05 2.60034e-05 5.83962e-06 4.17779e-06 4.09851e-06 2.03626e-06 3.18913e-06 4.96508e-06 1.05029e-06
threshold=389.50000000000006 25.500000000000004 139.50000000000003 59.500000000000007 10.795094760000003 242.10410160000004 87.500000000000014 250.72016100000005 87.500000000000014 9115.5000000000018 104.50000000000001 668.50000000000011 0.033613805500000003 767.50000000000011 1829.5000000000002 8814.5000000000018 11.100464350000001 124.50000000000001 0.061146010000000008 11.619007685000001 1612.5000000000002 120.50000000000001 297.50000000000006 0.035159978000000008 589.50000000000011 134.50000000000003 128.50000000000003 20.500000000000004 38.390774125000007 5304.0000000000009
decision_type=2 2 2 2 2 2 2 2 2 2 2 2 2 2 2 2 2 2 2 2 2 2 2 2 2 2 2 2 2 2
left_child=1 2 9 5 18 6 -2 8 12 13 11 -11 -7 19 16 -15 21 25 -4 22 24 26 -1 -14 -21 -9 27 -12 -29 -3
right_child=3 29 4 -5 -6 7 -8 17 -10 10 14 -13 23 15 -16 -17 -18 -19 -20 20 -22 -23 -24 -25 -26 -27 -28 28 -30 -31
leaf_value=0.030402244530687166 -0.030982669641541255 -0.030480635558321072 0.030608383507359494 0.032008508152841536 -0.017899222303573249 -0.031949024198954415 0.030922301011680777 -0.0303960604957564 0.016986589416636871 0.03040923730029357 0.030410419231939018 -0.071447638966153568 -0.030531798209519116 0.030400370762117448 0.031584651623357551 0.031661795739816027 0.031406732029633552 -0.03135140517929861 0.031186604970031718 0.03040429015063869 0.032147090035732261 0.030748375234826202 0.030693272501266647 -0.030396284244500932 0.030525126383942666 -0.030518372653245883 0.030406020100821801 0.030425733342500011 0.030572802952993937 -0.030408373867072507
leaf_weight=244.36453153006732 0.8796526277437795 0.25816688686609168 0.583146859891712 0.40302731096744437 1.4262339677661655 0.56393248960375508 0.73688123282045126 258.56805981788784 1.0697557181119925 0.95542556326836237 1.4281592685729205 0.48118132352828979 0.29706223681568911 0.59782951697707065 0.63871311489492733 0.87073563225567341 0.39963019639253694 0.34908568114042182 0.57941809203475714 8.9841435095295257 0.30820183549076396 0.26604007650166828 0.27662683371454377 7.8216903461143374 0.26510915532708246 0.24679905734956165 8.2389543270692212 0.52725378982722748 0.33970477525144815 0.60582118295133114
leaf_count=18724 35 17 33 10 20 10 31 20107 8 72 108 2 20 46 26 38 20 9 20 685 6 17 18 608 18 16 627 39 20 46
internal_value=-2.73772e-06 0.0297901 0.0299817 -0.029956 0.00401375 -0.0300483 -0.00276389 -0.0302123 -0.0252927 0.0302317 0.0268136 -0.003707 -0.0305018 0.0304091 0.0305173 0.0311483 0.0304564 -0.0303975 0.0308966 0.0304049 0.0304638 0.0304212 0.0304026 -0.0304012 0.0304078 -0.0303962 0.030413 0.030438 0.0304834 -0.03043
internal_weight=543.331 272.395 271.531 270.936 2.5888 270.533 1.61653 268.916 9.75244 268.942 13.2751 1.43661 8.68269 255.667 11.8385 1.46857 11.1997 259.164 1.16256 254.199 9.55745 10.8001 244.641 8.11875 9.24925 258.815 10.5341 2.29512 0.866959 0.863988
internal_count=41456 20602 20539 20854 73 20844 66 20778 646 20466 931 74 638 19535 857 84 831 20132 53 19451 709 811 18742 628 703 20123 794 167 59 63
is_linear=0
shrinkage=0.03


Tree=122
num_leaves=31
num_cat=0
split_feature=49 48 17 26 7 8 11 12 19 8 52 20 43 6 25 14 0 16 42 14 28 8 16 18 25 2 43 25 19 27
split_gain=520.08 6.0025 1.99984 1.67247 1.66474 0.794421 0.505644 2.01363 0.947786 0.328001 3.57239 0.171242 0.0306905 0.0266794 0.00128684 0.00125157 0.000953506 0.000322477 0.000264088 0.000108418 2.34736e-05 6.46832e-06 6.27074e-06 5.77771e-06 5.33871e-06 7.30191e-07 6.40122e-07 5.26187e-07 7.56242e-07 4.93222e-07
threshold=116.50000000000001 24.500000000000004 138.50000000000003 59.500000000000007 10124.000000000002 242.10410160000004 3145.5000000000005 43.500000000000007 261.50000000000006 250.72016100000005 87.500000000000014 66.500000000000014 0.14696932900000001 40.33323170500001 0.033613805500000003 942.50000000000011 41.500000000000007 1027.5000000000002 0.061146010000000008 888.50000000000011 118.50000000000001 212.50609755000002 690.50000000000011 91.500000000000014 0.035159978000000008 10.795094760000003 0.17777431000000002 0.030261810500000003 279.50000000000006 18585.500000000004
decision_type=2 2 2 2 2 2 2 2 2 2 2 2 2 2 2 2 2 2 2 2 2 2 2 2 2 2 2 2 2 2
left_child=1 2 6 5 -4 11 19 -8 -9 10 14 -2 -3 15 -7 16 -10 20 -6 -1 -11 26 -23 -14 -16 -24 27 -18 -29 -28
right_child=3 12 4 -5 18 9 7 8 13 17 -12 -13 23 -15 24 -17 21 -19 -20 -21 -22 22 25 -25 -26 -27 29 28 -30 -31
leaf_value=0.030390204580117843 0.0081236808898430806 -0.040261651288678264 -0.01759665489706232 0.031946188404219394 0.030596705137157058 -0.031939453974026102 -0.039279837693996733 -0.008182098459658305 0.031993649872580854 -0.030384193893024564 0.034879873947278359 -0.016209072468343654 -0.030413468114440925 0.021600365904693875 -0.030515916995343107 0.032521842269586994 0.030389157450868405 -0.031449331834498329 0.031517815146418542 0.030866345550555604 -0.030681169309502394 0.030560549410616266 0.030455504301984168 -0.030579058157475577 -0.030384420543669272 0.03039596571707644 0.030455744691202019 0.030457177788671068 0.030395289811238981 0.030402690871950397
leaf_weight=254.10800322890282 0.52564541716128477 0.41481938958167919 1.4527617115527385 0.39186749141663213 0.55055818893015362 0.51331212371587387 0.44835320487618346 0.64273678883910168 0.37358573451638211 250.90496531594545 0.82663071900606233 0.51564089953899384 0.67278646863996983 0.31014094687998284 0.28843048680573691 0.30053500644862641 2.3004070995375523 0.25621418654918571 0.57033297047019005 0.43113189656287332 0.23977109044790168 0.51986635290086247 0.35822419170290232 0.26407585572451353 7.5934435641393065 0.38424016255885363 0.31896674912422884 0.27962907124310721 0.48750770092010498 0.31194014195352793
leaf_count=20052 20 15 26 10 32 9 5 7 7 20098 7 21 51 10 20 5 182 6 16 29 12 32 25 17 608 30 22 20 38 24
internal_value=-2.69543e-06 0.0295901 0.0299128 -0.0299845 0.0035969 -0.0300772 0.0301717 0.0222384 0.0264252 -0.0301817 -0.0246249 -0.0039258 -0.0334681 0.0301667 -0.030484 0.0306382 0.0305321 -0.0303856 0.0310654 0.030391 -0.0303845 0.030422 0.0304806 -0.0304601 -0.0303892 0.0304247 0.030402 0.0303963 0.0304178 0.0304295
internal_weight=527.557 265.501 264.149 262.056 2.57365 261.664 261.575 7.03613 6.58778 260.623 9.22182 1.04129 1.35168 5.94504 8.39519 5.6349 5.33437 251.401 1.12089 254.539 251.145 4.96078 1.26233 0.936862 7.88187 0.742464 3.69845 3.06754 0.767137 0.630907
internal_count=41456 20645 20562 20811 74 20801 20488 407 402 20760 644 41 83 395 637 385 380 20116 48 20081 20110 373 87 68 628 55 286 240 58 46
is_linear=0
shrinkage=0.03


Tree=123
num_leaves=31
num_cat=0
split_feature=45 14 27 12 23 8 24 45 41 11 12 19 8 24 20 0 14 28 17 18 6 23 8 16 20 39 23 23 1 14
split_gain=506.798 1.8919 1.61984 1.55508 1.35916 1.29 0.942189 0.916057 0.417585 0.357045 1.48943 0.946474 0.264891 1.34109 0.0856957 0.00084074 0.000451024 0.000294131 0.000158068 9.92298e-05 5.26731e-06 4.88088e-06 3.5308e-06 5.83927e-06 3.4159e-06 6.91858e-07 5.0958e-07 4.59903e-07 7.04324e-07 3.91389e-07
threshold=389.50000000000006 947.50000000000011 1092.5000000000002 50.500000000000007 0.021258515000000002 242.10410160000004 0.056490032000000003 387.50000000000006 0.14895261150000003 3145.5000000000005 43.500000000000007 261.50000000000006 250.72016100000005 0.055844639500000008 20.500000000000004 41.500000000000007 1005.5000000000001 124.50000000000001 142.50000000000003 233.50000000000003 41.957503270000011 0.035159978000000008 212.50609755000002 672.50000000000011 134.50000000000003 0.044332722000000005 0.027174245000000003 0.030261810500000003 17.500000000000004 858.50000000000011
decision_type=2 2 2 2 2 2 2 2 2 2 2 2 2 2 2 2 2 2 2 2 2 2 2 2 2 2 2 2 2 2
left_child=1 4 5 -3 7 6 -2 20 -9 14 -11 -12 13 -7 -6 -13 -5 24 29 22 -1 -15 25 -24 -14 27 -27 -17 -29 -16
right_child=2 3 -4 16 9 12 -8 8 -10 10 11 15 17 21 18 19 -18 -19 -20 -21 -22 -23 23 -25 -26 26 -28 28 -30 -31
leaf_value=0.030562438285507216 0.016729702779153373 -0.017214207859942678 0.031885891727408112 0.03189944152761557 0.018030587509513175 5.6172206738591345e-05 -0.030807024443883307 0.015072520651365825 -0.030384688935112154 -0.041519362524746889 -0.0078961734060682513 0.031931773760110679 -0.030372701877804956 -0.030500515436935383 0.03037822073467154 0.030377361363376987 0.03064767155084833 -0.031269576041667441 0.031026467283851094 0.030984054885282275 0.030383263797721858 -0.030372914933160577 0.030546591084886582 0.030402466285671049 -0.03048771284053697 0.030390166031425185 0.030448685815790948 0.030443158589603919 0.030383832219746831 0.030386901304981014
leaf_weight=0.29204423632472643 0.9158511497080315 1.3979774191975587 0.3809943338856091 0.49123683292418696 0.50681896507739921 1.5706107504665832 0.63572670333087444 0.25298876967281103 0.64707074221223593 0.30520165339112182 0.64597985520958889 0.36323653161525715 243.69357586093247 0.28004528954625119 240.98672018013895 2.2445843825116762 0.54809688404202461 0.32961914874613185 0.3391799833625545 0.28170257993042458 0.29869206249713898 7.3717726459726691 0.37949979491531827 0.75901731662452221 0.23263949528336425 0.25212855916470278 0.28564475011080503 0.27122927084565152 0.53605545405298471 4.7671808423474422
leaf_count=18 37 16 10 11 38 18 29 19 52 2 7 7 20107 20 19600 183 31 9 13 13 24 608 24 59 16 20 20 20 43 382
internal_value=-2.66467e-06 0.029753 -0.0299263 0.00344765 0.0300051 -0.0300186 -0.00274748 0.00144417 -0.0176076 0.0301734 0.0231349 0.0264133 -0.0301856 -0.0251946 0.0303539 0.0305381 0.0312393 -0.030374 0.0303793 0.0304371 0.0304718 -0.0303776 0.0304045 0.0304505 -0.0303728 0.0303899 0.0304212 0.0303843 0.0304038 0.0303784
internal_weight=512.263 256.852 255.411 2.43731 254.415 255.03 1.55158 1.4908 0.90006 252.924 6.32428 6.01908 253.478 9.22243 246.6 5.3731 1.03933 244.256 246.093 5.00986 0.590736 7.65182 4.72816 1.13852 243.926 3.58964 0.537773 3.05187 0.807285 245.754
internal_count=41456 20602 20854 58 20544 20844 66 113 71 20431 398 396 20778 646 20033 389 42 20132 19995 382 42 628 369 83 20123 286 40 246 63 19982
is_linear=0
shrinkage=0.03


Tree=124
num_leaves=31
num_cat=0
split_feature=45 48 14 27 42 8 24 11 39 32 8 24 15 24 16 17 28 51 23 7 8 6 24 14 6 16 6 4 18 36
split_gain=491.491 3.21441 1.89359 1.57088 1.52011 1.2696 0.907933 0.36273 1.45628 2.62106 0.271204 1.33311 0.00156518 0.000874733 0.000268367 0.000148383 1.95429e-05 1.60038e-05 4.4621e-06 1.10623e-06 9.28199e-07 5.47298e-07 3.5765e-07 3.55245e-07 1.14647e-06 3.07006e-07 6.5941e-07 2.60469e-07 2.01579e-07 1.02051e-07
threshold=389.50000000000006 25.500000000000004 947.50000000000011 1092.5000000000002 0.090909091500000011 242.10410160000004 0.056490032000000003 3145.5000000000005 0.063821647500000009 3.5000000000000004 250.72016100000005 0.055844639500000008 104.50000000000001 0.054070662500000012 1027.5000000000002 142.50000000000003 118.50000000000001 121.50000000000001 0.035159978000000008 5304.0000000000009 212.50609755000002 39.564578715000003 0.043277414000000007 858.50000000000011 39.675337840000005 654.50000000000011 39.387429640000008 229.15909090000005 87.500000000000014 4.5000000000000009
decision_type=2 2 2 2 2 2 2 2 2 2 2 2 2 2 2 2 2 2 2 2 2 2 2 2 2 2 2 2 2 2
left_child=1 2 7 5 -4 6 -2 15 12 -10 11 -7 -9 -11 16 22 27 -14 -13 -3 -19 -22 -1 29 25 26 -25 -12 -21 -24
right_child=3 19 4 -5 -6 10 -8 8 9 13 14 18 17 -15 -16 -17 -18 20 -20 28 21 -23 23 24 -26 -27 -28 -29 -30 -31
leaf_value=0.030396025603258048 0.016370373301791655 -0.030451401864089695 0.031558142522006921 0.031827544899297143 -0.01685019788739613 5.4487044373752335e-05 -0.030782746549315714 0.031894439493406951 -0.054177450041582267 0.030419996006332262 -0.030390633921731084 -0.030485577561538475 0.030596390012397952 0.032499453096863529 -0.031361370144523122 0.03089044974009909 -0.030640602564452502 0.030367911137686398 -0.030361759624290649 -0.030357947626528065 0.030423452555545596 0.030376142955566583 0.030386553940620037 0.03041920859448876 0.030430222003145498 0.03036752505424235 0.03036342397711159 -0.030361512768921357 -0.030394201616446435 0.030366911529747163
leaf_weight=0.3851688439026465 0.90799638256430515 0.2410714402794828 1.0037546716630452 0.37040180899202724 1.3954764530062673 1.5706078298389892 0.61741736810654402 0.73741111159324546 0.56009912304580189 0.46659085992723703 0.27675080019980569 0.27189985755830992 0.32227514497935761 0.29855707753449678 0.24199119210243125 0.48864522017538448 0.22608071751892467 2.8926120167598133 7.1564927799627185 0.30293024145066738 0.50573684275150288 0.3896172009408474 0.23829276859760185 0.34547922294586797 0.31879294756799925 3.5380560168996453 0.42569770850241184 236.37819633539766 0.25357102230191231 234.32461195066571
leaf_count=30 37 17 38 10 20 18 29 14 6 35 22 20 20 11 6 21 12 242 608 26 38 32 19 26 24 296 36 20092 20 19631
internal_value=-2.64778e-06 0.0297323 0.0299251 -0.0299074 0.00340216 -0.0299997 -0.00271504 0.0301836 0.0230031 -0.00486559 -0.0301688 -0.0250569 0.0306218 0.0312314 -0.0303628 0.0303682 -0.0303618 0.0303934 -0.0303663 -0.0303977 0.0303762 0.0304029 0.0303671 0.0303671 0.0303753 0.0303713 0.0303884 -0.0303615 -0.0303745 0.0303669
internal_weight=497.452 249.434 248.637 248.018 2.39923 247.647 1.52541 246.238 6.1729 1.32525 246.122 8.999 4.84765 0.765148 237.123 240.065 236.881 4.11024 7.42839 0.797573 3.78797 0.895354 239.576 239.191 4.62803 4.30923 0.771177 236.655 0.556501 234.563
internal_count=41456 20602 20539 20854 58 20844 66 20481 398 52 20778 646 346 46 20132 20083 20126 332 628 63 312 70 20062 20032 382 358 62 20114 46 19650
is_linear=0
shrinkage=0.03


Tree=125
num_leaves=31
num_cat=0
split_feature=45 48 17 2 26 8 24 11 19 8 24 11 32 28 42 7 11 2 51 23 20 39 19 2 7 24 8 18 2 20
split_gain=476.671 3.11753 1.87101 1.54707 1.5234 1.24993 0.874934 0.33039 1.38113 0.27764 1.32505 0.000630816 0.000425053 0.000244824 8.07256e-05 5.25356e-05 1.45885e-05 0.000148094 5.77601e-06 4.0794e-06 2.84717e-06 1.72071e-06 1.38021e-06 1.16907e-06 1.01e-06 3.27941e-07 2.23541e-07 1.84054e-07 1.687e-07 8.42172e-08
threshold=389.50000000000006 25.500000000000004 139.50000000000003 10.795094760000003 59.500000000000007 242.10410160000004 0.056490032000000003 3145.5000000000005 267.50000000000006 250.72016100000005 0.055844639500000008 3239.5000000000005 2.5000000000000004 124.50000000000001 0.061146010000000008 8990.5000000000018 3118.5000000000005 11.254611840000001 121.50000000000001 0.035159978000000008 134.50000000000003 0.063821647500000009 289.50000000000006 11.026967105000002 5304.0000000000009 0.043277414000000007 218.16025645000005 87.500000000000014 9.8642506145000013 21.500000000000004
decision_type=2 2 2 2 2 2 2 2 2 2 2 2 2 2 2 2 2 2 2 2 2 2 2 2 2 2 2 2 2 2
left_child=1 2 7 14 5 6 -2 16 -9 10 -7 15 -13 20 -4 -10 25 23 -17 -12 28 26 -23 -18 -3 -1 -20 -26 -11 -27
right_child=4 24 3 -5 -6 9 -8 8 11 13 19 12 -14 -15 -16 18 17 -19 21 -21 -22 22 -24 -25 27 29 -28 -29 -30 -31
leaf_value=0.030384169272693752 0.01601330224574295 -0.030437873286487289 0.030551587938105119 -0.017604361890898718 0.031771081219922725 5.2852893931292801e-05 -0.030759212226827655 -0.0039129362340706488 0.030786284735374311 -0.030370337343229522 -0.030471090552685983 0.030713364768770804 0.031979256288467893 -0.031192878505590875 0.031075873036941329 0.030514729684650251 0.030355472452637432 0.03112274143427864 0.030356128617457019 -0.030350940018153524 -0.030458893585321081 0.030466539502354305 0.030370233550225771 0.030422199586202212 -0.030347244667905483 0.030365933882552182 0.030384718212631584 -0.030382403983576448 -0.030350707612861866 0.030356018184025033
leaf_weight=0.37392903678119083 0.90051124151795992 0.23404911160468955 0.52455753553658657 1.3549421261996029 0.3600839925929894 1.5706049390137176 0.59962145052850246 1.3183190170675505 0.3063202155753969 0.39470875076949496 0.26398756075650442 0.55435680039226998 0.4192735692486167 0.31118896789848705 0.53275872394442558 0.25801658816635642 2.6963226357474923 0.24928802624344815 2.7005999200046071 6.9474247377365828 0.21928045898675819 0.26104564033448685 0.27504459209740162 0.25900860596448172 0.29407941456884146 0.77350931242108245 0.2708244016394018 0.24617097992449999 229.27082519326359 228.30463902372867
leaf_count=30 37 17 33 20 10 18 29 21 19 33 20 39 11 9 20 17 233 16 233 608 16 18 23 20 26 65 22 20 20074 19699
internal_value=-2.60565e-06 0.0297145 0.0299072 0.00361865 -0.0298886 -0.0299809 -0.00268225 0.0301725 0.0234285 -0.0301523 -0.024917 0.0305725 0.0312585 -0.030352 0.0308158 0.0304085 0.030357 0.0304206 0.0303777 -0.0303553 -0.0303508 0.0303677 0.0304171 0.0303613 -0.0303858 0.0303561 0.0303587 -0.0303633 -0.0303507 0.0303561
internal_weight=483.045 242.207 241.433 2.41226 240.838 240.478 1.50013 239.02 6.3638 238.978 8.78202 5.04548 0.97363 230.196 1.05732 4.07185 232.657 3.20462 3.76553 7.21141 229.885 3.50751 0.53609 2.95533 0.7743 229.452 2.97142 0.54025 229.666 229.078
internal_count=41456 20602 20539 73 20854 20844 66 20466 403 20778 646 382 50 20132 53 332 20063 269 313 628 20123 296 41 253 63 19794 255 46 20107 19764
is_linear=0
shrinkage=0.03


Tree=126
num_leaves=31
num_cat=0
split_feature=45 48 14 26 52 8 52 11 39 34 8 52 15 23 8 28 17 5 23 20 8 19 7 24 14 6 24 16 6 43
split_gain=462.282 3.02337 1.84651 1.47736 1.47269 1.23098 1.55273 0.369014 1.44 2.4532 0.284198 2.2272 0.00144185 0.00121257 0.000729511 0.000223396 0.000135302 7.13222e-06 3.72938e-06 2.60088e-06 9.93768e-07 1.73172e-06 9.22272e-07 2.98085e-07 2.95831e-07 9.5731e-07 2.58002e-07 2.54863e-07 5.5223e-07 2.34806e-07
threshold=389.50000000000006 25.500000000000004 947.50000000000011 59.500000000000007 86.500000000000014 242.10410160000004 87.500000000000014 3145.5000000000005 0.063821647500000009 7.5000000000000009 250.72016100000005 87.500000000000014 104.50000000000001 0.033613805500000003 213.73798625000003 124.50000000000001 142.50000000000003 1807.5000000000002 0.035159978000000008 134.50000000000003 210.41661940000003 275.50000000000006 5304.0000000000009 0.043277414000000007 858.50000000000011 39.675337840000005 0.055007508000000004 654.50000000000011 39.387429640000008 0.14845237750000004
decision_type=2 2 2 2 2 2 2 2 2 2 2 2 2 2 2 2 2 2 2 2 2 2 2 2 2 2 2 2 2 2
left_child=1 2 7 5 -4 6 -2 16 12 -10 11 13 -9 -7 -11 19 23 20 -15 -12 26 -22 -3 -1 -25 27 -14 28 -26 -28
right_child=3 22 4 -5 -6 10 -8 8 9 14 15 -13 17 18 -16 -17 -18 -19 -20 -21 21 -23 -24 24 25 -27 29 -29 -30 -31
leaf_value=0.030372672881712134 -0.030916056162996211 -0.030424758974522077 0.031479387177969734 0.031716431096381774 -0.016942840966630287 -0.031828878874382072 0.030852111667344348 0.031836552023172329 -0.052222885704526156 0.030379731631636219 -0.030340256012352532 0.016435311362738243 0.030344591407084967 -0.030457039375178279 0.032302377674679014 -0.03115638415316014 0.030858553576549444 0.03053058202194987 -0.03034044894914165 -0.030445163632866833 0.030425905987337118 0.030352559488841944 -0.030352401875148479 0.030345313273024747 0.03039450215470213 0.030404873279637451 0.030348416570786185 0.030345871441817336 0.030341914048530646 0.03038884464303282
leaf_weight=0.36301304772496124 0.80037896987050661 0.22722834721207519 0.97066730447113436 0.35003492143005033 1.3535176366567612 0.53316577896475603 0.67532659042626619 0.7156236544251432 0.5637962222099302 0.41468680556863546 222.95374651625752 1.0374363660812376 1.9307132456451666 0.25630195718258608 0.31068017333745956 0.30234034731984039 0.46358475927263398 0.23651643376797427 6.7443934166803956 0.21289425995200773 0.49553473107516743 0.69748847372829914 0.52446839865297079 221.05799437500536 0.32562846690416236 0.30047921277582634 0.26093134377151717 3.3343569589778781 0.40106816962361336 0.25629497691988945
leaf_count=30 35 17 35 10 23 10 31 14 6 34 20107 8 172 20 12 9 21 17 608 16 38 61 46 19650 26 24 23 296 36 21
internal_value=-2.5938e-06 0.0296947 0.0298873 -0.0298698 0.00328011 -0.0299621 -0.00264911 0.0301537 0.0227355 -0.00528194 -0.0301358 -0.024775 0.0305993 -0.0304498 0.0312032 -0.0303415 0.0303466 0.0303709 -0.0303447 -0.0303404 0.0303606 0.030383 -0.0303743 0.0303455 0.0303455 0.0303532 0.0303496 0.0303494 0.0303655 0.0303684
internal_weight=469.07 235.204 234.453 233.866 2.32418 233.516 1.47571 232.128 5.88227 1.28916 232.04 8.5713 4.5931 7.53386 0.725367 223.469 226.246 3.87748 7.0007 223.167 3.64096 1.19302 0.751697 225.783 225.42 4.36153 2.44794 4.06105 0.726697 0.517226
internal_count=41456 20602 20539 20854 58 20844 66 20481 398 52 20778 646 346 638 46 20132 20083 332 628 20123 315 99 63 20062 20032 382 216 358 62 44
is_linear=0
shrinkage=0.03


Tree=127
num_leaves=31
num_cat=0
split_feature=49 48 14 42 39 26 8 8 52 11 8 20 43 15 23 2 41 11 16 17 2 8 7 27 7 15 23 51 41 16
split_gain=446.015 5.39202 1.89747 2.06308 3.2122 1.43499 0.754292 0.344757 3.37677 0.213772 2.10523 0.147719 0.0358713 0.00205365 0.00111064 0.000537924 0.000619105 0.000379172 0.000203869 0.000113145 4.35448e-05 2.98728e-05 2.58221e-05 1.33863e-05 6.85461e-06 4.79859e-06 3.40931e-06 3.2997e-06 1.60645e-06 9.57533e-07
threshold=116.50000000000001 24.500000000000004 885.50000000000011 0.084359350500000013 0.065031148500000011 59.500000000000007 242.10410160000004 250.72016100000005 87.500000000000014 3145.5000000000005 225.88549335000002 66.500000000000014 0.14495691350000003 102.50000000000001 0.033613805500000003 10.854607705000001 0.11904338500000002 3239.5000000000005 1027.5000000000002 142.50000000000003 11.435963015 215.19136880000002 8990.5000000000018 85.500000000000014 6295.5000000000009 143.50000000000003 0.035159978000000008 121.50000000000001 0.11627255750000001 684.50000000000011
decision_type=2 2 2 2 2 2 2 2 2 2 2 2 2 2 2 2 2 2 2 2 2 2 2 2 2 2 2 2 2 2
left_child=1 2 9 15 -5 6 11 8 14 19 13 -2 -3 -11 -8 21 20 -6 23 -1 -17 25 -15 -9 -14 -4 -16 -24 -29 -30
right_child=5 12 3 4 17 -7 7 18 -10 10 -12 -13 24 22 26 16 -18 -19 -20 -21 -22 -23 27 -25 -26 -27 -28 28 29 -31
leaf_value=0.030335268670379886 0.0084982953921207485 -0.041832149515999041 0.030348140676723798 -0.039715095963221085 0.030349701990396973 0.031663534979649341 -0.031819937955077468 -0.030330081883811342 0.034636013791293732 0.032557347331357067 -0.040296951355724725 -0.015307030195975542 -0.030357762535644268 0.030660903747206938 -0.030443410607864731 0.030681595014990223 0.032259653252564351 0.0315019250171511 -0.031239777724822365 0.030862636047446403 0.03113822175707261 0.03076070439769522 0.030468128118051482 -0.030560088035582886 -0.030550507963751521 0.030512282539506566 -0.030330275557392046 0.030337510378962467 0.030432825528031331 0.030360787357407659
leaf_weight=218.93391230143607 0.47913309093564649 0.34667355008423217 0.61239971406757765 1.3272507395595314 0.52789678331464507 0.34024873469024797 0.4853048510849457 216.31434693653136 0.79627187550067891 0.44547207280993406 0.4189913161098956 0.45967523753643036 0.63911300990730524 0.28070300631225142 0.24883675947785366 0.44829121883958556 0.46398976165801287 0.50097934901714325 0.22206416353583236 0.36675545014440913 0.32365526258945465 0.25803463160991669 0.23378930613398585 0.22797178477048774 0.22434815019369125 0.21712628845125437 6.5472288066521287 2.0632707858458166 0.28285189066082228 0.40218491572886705
leaf_count=20035 20 11 55 16 47 10 9 20096 7 7 6 21 56 19 20 35 9 14 6 17 11 15 17 14 16 15 608 188 21 35
internal_value=-2.55279e-06 0.0294778 0.0298129 0.0109067 -0.00887413 -0.0298997 -0.0299924 -0.0301045 -0.0240191 0.0302088 0.0234446 -0.00315767 -0.0336806 0.0306467 -0.0304334 0.0309654 0.0313936 0.0309107 -0.0303313 0.0303362 0.030873 0.0304788 0.0303858 -0.0303303 -0.0304078 0.0303911 -0.0303344 0.0303599 0.0303507 0.0303905
internal_weight=455.439 229.318 228.108 4.67962 2.35613 226.121 225.781 224.842 8.07764 223.428 4.12726 0.938808 1.21013 3.70827 7.28137 2.3235 1.23594 1.02888 216.764 219.301 0.771946 1.08756 3.2628 216.542 0.863461 0.829526 6.79607 2.9821 2.74831 0.685037
internal_count=41456 20645 20562 217 77 20811 20801 20760 644 20345 293 41 83 287 637 140 55 61 20116 20052 46 85 280 20110 72 70 628 261 244 56
is_linear=0
shrinkage=0.03


Tree=128
num_leaves=31
num_cat=0
split_feature=45 48 17 7 26 8 52 11 15 8 52 14 23 42 28 14 13 23 20 8 14 23 6 7 42 14 6 23 4 5
split_gain=434.939 2.84275 1.76143 1.43489 1.38991 1.1837 1.48366 0.338219 1.32617 0.276803 2.10271 0.00126014 0.00100763 0.00018724 0.000186008 7.78605e-05 6.53728e-05 3.11682e-06 2.16869e-06 1.56035e-06 1.09393e-06 1.28873e-06 2.21112e-06 7.77298e-07 3.6933e-07 2.87578e-07 7.73962e-07 2.23546e-07 1.81345e-07 1.46508e-07
threshold=389.50000000000006 25.500000000000004 139.50000000000003 10124.000000000002 59.500000000000007 242.10410160000004 87.500000000000014 3145.5000000000005 104.50000000000001 250.72016100000005 87.500000000000014 972.50000000000011 0.033613805500000003 0.061146010000000008 124.50000000000001 888.50000000000011 805.50000000000011 0.035159978000000008 134.50000000000003 210.11766335000002 833.50000000000011 0.029228966500000005 39.564578715000003 5304.0000000000009 0.067863740500000019 858.50000000000011 39.675337840000005 0.024023346000000004 229.15909090000005 1615.5000000000002
decision_type=2 2 2 2 2 2 2 2 2 2 2 2 2 2 2 2 2 2 2 2 2 2 2 2 2 2 2 2 2 2
left_child=1 2 7 -4 5 6 -2 15 -9 10 12 16 -7 -5 18 25 19 -14 28 24 -21 -22 -23 -3 -10 27 29 -1 -11 -27
right_child=4 23 3 13 -6 9 -8 8 11 14 -12 -13 17 -15 -16 -17 -18 -19 -20 20 21 22 -24 -25 -26 26 -28 -29 -30 -31
leaf_value=0.030339799514894704 -0.030862941313635775 -0.030399730380734461 -0.017307814251474627 0.030512828835235466 0.031612330770321537 -0.031716261266311926 0.030826648802959992 -0.004017688967113367 0.030328216440892484 -0.030345975818475104 0.015917011231276593 0.032308876469087117 -0.030430192994734866 0.031344482000024973 -0.031086751309404984 0.030763236766945198 0.030854365871540855 -0.030320408228381397 -0.030418898071997935 0.030329834343102897 0.03034316402806855 0.030466262071282762 0.030351263591440782 -0.030331299060098262 0.030358694684100483 0.030348288405795006 0.030381051081223669 0.030324958749454178 -0.030320194029754634 0.030327522557807941
leaf_weight=0.91750840749591489 0.76495355181395897 0.2141805961728086 1.2853594198822968 0.47080579679459322 0.33071961440145869 0.5038881078362446 0.64819252770394087 1.277035005390643 2.3037476455792789 0.24582731164991756 1.0061226934194563 0.32601043209433545 0.24158582743257273 0.50496579427272081 0.28537452965974708 0.36579083930700917 0.24113306868821371 6.355765582062304 0.20065482798963685 0.38538957946002461 0.3427838021889329 0.34317856002599001 0.2679829578846693 0.49383987672626972 0.42363098263740528 0.33812282234430302 0.28321528341621149 207.74661469832063 209.85987128503621 3.1963207768276334
leaf_count=83 35 17 25 32 10 10 31 17 216 22 8 5 20 16 9 29 13 608 16 36 31 24 24 46 37 30 24 19597 20085 300
internal_value=-2.53245e-06 0.0296648 0.0298571 0.0035145 -0.0298428 -0.0299351 -0.00256669 0.0301294 0.0230508 -0.0301119 -0.0246724 0.0305105 -0.0304232 0.0309432 -0.0303214 0.0303259 0.0303744 -0.0303244 -0.0303203 0.030346 0.0303725 0.0303897 0.0304158 -0.030352 0.030333 0.0303252 0.0303333 0.030325 -0.0303202 0.0303295
internal_weight=442.171 221.728 221.02 2.26113 220.443 220.112 1.41315 218.758 5.91089 218.699 8.10736 4.63386 7.10124 0.975772 210.592 212.848 4.30785 6.59735 210.306 4.06671 1.33933 0.953945 0.611162 0.70802 2.72738 212.482 3.81766 208.664 210.106 3.53444
internal_count=41456 20602 20539 73 20854 20844 66 20466 403 20778 646 386 638 48 20132 20063 381 628 20123 368 115 79 48 63 253 20034 354 19680 20107 330
is_linear=0
shrinkage=0.03


Tree=129
num_leaves=31
num_cat=0
split_feature=45 48 14 12 27 8 52 11 39 32 8 52 15 23 23 14 28 28 29 51 7 23 20 8 7 2 14 6 16 6
split_gain=421.856 2.75693 1.74727 1.36089 1.34818 1.14877 1.4386 0.376442 1.40778 2.2215 0.275803 2.04771 0.0012256 0.000918669 0.000654397 0.000308461 0.000169752 3.33702e-05 9.56731e-05 1.02209e-05 6.93721e-06 2.84928e-06 1.98109e-06 7.45916e-07 7.0978e-07 4.44795e-07 2.27341e-07 7.62865e-07 2.02031e-07 4.36553e-07
threshold=389.50000000000006 25.500000000000004 947.50000000000011 50.500000000000007 1092.5000000000002 242.10410160000004 87.500000000000014 3145.5000000000005 0.063821647500000009 3.5000000000000004 250.72016100000005 87.500000000000014 104.50000000000001 0.033613805500000003 0.028696631000000004 1005.5000000000001 124.50000000000001 561.00000000000011 13.062500000000002 121.50000000000001 9292.5000000000018 0.035159978000000008 134.50000000000003 212.50609755000002 5304.0000000000009 10.795094760000003 858.50000000000011 39.675337840000005 654.50000000000011 39.387429640000008
decision_type=2 2 2 2 2 2 2 2 2 2 2 2 2 2 2 2 2 2 2 2 2 2 2 2 2 2 2 2 2 2
left_child=1 2 7 -4 5 6 -2 17 12 -10 11 13 -9 -7 -11 -5 22 26 -19 -14 -20 -15 -12 -21 -3 -25 -1 28 29 -28
right_child=4 24 3 15 -6 10 -8 8 9 14 16 -13 19 21 -16 -17 -18 18 20 23 -22 -23 -24 25 -26 -27 27 -29 -30 -31
leaf_value=0.030315396277164779 -0.030837032260596326 -0.030387770374497677 -0.017035407825745964 0.031670449165196631 0.031562764545143826 -0.031662741045785404 0.03080179567760552 0.031730466274018446 -0.049672560455121167 0.030347364425716609 -0.030310662107334116 0.015566641712436916 0.030513461178243724 -0.030417371277256418 0.03225018886595752 0.030563756118459275 -0.031053605105742923 0.031008735603463084 0.030316807849192891 0.0303162138864605 0.030515308594102866 -0.030310839495062424 -0.030406377630368762 0.030375508387021157 -0.030321402576796608 0.03032978018258535 0.030361017584027039 0.030371854031124291 0.030315832449708816 0.03031216907499832
leaf_weight=201.65055708121508 0.7429600516334165 0.20793117582797904 1.2653097882866853 0.43472488597035397 0.32144178356975217 0.48981005698442359 0.6295354412868619 0.67868204973637958 0.56474337168037869 0.38880015537142754 203.95948766358197 0.99802943319082249 0.27872079424560103 0.23454322293400753 0.2796653350815177 0.47360849380493164 0.27723158895969291 0.23934658709913392 0.96135357581078984 2.4940778259187941 0.18972524534910917 6.1698421007022262 0.19480355363339086 0.34149625711143006 0.47939876932650805 0.43567953631281853 0.29871113877743471 0.26472761947661627 3.0198802435770631 0.36689602863043547
leaf_count=19589 35 17 16 11 10 10 31 14 6 35 20107 8 20 20 11 31 9 10 93 242 13 608 16 29 46 41 26 23 293 36
internal_value=-2.52071e-06 0.0296455 0.0298376 0.00307692 -0.0298301 -0.0299225 -0.00256457 0.0301114 0.0223374 -0.00586594 -0.0300993 -0.0245964 0.0305624 -0.0304105 0.0311434 0.0310934 -0.0303118 0.0303165 0.030463 0.0303391 0.0303495 -0.0303147 -0.0303108 0.0303242 -0.0303415 0.0303499 0.0303155 0.0303227 0.0303191 0.0303341
internal_weight=429.332 215.314 214.627 2.17364 214.018 213.696 1.3725 212.453 5.46187 1.23321 212.324 7.89222 4.22866 6.8942 0.668465 0.908333 204.432 206.991 1.39043 3.54997 1.15108 6.40439 204.154 3.27125 0.68733 0.777176 205.601 3.95022 3.68549 0.665607
internal_count=41456 20602 20539 58 20854 20844 66 20481 398 52 20778 646 346 638 46 42 20132 20083 116 332 106 628 20123 312 63 70 19967 378 355 62
is_linear=0
shrinkage=0.03


Tree=130
num_leaves=31
num_cat=0
split_feature=45 36 14 52 26 8 52 45 11 39 34 8 52 15 23 24 28 17 51 23 20 8 7 2 14 6 4 24 18 17
split_gain=409.189 1.81623 1.72324 1.32967 1.30772 1.11485 1.39495 0.857809 0.374781 1.37497 2.10059 0.274893 1.99457 0.00111773 0.000837626 0.000629329 0.000154924 0.000113241 9.34298e-06 2.6048e-06 1.80989e-06 6.81288e-07 6.48155e-07 4.06222e-07 2.08874e-07 6.65723e-07 1.51343e-07 1.45313e-07 1.30647e-07 1.3871e-07
threshold=389.50000000000006 4.5000000000000009 947.50000000000011 86.500000000000014 59.500000000000007 242.10410160000004 87.500000000000014 387.50000000000006 3145.5000000000005 0.063821647500000009 7.5000000000000009 250.72016100000005 87.500000000000014 104.50000000000001 0.033613805500000003 0.054070662500000012 124.50000000000001 142.50000000000003 121.50000000000001 0.035159978000000008 134.50000000000003 212.50609755000002 5304.0000000000009 10.795094760000003 858.50000000000011 39.675337840000005 229.15909090000005 0.044495522000000003 180.50000000000003 125.50000000000001
decision_type=2 2 2 2 2 2 2 2 2 2 2 2 2 2 2 2 2 2 2 2 2 2 2 2 2 2 2 2 2 2
left_child=1 7 8 -4 5 6 -2 -1 17 13 -11 12 14 -10 -7 -12 20 24 -15 -16 26 -20 -9 -23 27 28 -13 -3 -26 -30
right_child=4 2 3 -5 -6 11 -8 22 9 10 15 16 -14 18 19 -17 -18 -19 21 -21 -22 23 -24 -25 25 -27 -28 -29 29 -31
leaf_value=0.030323884723478901 -0.030811914202132511 0.030320074517429525 0.031359306730684489 -0.016709925702836099 0.031514777812316083 -0.031610974616863872 0.030777701837677213 -0.030376173218182003 0.031676804588206042 -0.047864877431992213 0.030349531008678175 -0.030325619380945076 0.015221584189482993 0.030498159347718851 -0.030404935978214476 0.032256552972131564 -0.031021498105677524 0.030795214063062699 0.030306771898255192 -0.030301558453249236 -0.030394236845672662 0.030364284666548873 -0.030311804918999503 0.030319931422675958 0.030323854600431358 0.030358625175846199 -0.030301357655872923 0.030305826768464321 0.030326213117973264 0.030305135432274366
leaf_weight=0.30611797049641509 0.72158117871731409 0.64638015907257695 0.87898882851004523 1.2607427667826414 0.31240956485271354 0.47610064223408599 0.61140089202672243 0.20186175405979156 0.65972285717725654 0.56843111105263211 0.39016723819077015 0.23167023435234924 0.99015496671199787 0.27061701472848687 0.22770311031490553 0.25921323802322149 0.26931240223348041 0.42676743865013023 2.4211093755438928 5.9893018053844571 0.18912061303853889 0.33152416814118613 0.46537547465413809 0.42293853126466274 0.49418379645794619 0.26691612694412459 197.75958571676165 195.68207085877657 0.3123376136645678 2.8006009347736835
leaf_count=29 35 62 35 23 10 10 31 17 14 6 35 22 8 20 20 11 9 21 242 608 16 29 46 41 47 24 20085 19589 30 281
internal_value=-2.48059e-06 0.0296291 0.0298203 0.00303662 -0.0298177 -0.02991 -0.00256251 -0.0112554 0.0300986 0.0222423 -0.00575226 -0.0300869 -0.0245191 0.0305455 -0.0303982 0.0311108 -0.0303025 0.0303071 0.0303289 -0.0303053 -0.0303015 0.0303145 -0.0303313 0.0303394 0.030306 0.0303129 -0.0303014 0.0303059 0.0303095 0.0303073
internal_weight=416.844 209.066 208.093 2.13973 207.778 207.466 1.33298 0.973355 205.953 5.32372 1.21781 206.133 7.68326 4.10591 6.69311 0.64938 198.45 200.629 3.44619 6.217 198.18 3.17557 0.667237 0.754463 200.202 3.87404 197.991 196.328 3.60712 3.11294
internal_count=41456 20602 20510 58 20854 20844 66 92 20452 398 52 20778 646 346 638 46 20132 20054 332 628 20123 312 63 70 20033 382 20107 19651 358 311
is_linear=0
shrinkage=0.03


Tree=131
num_leaves=31
num_cat=0
split_feature=49 48 14 42 39 27 8 24 8 52 11 8 43 15 23 2 41 11 28 17 2 5 6 7 13 39 23 20 39 6
split_gain=394.642 4.93926 1.81751 1.92207 2.87766 1.27018 0.690513 0.632045 0.339262 3.12063 0.204109 1.89139 0.0371646 0.00158832 0.000767428 0.000435856 0.000488581 0.000281105 0.000141395 9.53268e-05 3.06269e-05 2.99762e-05 2.07715e-05 4.74626e-06 3.82645e-06 3.08704e-06 2.38118e-06 1.65337e-06 6.88574e-07 6.67091e-07
threshold=116.50000000000001 24.500000000000004 885.50000000000011 0.084359350500000013 0.065031148500000011 1092.5000000000002 242.10410160000004 0.057645917500000012 250.72016100000005 87.500000000000014 3145.5000000000005 225.88549335000002 0.14495691350000003 102.50000000000001 0.033613805500000003 10.854607705000001 0.11904338500000002 3239.5000000000005 124.50000000000001 142.50000000000003 11.435963015 1659.5000000000002 40.33323170500001 6295.5000000000009 920.50000000000011 0.063821647500000009 0.035159978000000008 134.50000000000003 0.022685724000000001 39.415650410000005
decision_type=2 2 2 2 2 2 2 2 2 2 2 2 2 2 2 2 2 2 2 2 2 2 2 2 2 2 2 2 2 2
left_child=1 2 10 15 -5 6 7 -2 9 14 19 13 -3 -12 -8 22 20 -6 27 -1 -17 -15 24 -14 -4 28 -16 -10 -23 -30
right_child=5 12 3 4 17 -7 8 -9 18 -11 11 -13 23 21 26 16 -18 -19 -20 -21 -22 25 -24 -25 -26 -27 -28 -29 29 -31
leaf_value=0.030296975308664448 0.021113634615107957 -0.042362639998547134 0.03031451471008699 -0.038932292820954138 0.030314669691978484 0.031468315211406993 -0.031603186096993793 -0.030552397298459551 -0.030292391966881098 0.034275207234932409 0.032337183192184857 -0.038741057291770485 -0.030316881213060625 0.030697763165381718 -0.030392873263255429 0.030632885365134827 0.032089092971659433 0.031361204015956504 -0.030990398593928985 0.03080051939221223 0.031036160598812035 0.030300776967337999 0.030692661008640505 -0.030487045509914556 0.030465549339782131 0.030411570822367007 -0.030292558302484104 -0.030382461162490538 0.030373000980394877 0.030303664650578307
leaf_weight=194.41839917097241 0.45561844669282336 0.33307309728115686 0.5553502226248378 1.2544433763250711 0.4713814491406082 0.30361734423786302 0.43338983878493209 0.40034420136362314 192.04400538001209 0.74963323771953572 0.41184255480766285 0.396352233365178 0.56758238933980465 0.20352318417280946 0.22105984576046456 0.40134453400969483 0.43084350973367691 0.45296856667846441 0.26161132752895255 0.33895270712673564 0.29338766261935234 1.9084730893373496 0.20977299846708775 0.19933096971362829 0.20732938311994076 0.29655127879232157 5.8139921557158232 0.18360131327062745 0.26471868250519026 0.23641485068947077
leaf_count=20035 16 11 55 16 47 10 9 25 20091 7 7 6 56 13 20 35 9 14 9 17 11 195 14 16 16 25 608 16 23 24
internal_value=-2.44113e-06 0.029404 0.029748 0.0103985 -0.00933679 -0.0298459 -0.0299387 -0.0030512 -0.030054 -0.0236686 0.0301649 0.0232019 -0.0339951 0.0305935 -0.0303838 0.0308935 0.0312954 0.0308275 -0.0302934 0.0302979 0.0308032 0.0303466 0.0304283 -0.0303611 0.0303556 0.0303202 -0.0302962 -0.0302925 0.030309 0.0303403
internal_weight=404.719 203.852 202.752 4.27682 2.17879 200.867 200.563 0.855963 199.707 7.21808 198.475 3.71788 1.09999 3.32152 6.46844 2.09803 1.12558 0.92435 192.489 194.757 0.694732 2.90968 0.972453 0.766913 0.76268 2.70616 6.03505 192.228 2.40961 0.501134
internal_count=41456 20645 20562 217 77 20811 20801 41 20760 644 20345 293 83 287 637 140 55 61 20116 20052 46 280 85 72 71 267 628 20107 242 47
is_linear=0
shrinkage=0.03


end of trees

feature_importances:
handles.avg_handles_per_proc=357
handles.nthread=284
ldrmodules.not_in_load_avg=193
pslist.avg_threads=179
handles.ntimer=177
pslist.avg_handlers=162
ldrmodules.not_in_init_avg=158
handles.nevent=147
malfind.protection=138
callbacks.ncallbacks=126
svcscan.nservices=125
handles.nmutant=123
svcscan.process_services=117
ldrmodules.not_in_load=116
handles.nhandles=111
malfind.ninjections=107
handles.nsection=104
handles.ndirectory=99
handles.nkey=93
dlllist.avg_dlls_per_proc=86
svcscan.nactive=86
dlllist.ndlls=83
malfind.commitCharge=78
handles.nsemaphore=72
psxview.not_in_deskthrd=64
svcscan.kernel_drivers=53
handles.ndesktop=49
psxview.not_in_pslist_false_avg=47
psxview.not_in_ethread_pool_false_avg=45
ldrmodules.not_in_mem_avg=41
pslist.nproc=38
handles.nfile=38
psxview.not_in_session_false_avg=38
svcscan.shared_process_services=32
psxview.not_in_deskthrd_false_avg=30
ldrmodules.not_in_init=29
pslist.nppid=24
ldrmodules.not_in_mem=20
malfind.uniqueInjections=16
psxview.not_in_csrss_handles_false_avg=13
psxview.not_in_pslist=10
psxview.not_in_ethread_pool=10
psxview.not_in_pspcid_list_false_avg=9
psxview.not_in_csrss_handles=7
psxview.not_in_pspcid_list=1

parameters:
[boosting: gbdt]
[objective: binary]
[metric: auc,binary_logloss]
[tree_learner: serial]
[device_type: cpu]
[data_sample_strategy: bagging]
[data: ]
[valid: ]
[num_iterations: 2000]
[learning_rate: 0.03]
[num_leaves: 31]
[num_threads: 4]
[seed: 42]
[deterministic: 0]
[force_col_wise: 0]
[force_row_wise: 0]
[histogram_pool_size: -1]
[max_depth: -1]
[min_data_in_leaf: 20]
[min_sum_hessian_in_leaf: 0.001]
[bagging_fraction: 0.8]
[pos_bagging_fraction: 1]
[neg_bagging_fraction: 1]
[bagging_freq: 0]
[bagging_seed: 400]
[bagging_by_query: 0]
[feature_fraction: 0.8]
[feature_fraction_bynode: 1]
[feature_fraction_seed: 30056]
[extra_trees: 0]
[extra_seed: 12879]
[early_stopping_round: 0]
[early_stopping_min_delta: 0]
[first_metric_only: 0]
[max_delta_step: 0]
[lambda_l1: 0]
[lambda_l2: 0]
[linear_lambda: 0]
[min_gain_to_split: 0]
[drop_rate: 0.1]
[max_drop: 50]
[skip_drop: 0.5]
[xgboost_dart_mode: 0]
[uniform_drop: 0]
[drop_seed: 17869]
[top_rate: 0.2]
[other_rate: 0.1]
[min_data_per_group: 100]
[max_cat_threshold: 32]
[cat_l2: 10]
[cat_smooth: 10]
[max_cat_to_onehot: 4]
[top_k: 20]
[monotone_constraints: ]
[monotone_constraints_method: basic]
[monotone_penalty: 0]
[feature_contri: ]
[forcedsplits_filename: ]
[refit_decay_rate: 0.9]
[cegb_tradeoff: 1]
[cegb_penalty_split: 0]
[cegb_penalty_feature_lazy: ]
[cegb_penalty_feature_coupled: ]
[path_smooth: 0]
[interaction_constraints: ]
[verbosity: 1]
[saved_feature_importance_type: 0]
[use_quantized_grad: 0]
[num_grad_quant_bins: 4]
[quant_train_renew_leaf: 0]
[stochastic_rounding: 1]
[linear_tree: 0]
[max_bin: 255]
[max_bin_by_feature: ]
[min_data_in_bin: 3]
[bin_construct_sample_cnt: 200000]
[data_random_seed: 175]
[is_enable_sparse: 1]
[enable_bundle: 1]
[use_missing: 1]
[zero_as_missing: 0]
[feature_pre_filter: 1]
[pre_partition: 0]
[two_round: 0]
[header: 0]
[label_column: ]
[weight_column: ]
[group_column: ]
[ignore_column: ]
[categorical_feature: ]
[forcedbins_filename: ]
[precise_float_parser: 0]
[parser_config_file: ]
[objective_seed: 16083]
[num_class: 1]
[is_unbalance: 0]
[scale_pos_weight: 1]
[sigmoid: 1]
[boost_from_average: 1]
[reg_sqrt: 0]
[alpha: 0.9]
[fair_c: 1]
[poisson_max_delta_step: 0.7]
[tweedie_variance_power: 1.5]
[lambdarank_truncation_level: 30]
[lambdarank_norm: 1]
[label_gain: ]
[lambdarank_position_bias_regularization: 0]
[eval_at: ]
[multi_error_top_k: 1]
[auc_mu_weights: ]
[num_machines: 1]
[local_listen_port: 12400]
[time_out: 120]
[machine_list_filename: ]
[machines: ]
[gpu_platform_id: -1]
[gpu_device_id: -1]
[gpu_use_dp: 0]
[num_gpu: 1]

end of parameters

pandas_categorical:[]
